source,destination,sha256,size_bytes,programme,phase,artifact_role,storage_class,reference_updates,verification_status,moved_at
"/Users/maxsartini/Neural Bridge/docs/veatic21_again_parity_arousal_event_preregistration_20260717.md","studies/veatic-2.1/again-parity/preregistration.md","82650f24bed00606f7d62fc0ca0a58ef00968f515fc4d57f021a22e42ff0df16",7277,"veatic-2.1","again-parity","preregistration","git-study","pending","discovered",""
"/Users/maxsartini/Neural Bridge/reports/veatic21_again_parity_inner_discovery_20260717.md","studies/veatic-2.1/again-parity/report.md","f225e3ee55a5585f9047e33a7fdcd12e407ecee7a3bf7deab4490a616b04cc20",7638,"veatic-2.1","again-parity","final-report","git-study","pending","discovered",""
"/Users/maxsartini/Neural Bridge/docs/veatic21_arousal_event_no_harm_rerun_plan_20260717.md","studies/veatic-2.1/initial-heads/no-harm-rerun-plan.md","d1133f1664dd806d6cfbfc68f070979959b660b8722811d25bc0bd4213444402",4250,"veatic-2.1","initial-heads","decision-record","git-study","pending","discovered",""
"/Users/maxsartini/Neural Bridge/reports/veatic21_arousal_event_first_six_recipe_inner_discovery_20260717.md","studies/veatic-2.1/initial-heads/report.md","40785abba95882494b20458de74b457dbf890a219496fb5003a1e6d1fbaee08c",9860,"veatic-2.1","initial-heads","final-report","git-study","pending","discovered",""
"/Users/maxsartini/Neural Bridge/docs/veatic21_event_optuna_stabilization_preregistration_20260717.md","studies/veatic-2.1/optuna-50/preregistration.md","de902708dd0a5797eb52b4a82487d5a81e4ad723f4c52f52eb6a552c96aa27d8",5136,"veatic-2.1","optuna-50","preregistration","git-study","pending","discovered",""
"/Users/maxsartini/Neural Bridge/reports/veatic21_event_optuna_stabilization_20260717.md","studies/veatic-2.1/optuna-50/report.md","43eb9fce6316f841573dbea59200e1f2246415a7898440265d2dd5985ecd52fa",2843,"veatic-2.1","optuna-50","final-report","git-study","pending","discovered",""
"/Volumes/onn. Drive/Neural Bridge/cache/veatic_h100_vjepa21_compact_20260716","/Volumes/onn. Drive/Neural Bridge Artifacts/features/veatic-2.1/vjepa-2.1/compact-20260716","cccc46f6559f8fadf83d0e1e140426349406a5778c5ccb039f782e4dcb808311",1102348297,"veatic-2.1","foundation","vjepa-2.1-compact-feature-cache","external-canonical","compatibility-symlink-created;artifact-manifest-created;cache-loader-validated-124-videos-20657-rows","moved-hash-verified-compat-linked","2026-07-17T20:46:21Z"
"/Volumes/onn. Drive/Neural Bridge/cache/veatic_h100_tribe_v2_mlx_compact_20260716","/Volumes/onn. Drive/Neural Bridge Artifacts/features/veatic-2.1/tribe-v2/compact-20260716","0d4adc27dd9d226de87d0cfc4df92de14cb7450de6671857e0665418ad26f6dd",866111964,"veatic-2.1","foundation","tribe-v2-compact-feature-cache","external-canonical","compatibility-symlink-created;artifact-manifest-created;cache-loader-validated-124-videos-20657-rows","moved-hash-verified-compat-linked","2026-07-17T20:46:21Z"
"/Volumes/onn. Drive/Neural Bridge/outputs/veatic21_endstate_20260717","/Volumes/onn. Drive/Neural Bridge Artifacts/runs/veatic-2.1/initial-heads/undertrained-diagnostic-20260717","000da5c72f50020cf43d1293ed4faedf7e927adf009f57e55946f429db976ffd",105553216,"veatic-2.1","initial-heads","undertraining-diagnostic-run","external-archive","compatibility-symlink-created;artifact-manifest-created","moved-hash-verified-compat-linked","2026-07-17T20:50:01Z"
"/Volumes/onn. Drive/Neural Bridge/outputs/veatic21_endstate_depth_corrected_20260717","/Volumes/onn. Drive/Neural Bridge Artifacts/runs/veatic-2.1/initial-heads/depth-corrected-20260717","6c3ee114be8712d1c8cc0dae59ee72e018b056045f624c1df937331c8859ea1c",133567464,"veatic-2.1","initial-heads","corrected-final-run","external-canonical-study","compatibility-symlink-created;artifact-manifest-created","moved-hash-verified-compat-linked","2026-07-17T20:50:01Z"
"/Volumes/onn. Drive/Neural Bridge/outputs/veatic21_endstate_noharm_port_20260717","/Volumes/onn. Drive/Neural Bridge Artifacts/runs/veatic-2.1/initial-heads/no-harm-transition-20260717","a35c7d62ed7e3b3e97d2c73d5ef96e89ce2446605fb11f2ecd913faff51b4324",151051844,"veatic-2.1","initial-heads","no-harm-transition-run","external-study","compatibility-symlink-created;artifact-manifest-created","moved-hash-verified-compat-linked","2026-07-17T20:50:01Z"
"/Volumes/onn. Drive/Neural Bridge/outputs/veatic21_again_parity_inner_discovery_20260717","/Volumes/onn. Drive/Neural Bridge Artifacts/runs/veatic-2.1/again-parity/inner-discovery-20260717","518339ff20e629be58f2ff60535fb159d8cfc9c9b137c3122232115bf7b94f5f",422338984,"veatic-2.1","again-parity","inner-discovery-run","external-canonical-study","compatibility-symlink-created;artifact-manifest-created","moved-hash-verified-compat-linked","2026-07-17T20:50:01Z"
"/Volumes/onn. Drive/Neural Bridge/outputs/veatic21_event_optuna_stabilization_20260717","/Volumes/onn. Drive/Neural Bridge Artifacts/runs/veatic-2.1/optuna-50/stabilization-20260717","713bcfc210989a892692ed91efefeeb934e6140ccb6ab19ed3a0f68aabc03983",1133623498,"veatic-2.1","optuna-50","completed-negative-study-run","external-canonical-study","compatibility-symlink-created;artifact-manifest-created","moved-hash-verified-compat-linked","2026-07-17T20:50:01Z"
"/Volumes/onn. Drive/Neural Bridge/outputs/veatic21_endstate_shared_derived_20260717","/Volumes/onn. Drive/Neural Bridge Artifacts/derived/veatic-2.1/initial-heads/shared-representations-20260717","77799019cfd7bc7e87e80768dae73f7b749f63a82a9e6689f32545d3cd603e65",1805854563,"veatic-2.1","initial-heads","shared-cortical-memmap-and-fold-safe-pca","external-canonical","compatibility-symlink-created;artifact-manifest-created","moved-hash-verified-compat-linked","2026-07-17T20:53:07Z"
"/Volumes/onn. Drive/Neural Bridge/h100_bundle_work/h100_veatic_dense_vjepa21_vitg_float16_256_2hz_overlay","/Volumes/onn. Drive/Neural Bridge Artifacts/quarantine/veatic-2.1/foundation/encoding-bundle-20260716/source","9e47356e1cc6a97443757f9e21c0c7841cfbc9788eadb079a089235ca5b267c0",5644848,"veatic-2.1","foundation","gpu-encoding-source-bundle","external-quarantine","compatibility-symlink-created;scientific-source-selection-pending;artifact-manifest-created","moved-hash-verified-compat-linked","2026-07-17T20:54:42Z"
"/Volumes/onn. Drive/Neural Bridge/h100_bundle_work/h100_veatic_dense_vjepa21_vitg_float16_256_2hz_OVERLAY.zip","/Volumes/onn. Drive/Neural Bridge Artifacts/quarantine/veatic-2.1/foundation/encoding-bundle-20260716/bundle.zip","8bc23a3aca0383bad11bc6776ebb13c92fcae67bff2ab1a7021ee6ea397f8a5f",869931,"veatic-2.1","foundation","gpu-encoding-source-archive","external-quarantine","compatibility-symlink-created;delete-after-source-verification-candidate;artifact-manifest-created","moved-hash-verified-compat-linked","2026-07-17T20:54:42Z"
"/Volumes/onn. Drive/Neural Bridge/h100_bundle_work/h100_veatic_dense_vjepa21_vitg_float16_256_2hz_OVERLAY.zip.sha256","/Volumes/onn. Drive/Neural Bridge Artifacts/quarantine/veatic-2.1/foundation/encoding-bundle-20260716/bundle.zip.sha256","f9453fa471761204e6a4bfe93beb438873e7ac639cd7d550b27a94baf8ec25b4",125,"veatic-2.1","foundation","gpu-encoding-source-archive-checksum","external-quarantine","compatibility-symlink-created;delete-with-archive-candidate;artifact-manifest-created","moved-hash-verified-compat-linked","2026-07-17T20:54:42Z"
"/Volumes/onn. Drive/Neural Bridge/outputs/veatic21_shared_derived_20260716/cortical_memmap","/Volumes/onn. Drive/Neural Bridge Artifacts/quarantine/duplicate-candidates/veatic-2.1/shared-derived-20260716-cortical-memmap","7c33071df27a0e7b1d2da8cf227759c484928352414c44579469576310b321da",846276398,"veatic-2.1","foundation","exact-duplicate-cortical-memmap","external-delete-after-verify","old-path-to-canonical-symlink-created;deletion-pending-explicit-approval","moved-hash-verified-compat-linked","2026-07-17T20:56:32Z"
"/Volumes/onn. Drive/Neural Bridge/outputs/veatic21_shared_derived_20260717/cortical_memmap","/Volumes/onn. Drive/Neural Bridge Artifacts/quarantine/duplicate-candidates/veatic-2.1/shared-derived-20260717-cortical-memmap","7c33071df27a0e7b1d2da8cf227759c484928352414c44579469576310b321da",846276398,"veatic-2.1","foundation","exact-duplicate-cortical-memmap","external-delete-after-verify","old-path-to-canonical-symlink-created;deletion-pending-explicit-approval","moved-hash-verified-compat-linked","2026-07-17T20:56:32Z"
"/Users/maxsartini/Neural Bridge/backend/scripts/run_veatic21_again_parity_discovery.py","studies/veatic-2.1/again-parity/method/run.py","683e9588806a90218f0564a26985ab3054717de0d982375aa25c5c956ffcbe46",69825,"veatic-2.1","again-parity","final-runner","git-study","extract-again-phase5-shared-methods;rewrite-imports;select-contract-tests","discovered-blocked-on-shared-code-refactor",""
"/Users/maxsartini/Neural Bridge/backend/scripts/run_veatic21_distilled_development.py","src/neural_bridge/veatic21/development.py","36e9aa3059cc515edb0ba15c73b00030e7fe981710a37e817a6548619cc9c5aa",67635,"veatic-2.1","foundation","shared-development-implementation","git-shared","extract-again-phase4-and-zero-label-shared-methods;rewrite-imports;select-contract-tests","discovered-blocked-on-shared-code-refactor",""
"/Users/maxsartini/Neural Bridge/backend/scripts/run_veatic21_endstate.py","studies/veatic-2.1/initial-heads/method/run.py","b7f83bcadd846d47fc8a2a1c5ebb6c07ddbe721e9a22d7d2771ccee33a8d84ae",117354,"veatic-2.1","initial-heads","final-runner","git-study","extract-again-phase4-shared-methods;rewrite-imports;select-contract-tests","discovered-blocked-on-shared-code-refactor",""
"/Users/maxsartini/Neural Bridge/backend/scripts/run_veatic21_event_optuna_stabilization.py","studies/veatic-2.1/optuna-50/method/run.py","09305641eb0a7b262b27156b2e03b321ec4977e1024ab0bb01e888a47155dfbe",43869,"veatic-2.1","optuna-50","final-runner","git-study","rewrite-imports;select-audit-contract-tests","discovered-blocked-on-shared-code-refactor",""
"/Users/maxsartini/Neural Bridge/backend/scripts/veatic21_compact_cache.py","src/neural_bridge/veatic21/cache.py","42b14bef3af40c2be19a7b318f83fe962416a4ee40cf7a6e891c59a3b5bd8783",36753,"veatic-2.1","foundation","compact-cache-contract","git-shared","rewrite-imports;retain-minimum-cache-contract-tests","discovered-ready-after-package-boundary",""
"/Users/maxsartini/Neural Bridge/backend/scripts/veatic21_controls.py","src/neural_bridge/veatic21/controls.py","e15cc44d8d7752494c628de52d19438e330e763fad3edfe6fe9716cd06e7e48f",52377,"veatic-2.1","foundation","matched-controls","git-shared","rewrite-imports;retain-scientific-control-contract-tests","discovered-ready-after-package-boundary",""
"/Users/maxsartini/Neural Bridge/backend/scripts/veatic21_discovery.py","src/neural_bridge/veatic21/discovery.py","605b934147cc2412316058789f7d978ed688cb6d926b94998b4297f1ba3192a2",46211,"veatic-2.1","foundation","discovery-contract","git-shared","rewrite-imports;retain-promotion-boundary-tests","discovered-ready-after-package-boundary",""
"/Users/maxsartini/Neural Bridge/backend/scripts/veatic21_distilled_program.py","src/neural_bridge/veatic21/protocol.py","5a460c686200de18e51198726c9e89406275bc2731ca2dc83188acfd12675005",41705,"veatic-2.1","foundation","fold-and-panel-protocol","git-shared","extract-again-continuous-shared-methods;rewrite-imports;retain-ownership-tests","discovered-blocked-on-shared-code-refactor",""
"/Users/maxsartini/Neural Bridge/backend/scripts/veatic21_endstate_contract.py","src/neural_bridge/veatic21/contracts.py","bbc64bf94d8c24a98694477b4af449e8c730ce603e1c11498e3b423154e22577",21162,"veatic-2.1","foundation","scientific-contracts","git-shared","rewrite-imports;retain-contract-tests","discovered-ready-after-package-boundary",""
"/Users/maxsartini/Neural Bridge/backend/scripts/veatic21_evaluation.py","src/neural_bridge/veatic21/evaluation.py","1cc2fa4ec91123b99594238ad37e482f54e8120c5d30954bc17024ddf2ea386c",33234,"veatic-2.1","foundation","evaluation-and-metrics","git-shared","rewrite-imports;retain-zero-event-and-pooled-metric-tests","discovered-ready-after-package-boundary",""
"/Users/maxsartini/Neural Bridge/backend/scripts/veatic21_execution.py","src/neural_bridge/veatic21/execution.py","473d0e2c2ff400d6c1248fa52c273c78a9ad2d0ac9f4584a72196f0d5b8f3c2a",58529,"veatic-2.1","foundation","execution-orchestration","git-shared","break-runner-import-cycle;rewrite-imports;select-integration-contract-tests","discovered-blocked-on-shared-code-refactor",""
"/Users/maxsartini/Neural Bridge/backend/scripts/veatic21_features.py","src/neural_bridge/veatic21/features.py","45102c48183d47e91f51d3f76bcbfb9d9bc31da44326d5b087797c6f7788ac1b",19965,"veatic-2.1","foundation","causal-feature-representations","git-shared","rewrite-imports;retain-causality-and-boundary-tests","discovered-ready-after-package-boundary",""
"/Users/maxsartini/Neural Bridge/backend/scripts/veatic21_modeling.py","src/neural_bridge/veatic21/modeling.py","8d2e0ef8a14de5dfa5499b2e418f228b79c472ee9f17ddb41aadafc177f11359",49614,"veatic-2.1","foundation","training-and-head-modeling","git-shared","extract-again-phase5-shared-models;break-execution-cycle;rewrite-imports;retain-training-contract-tests","discovered-blocked-on-shared-code-refactor",""
"/Users/maxsartini/Neural Bridge/backend/scripts/veatic21_pca.py","src/neural_bridge/veatic21/pca.py","b96244f6470af63eb088559f7ed6b3d632d5b28f6e00ceb72448541f323ae2e8",36549,"veatic-2.1","foundation","fold-safe-pca","git-shared","rewrite-imports;retain-fold-safety-and-provenance-tests","discovered-ready-after-package-boundary",""
"/Users/maxsartini/Neural Bridge/backend/scripts/veatic21_targets.py","src/neural_bridge/veatic21/targets.py","a85bfed3ceb04ded65363867a0f458a78aa36fd3f1b291e8bdd01bb1928eada6",17366,"veatic-2.1","foundation","target-construction","git-shared","rewrite-imports;retain-causal-target-tests","discovered-ready-after-package-boundary",""
"/Volumes/onn. Drive/Neural Bridge/outputs/again_dense_2hz_zero_label_deployment_stage_a_20260714","/Volumes/onn. Drive/Neural Bridge Artifacts/runs/again/zero-label/development-20260714","40f108034629dfb327e4c1c81fefefb95ffcd28a08ab4d753e8df4b5e4db9cba",2000263736,"again","zero-label","development-run-including-failed-and-winning-lanes","external-canonical-study","compatibility-symlink-created;artifact-manifest-created","moved-hash-verified-compat-linked","2026-07-17T21:00:07Z"
"/Volumes/onn. Drive/Neural Bridge/outputs/again_dense_2hz_zero_label_direct_supervised_locked_confirm_20260715","/Volumes/onn. Drive/Neural Bridge Artifacts/runs/again/zero-label/locked-confirmation-20260715","daf28468477da0110b6ae8b8187c0cd5ef713eded472ddcee60540d61aee3505",320534590,"again","zero-label","locked-direct-supervised-confirmation-run","external-canonical-study","compatibility-symlink-created;artifact-manifest-created","moved-hash-verified-compat-linked","2026-07-17T21:00:07Z"
"/Users/maxsartini/Neural Bridge/docs/neural_bridge_zero_label_deployment_evidence.md","studies/again/zero-label/evidence-summary.md","4fe97d1a976fe9a666100ea560d7bfd6f421d69afdf40a8cf8e1dfe96fda7693",2931,"again","zero-label","programme-evidence-summary","git-study","links-rewritten-after-package-assembly","migrated-reviewed",""
"/Users/maxsartini/Neural Bridge/docs/zero_label_video_only_deployment_bridge_pilot_preregistration.md","studies/again/zero-label/preregistration/development.md","f4f1ea0aabe250c22d4394ab8729f92d802124318b63275cf1ebcaf73618fd06",23132,"again","zero-label-development","preregistration","git-study","historical-protocol-preserved","migrated-hash-verified",""
"/Users/maxsartini/Neural Bridge/docs/zero_label_video_only_direct_supervised_locked_confirmation_preregistration.md","studies/again/zero-label/preregistration/locked-confirmation.md","3237188f485673a7aabe358511495c031ca2e5373960acf772905f2fb34b61f9",8333,"again","zero-label-locked-confirmation","preregistration","git-study","historical-protocol-preserved","migrated-hash-verified",""
"/Users/maxsartini/Neural Bridge/reports/again_dense_2hz_zero_label_deployment_stage_a_20260714.md","studies/again/zero-label/stage-a/reports/again_dense_2hz_zero_label_deployment_stage_a_20260714.md","ce9ca87bf7c319170b607e902249e2ba429c13b598d222b1cbc7366d5323d49c",2125,"again","zero-label-development","final-report","git-study","compact-failure-report-preserved","migrated-hash-verified",""
"/Users/maxsartini/Neural Bridge/reports/again_dense_2hz_zero_label_direct_supervised_locked_confirmation_20260715.md","studies/again/zero-label/locked-confirmation/reports/again_dense_2hz_zero_label_direct_supervised_locked_confirmation_20260715.md","1ad72e88e871c6e9ba4b12e7ec74492f0a9fa38bb97c6dab0629e60ebf80fa27",2646,"again","zero-label-locked-confirmation","final-report","git-study","compact-confirmation-report-preserved","migrated-hash-verified",""
"/Users/maxsartini/Neural Bridge/backend/scripts/again_zero_label_deployment_stage_a.py","","c781090a712183d8b45d4c945c03cc4cdbaad85ca0e7867d22ce536907832483",37848,"again","zero-label-development","model-training-and-controls","source-history-only","superseded-by-compact-evidence-verifier;provenance-hash-retained","superseded-by-canonical-evidence-verifier",""
"/Users/maxsartini/Neural Bridge/backend/scripts/again_zero_label_direct_supervised_locked_confirmation.py","","0008c5a12abfd4cbb7c37f274f3e42b969fe2862a8328f4afa16fb880b99c34a",10310,"again","zero-label-locked-confirmation","confirmation-contract","source-history-only","superseded-by-compact-evidence-verifier;provenance-hash-retained","superseded-by-canonical-evidence-verifier",""
"/Users/maxsartini/Neural Bridge/backend/scripts/run_again_dense_2hz_zero_label_deployment_stage0.py","","c22e35c3b737a911cb299bf612dace107dfb789918b6145e589653f4bfc36646",29937,"again","zero-label-foundation","final-runner","source-history-only","superseded-by-compact-evidence-verifier;provenance-hash-retained","superseded-by-canonical-evidence-verifier",""
"/Users/maxsartini/Neural Bridge/backend/scripts/run_again_dense_2hz_zero_label_deployment_stage_a.py","","b326303155d8a4f91e18ce609794ca6244319c2a95277c0b97d5a73f73385997",41899,"again","zero-label-development","final-runner","source-history-only","superseded-by-compact-evidence-verifier;provenance-hash-retained","superseded-by-canonical-evidence-verifier",""
"/Users/maxsartini/Neural Bridge/backend/scripts/run_again_dense_2hz_zero_label_direct_supervised_locked_confirmation.py","","70fdce6de43f5f714d87e40a56053981cb5150a8d8d4fbb907eea1f19c0e0b08",31250,"again","zero-label-locked-confirmation","final-runner","source-history-only","superseded-by-compact-evidence-verifier;provenance-hash-retained","superseded-by-canonical-evidence-verifier",""
"/Users/maxsartini/Neural Bridge/outputs/again_dense_2hz_phase7_continuous_checkpoint_ensemble_diagnostic_20260714_174513","/Volumes/onn. Drive/Neural Bridge Artifacts/runs/again/phase-07-continuous/diagnostic-20260714","b763079465e94fa41f0630105e8ead02763fbb8236c6cfe742c0cd5cbb0d7d20",16664629,"again","phase-07-continuous","continuous-diagnostic-run","external-study","compatibility-symlink-created;artifact-manifest-created","destination-hash-verified","2026-07-17T21:05:36Z"
"/Users/maxsartini/Neural Bridge/outputs/again_dense_2hz_phase7_continuous_checkpoint_ensemble_blocked_confirm_20260714_175653","/Volumes/onn. Drive/Neural Bridge Artifacts/runs/again/phase-07-continuous/blocked-confirmation-20260714","cc5fcdf2f4833eb95ec2eda7552a2887db853ce5b7ef7681aa79a35287345e0e",27271842,"again","phase-07-continuous","blocked-confirmation-run","external-canonical-study","compatibility-symlink-created;artifact-manifest-created","destination-hash-verified","2026-07-17T21:05:36Z"
"/Users/maxsartini/Neural Bridge/outputs/again_dense_2hz_phase7_continuous_checkpoint_ensemble_grouped_20260714_181440","/Volumes/onn. Drive/Neural Bridge Artifacts/runs/again/phase-07-continuous/grouped-confirmation-20260714","4acd7bbf3819b36280d13f7d780eb192c7be7b18e3816742f05f9ae166c5b947",76525074,"again","phase-07-continuous","final-grouped-confirmation-run","external-canonical-study","compatibility-symlink-created;artifact-manifest-created","destination-hash-verified","2026-07-17T21:05:36Z"
"/Users/maxsartini/Neural Bridge/outputs/again_dense_2hz_phase6_optuna_selected_head_pilot_20260714_135902","/Volumes/onn. Drive/Neural Bridge Artifacts/runs/again/phase-06-event-stabilization/optuna/single-seed-pilot-20260714","2584cffc9ef3e288a35e4ab16e574cc72074619db6fa0f8f8c9385b5293164e9",5541915,"again","phase-06-event-stabilization","single-seed-optuna-pilot","external-study","compatibility-symlink-created;collection-manifest-created","destination-hash-verified","2026-07-17T21:10:30Z"
"/Users/maxsartini/Neural Bridge/outputs/again_dense_2hz_phase6_optuna_locked_10seed_confirm_20260714_141457","/Volumes/onn. Drive/Neural Bridge Artifacts/runs/again/phase-06-event-stabilization/optuna/locked-10-seed-confirmation-20260714","2658979f97081967c31cfdc403f155c7d8c61672116b6d5d18c2156e8a6d83f2",44534437,"again","phase-06-event-stabilization","failed-locked-optuna-confirmation","external-study","compatibility-symlink-created;collection-manifest-created","destination-hash-verified","2026-07-17T21:10:30Z"
"/Users/maxsartini/Neural Bridge/outputs/again_dense_2hz_phase6_seed27_convergence_diagnostic_20260714_142551","/Volumes/onn. Drive/Neural Bridge Artifacts/runs/again/phase-06-event-stabilization/optuna/outlier-convergence-diagnostic-20260714","e25184b5ac41ebf43d93c54ab25b8884be4bf3c9a2ea73b86ba1e77723451ea4",3525676,"again","phase-06-event-stabilization","optuna-outlier-diagnostic","external-study","compatibility-symlink-created;collection-manifest-created","destination-hash-verified","2026-07-17T21:10:30Z"
"/Users/maxsartini/Neural Bridge/outputs/again_dense_2hz_phase6_robust_multiseed_optuna_20260714_143646","/Volumes/onn. Drive/Neural Bridge Artifacts/runs/again/phase-06-event-stabilization/optuna/robust-multiseed-development-20260714","5f24464e756c3e67b4687634cd104baa947c541ca979f184eb8cbcf9e19a6d18",33710466,"again","phase-06-event-stabilization","robust-multiseed-optuna-development","external-study","compatibility-symlink-created;collection-manifest-created","destination-hash-verified","2026-07-17T21:10:30Z"
"/Users/maxsartini/Neural Bridge/outputs/again_dense_2hz_phase6_trial4_fresh_seed_validation_20260714_145120","/Volumes/onn. Drive/Neural Bridge Artifacts/runs/again/phase-06-event-stabilization/optuna/trial-4-fresh-seed-validation-20260714","5b4c389e20f4d4533a507c725a9e168640743a28886667251f67a85530ddfe6f",4031264,"again","phase-06-event-stabilization","post-hoc-candidate-fresh-seed-validation","external-study","compatibility-symlink-created;collection-manifest-created","destination-hash-verified","2026-07-17T21:10:30Z"
"/Users/maxsartini/Neural Bridge/outputs/again_dense_2hz_phase6_trial4_blocked_15seed_20260714_145637","/Volumes/onn. Drive/Neural Bridge Artifacts/runs/again/phase-06-event-stabilization/optuna/trial-4-blocked-confirmation-20260714","d4930c8097114823b5fd40ab5a4ab9329bfc33e41a9ffc241f16284df15281b9",59515650,"again","phase-06-event-stabilization","failed-optuna-blocked-confirmation","external-study","compatibility-symlink-created;collection-manifest-created","destination-hash-verified","2026-07-17T21:10:30Z"
"/Users/maxsartini/Neural Bridge/outputs/again_dense_2hz_phase6_fixed_blend_fresh5_20260714_153441","/Volumes/onn. Drive/Neural Bridge Artifacts/runs/again/phase-06-event-stabilization/checkpoint-ensembles/fixed-within-seed-blend-failure-20260714","e02fdd541f93fd8278a689fd1b830d0dd46c39c9975d8077d4f05b03b3d34808",7121392,"again","phase-06-event-stabilization","failed-within-seed-blend","external-study","compatibility-symlink-created;collection-manifest-created","destination-hash-verified","2026-07-17T21:10:30Z"
"/Users/maxsartini/Neural Bridge/outputs/again_dense_2hz_phase6_trial4_three_checkpoint_fresh15_20260714_154602","/Volumes/onn. Drive/Neural Bridge Artifacts/runs/again/phase-06-event-stabilization/checkpoint-ensembles/trial-4-three-checkpoint-failure-20260714","b22d8d7e9ba4f8305234625cfe44840766a273b50508d18438cda4b5e6da917a",21279153,"again","phase-06-event-stabilization","failed-optuna-checkpoint-ensemble","external-study","compatibility-symlink-created;collection-manifest-created","destination-hash-verified","2026-07-17T21:10:30Z"
"/Users/maxsartini/Neural Bridge/outputs/again_dense_2hz_phase6_original_three_checkpoint_control_complete_20260714_160001","/Volumes/onn. Drive/Neural Bridge Artifacts/runs/again/phase-06-event-stabilization/checkpoint-ensembles/reference-recipe-blocked-confirmation-20260714","c48df85d572e5db3b72712c44542aa227d6fcf7b5853ee11a8ff855943354b24",27304593,"again","phase-06-event-stabilization","reference-recipe-blocked-confirmation","external-canonical-study","compatibility-symlink-created;collection-manifest-created","destination-hash-verified","2026-07-17T21:10:30Z"
"/Users/maxsartini/Neural Bridge/outputs/again_dense_2hz_phase6_original_three_checkpoint_grouped_confirmation_20260714_163024","/Volumes/onn. Drive/Neural Bridge Artifacts/runs/again/phase-06-event-stabilization/checkpoint-ensembles/reference-recipe-grouped-confirmation-20260714","14fa6e335a1614b6a259ebe186cfa5353a78959eebbd09b9f610c13682943f97",240009704,"again","phase-06-event-stabilization","reference-recipe-grouped-confirmation","external-canonical-study","compatibility-symlink-created;collection-manifest-created","destination-hash-verified","2026-07-17T21:10:30Z"
"/Volumes/onn. Drive/Neural Bridge/outputs/again_dense_2hz_phase5_redesigned_target_foldsafe_pca_20260630_005312","/Volumes/onn. Drive/Neural Bridge Artifacts/derived/again/phase-05-target-redesign/fold-safe-pca-20260630","647df2136022285b4400131e669b965e622f2c52be65149f6db9a52b737ce858","10537339913","again","phase-05-target-redesign","fold-safe-pca-derived-data","external-derived","compatibility-symlink-created;collection-manifest-created","destination-hash-verified","2026-07-17T21:18:10Z"
"/Volumes/onn. Drive/Neural Bridge/outputs/again_dense_2hz_phase5_temporal_residual_grouped_compat_20260630_033520","/Volumes/onn. Drive/Neural Bridge Artifacts/runs/again/phase-05-5-event-confirmation/grouped-video-20260630","dc09b87c8d98573dec87f870957381c8884b165036faacce4e8f986123fd30af","1667571063","again","phase-05-5-event-confirmation","grouped-video-confirmation","external-canonical-study","compatibility-symlink-created;collection-manifest-created","destination-hash-verified","2026-07-17T21:18:10Z"
"/Volumes/onn. Drive/Neural Bridge/outputs/again_dense_2hz_phase5_adversarial_repair_fixplus_20260629_171825","/Volumes/onn. Drive/Neural Bridge Artifacts/runs/again/phase-05-learned-bridge/adversarial-repair-20260629","1becb24e716d50fa0f1ad26836cafff5768bdbd9c43c45fb5eea71a7af1697f7","937923452","again","phase-05-learned-bridge","adversarial-repair-run","external-study","compatibility-symlink-created;collection-manifest-created","destination-hash-verified","2026-07-17T21:18:10Z"
"/Users/maxsartini/Neural Bridge/outputs/again_dense_2hz_phase5_adversarial_repair_fixplus_20260629_164559","/Volumes/onn. Drive/Neural Bridge Artifacts/runs/again/phase-05-learned-bridge/adversarial-repair/intermediate-20260629","fd5a593075f79479319262b1d05fddce694d9f5dd567b16e392ec39b76a0c317","89640535","again","phase-05-learned-bridge","adversarial-repair-intermediate","external-study","compatibility-symlink-created;collection-manifest-created","destination-hash-verified","2026-07-17T21:18:10Z"
"/Users/maxsartini/Neural Bridge/outputs/again_dense_2hz_phase5_adversarial_repair_fixplus_evalmode_rescore_","/Volumes/onn. Drive/Neural Bridge Artifacts/runs/again/phase-05-learned-bridge/adversarial-repair/eval-mode-rescore-20260629","d44815d9699ac8da934bb72967e9c02f3f0b33d35fa559786b8c0fff37af70fc","108701727","again","phase-05-learned-bridge","eval-mode-rescore","external-study","compatibility-symlink-created;collection-manifest-created","destination-hash-verified","2026-07-17T21:18:10Z"
"/Users/maxsartini/Neural Bridge/outputs/again_dense_2hz_phase5_frozen_ar_residual_","/Volumes/onn. Drive/Neural Bridge Artifacts/runs/again/phase-05-learned-bridge/frozen-ar-residual-20260629","4c5cd5a6f5821bdc5df5a632da9b40fa32bfe72ac565740245cd920a8934e8d3","78894223","again","phase-05-learned-bridge","frozen-ar-residual-run","external-canonical-study","compatibility-symlink-created;collection-manifest-created","destination-hash-verified","2026-07-17T21:18:10Z"
"/Users/maxsartini/Neural Bridge/outputs/again_dense_2hz_phase5_blocked_residual_targeted_20260629_230325","/Volumes/onn. Drive/Neural Bridge Artifacts/runs/again/phase-05-learned-bridge/blocked-residual/targeted-diagnostic-20260629","e4f822690134832d778fbdf905402079bfccc46f5fb886d12d48828f67f27d68","33369586","again","phase-05-learned-bridge","blocked-targeted-diagnostic","external-study","compatibility-symlink-created;collection-manifest-created","destination-hash-verified","2026-07-17T21:18:10Z"
"/Users/maxsartini/Neural Bridge/outputs/again_dense_2hz_phase5_blocked_residual_clean_confirm_20260629_234114","/Volumes/onn. Drive/Neural Bridge Artifacts/runs/again/phase-05-learned-bridge/blocked-residual/clean-confirmation-attempt-20260629","0507f384cd9b325c9795b94f3b902e4a3683dad77ad02e9d227cdc5ee10471c9","11668238","again","phase-05-learned-bridge","blocked-clean-confirmation-attempt","external-study","compatibility-symlink-created;collection-manifest-created","destination-hash-verified","2026-07-17T21:18:10Z"
"/Users/maxsartini/Neural Bridge/outputs/again_dense_2hz_phase5_blocked_residual_clean_confirm_20260629_234349","/Volumes/onn. Drive/Neural Bridge Artifacts/runs/again/phase-05-learned-bridge/blocked-residual/clean-confirmation-20260629","57f0904f4ae7283b9e809d55e97dcf8dc9da0e9d0de179658525b629c1d9d3c2","20353125","again","phase-05-learned-bridge","blocked-clean-confirmation","external-study","compatibility-symlink-created;collection-manifest-created","destination-hash-verified","2026-07-17T21:18:10Z"
"/Users/maxsartini/Neural Bridge/outputs/again_dense_2hz_phase5_continuous_residual_blocked_20260630_000219","/Volumes/onn. Drive/Neural Bridge Artifacts/runs/again/phase-05-learned-bridge/continuous/blocked-diagnostic-20260630","6e1c76472e0df55515d29d76e5efd2021f391d74834b9c2f8c0447eee8ed95de","19213037","again","phase-05-learned-bridge","continuous-blocked-diagnostic","external-study","compatibility-symlink-created;collection-manifest-created","destination-hash-verified","2026-07-17T21:18:10Z"
"/Users/maxsartini/Neural Bridge/outputs/again_dense_2hz_phase5_redesigned_target_blocked_20260630_010721","/Volumes/onn. Drive/Neural Bridge Artifacts/runs/again/phase-05-5-event-confirmation/target-redesign/blocked-failure-20260630","28b1a6aa96463fc53cd3c5a4c58e6e0a955fb3ffb6de184baa0f4b905def4791","22324445","again","phase-05-5-event-confirmation","redesigned-target-blocked-failure","external-study","compatibility-symlink-created;collection-manifest-created","destination-hash-verified","2026-07-17T21:18:10Z"
"/Users/maxsartini/Neural Bridge/outputs/again_dense_2hz_phase5_temporal_residual_blocked_20260630_015849","/Volumes/onn. Drive/Neural Bridge Artifacts/runs/again/phase-05-5-event-confirmation/temporal-heads/blocked-initial-20260630","f5bc5c0c2e495322e658e07588c779e9b98e928883a17223cf11e47cebfff77d","17730354","again","phase-05-5-event-confirmation","temporal-head-blocked-initial","external-study","compatibility-symlink-created;collection-manifest-created","destination-hash-verified","2026-07-17T21:18:10Z"
"/Users/maxsartini/Neural Bridge/outputs/again_dense_2hz_phase5_temporal_residual_blocked_20260630_020557","/Volumes/onn. Drive/Neural Bridge Artifacts/runs/again/phase-05-5-event-confirmation/temporal-heads/blocked-selection-20260630","93a4641b57e28c6f55e58f30b83a2773b049170e86b61eef1cd923b968f9343d","51283770","again","phase-05-5-event-confirmation","temporal-head-blocked-selection","external-study","compatibility-symlink-created;collection-manifest-created","destination-hash-verified","2026-07-17T21:18:10Z"
"/Users/maxsartini/Neural Bridge/outputs/again_dense_2hz_phase5_temporal_residual_binary_big_confirm_20260630_025437","/Volumes/onn. Drive/Neural Bridge Artifacts/runs/again/phase-05-5-event-confirmation/blocked-confirmation-20260630","04dea29766e19be94dcfe4df8352bac3702bfb4efd458d2ff72b4f69a755773e","50069046","again","phase-05-5-event-confirmation","blocked-event-confirmation","external-canonical-study","compatibility-symlink-created;collection-manifest-created","destination-hash-verified","2026-07-17T21:18:10Z"
"/Users/maxsartini/Neural Bridge/outputs/again_dense_2hz_phase5_selected_head_420_confirmation_20260714_124953","/Volumes/onn. Drive/Neural Bridge Artifacts/runs/again/phase-05-5-event-confirmation/selected-head-420-assembly-20260714","45e43dc9859642eeddb0fb90f7d0f34c537b148701649c2fedf076a2ae0ac33d","948137","again","phase-05-5-event-confirmation","selected-head-420-assembly","external-canonical-study","compatibility-symlink-created;collection-manifest-created","destination-hash-verified","2026-07-17T21:18:10Z"
"/Volumes/onn. Drive/Neural Bridge/outputs/again_dense_2hz_phase4_pca_bridge_20260625_full/cache","/Volumes/onn. Drive/Neural Bridge Artifacts/derived/again/phase-04-pca-bridge/fold-safe-cache-20260625","7676e950901703cebcaea8600c80e0114c1a1bc35440b65b30a7dec4fd0bdfee",9978781023,"again","phase-04-pca-bridge","fold-safe-cache","external-derived","compatibility-view-created;collection-manifest-created","destination-hash-verified","2026-07-17T21:23:09Z"
"/Volumes/onn. Drive/Neural Bridge/outputs/again_dense_2hz_phase4_pca_bridge_20260625_full/features","/Volumes/onn. Drive/Neural Bridge Artifacts/derived/again/phase-04-pca-bridge/fold-safe-features-20260625","8cd2479845903a7e9f834a1b285754635bd40e2bc6e59f729ab90f3bfa1fd86f",13004464896,"again","phase-04-pca-bridge","fold-safe-pca-features","external-derived","compatibility-view-created;collection-manifest-created","destination-hash-verified","2026-07-17T21:23:09Z"
"/Volumes/onn. Drive/Neural Bridge/outputs/again_dense_2hz_phase4_pca_bridge_20260625_full/pca_components","/Volumes/onn. Drive/Neural Bridge Artifacts/derived/again/phase-04-pca-bridge/pca-components-20260625","12315fb17cf070073ca1da9f70496e8d63979f094d2bc498349f805d3279ffaa",1221763863,"again","phase-04-pca-bridge","fold-safe-pca-components","external-derived","compatibility-view-created;collection-manifest-created","destination-hash-verified","2026-07-17T21:23:09Z"
"/Volumes/onn. Drive/Neural Bridge/outputs/again_dense_2hz_phase4_pca_bridge_20260625_full","/Volumes/onn. Drive/Neural Bridge Artifacts/runs/again/phase-04-pca-bridge/full-benchmark-20260625","2ca9b4b48e2e2fa4d769cd89674cfb50043e60aef0deb8c04fc0cf6551c2e95c",81074898,"again","phase-04-pca-bridge","benchmark-core-with-derived-links","external-canonical-study","compatibility-symlink-created;collection-manifest-created;prelink-core-sha256=884951b3689261491dca52474058290b08238d161967c1e7812c73ee248eba12","destination-hash-verified","2026-07-17T21:23:09Z"
"/Users/maxsartini/Neural Bridge/outputs/again_dense_2hz_raw_cortical_benchmark_20260625_091257","/Volumes/onn. Drive/Neural Bridge Artifacts/runs/again/phase-03-raw-cortical/preliminary-20260625","6c2074f8c1418a214964252611a49495c3343aabeabb3123737459c01fb24710",151717,"again","phase-03-raw-cortical","preliminary-raw-benchmark","external-study","compatibility-symlink-created;collection-manifest-created","destination-hash-verified","2026-07-17T21:26:35Z"
"/Users/maxsartini/Neural Bridge/outputs/again_dense_2hz_raw_cortical_benchmark_20260625_093733","/Volumes/onn. Drive/Neural Bridge Artifacts/runs/again/phase-03-raw-cortical/final-benchmark-20260625","0548c386a1d8a53d212f7cf0cb8b7ac55fb4fcebb6f185e0d5f5c946ab93637b",403271,"again","phase-03-raw-cortical","final-raw-benchmark","external-canonical-study","compatibility-symlink-created;collection-manifest-created","destination-hash-verified","2026-07-17T21:26:35Z"
"/Users/maxsartini/Neural Bridge/outputs/again_dense_2hz_ar_baseline_20260625_091233","/Volumes/onn. Drive/Neural Bridge Artifacts/runs/again/phase-02-ar-baseline/development/initial-20260625-091233","e2770651deaf90910a4329959d9dbf5c51d59095ba469bfe757dbf62fcdea9b4",17899,"again","phase-02-ar-baseline","development-initial","external-study","compatibility-symlink-created;collection-manifest-created","destination-hash-verified","2026-07-17T21:30:45Z"
"/Users/maxsartini/Neural Bridge/outputs/again_dense_2hz_ar_baseline_20260625_092047","/Volumes/onn. Drive/Neural Bridge Artifacts/runs/again/phase-02-ar-baseline/development/revision-20260625-092047","65c670df5f70c8e7c48f70428ec83cdf64cf983a46cf3af976831c7bc5da8719",17914,"again","phase-02-ar-baseline","development-revision","external-study","compatibility-symlink-created;collection-manifest-created","destination-hash-verified","2026-07-17T21:30:45Z"
"/Users/maxsartini/Neural Bridge/outputs/again_dense_2hz_ar_baseline_20260625_093304","/Volumes/onn. Drive/Neural Bridge Artifacts/runs/again/phase-02-ar-baseline/development/revision-20260625-093304","7472510e266115d3b0111aaa14aa04da288bdf41627a14cfb46cd715ce45a26e",18721,"again","phase-02-ar-baseline","development-revision","external-study","compatibility-symlink-created;collection-manifest-created","destination-hash-verified","2026-07-17T21:30:45Z"
"/Users/maxsartini/Neural Bridge/outputs/again_dense_2hz_ar_baseline_20260625_093345","/Volumes/onn. Drive/Neural Bridge Artifacts/runs/again/phase-02-ar-baseline/development/revision-20260625-093345","309e14af3d04f0a991c463bb32e88f5ced8994d7606f5ae9435e1bc583acce93",18722,"again","phase-02-ar-baseline","development-revision","external-study","compatibility-symlink-created;collection-manifest-created","destination-hash-verified","2026-07-17T21:30:45Z"
"/Users/maxsartini/Neural Bridge/outputs/again_dense_2hz_ar_baseline_20260625_093714","/Volumes/onn. Drive/Neural Bridge Artifacts/runs/again/phase-02-ar-baseline/final-benchmark-20260625-093714","fc3b60a0f658681b3940527d600333088824e22b43cc1bba18496151237d74fa",41001,"again","phase-02-ar-baseline","final-ar-benchmark","external-canonical-study","compatibility-symlink-created;collection-manifest-created","destination-hash-verified","2026-07-17T21:30:45Z"
"/Volumes/onn. Drive/Neural Bridge/cache/h100_drive_downloads/again_tribe_v2_postpass_float16_256_2hz/labels_aligned_2hz.README.md","/Volumes/onn. Drive/Neural Bridge Artifacts/derived/again/phase-01-label-alignment/labels_aligned_2hz.README.md","b368d93c5fcf3c663563e374c8deeaf2d167339beff1df66a3d334bf8053a9c4",245,"again","phase-01-label-alignment","label-contract-readme","external-derived","compatibility-symlink-created;collection-manifest-created","destination-hash-verified","2026-07-17T21:32:51Z"
"/Volumes/onn. Drive/Neural Bridge/cache/h100_drive_downloads/again_tribe_v2_postpass_float16_256_2hz/labels_aligned_2hz.parquet","/Volumes/onn. Drive/Neural Bridge Artifacts/derived/again/phase-01-label-alignment/labels_aligned_2hz.parquet","5bc032764e6acb606b1124eba01ff62bb59c95b19cf869a0a884311ff765f8cb",28088461,"again","phase-01-label-alignment","aligned-label-table","external-derived","compatibility-symlink-created;collection-manifest-created","destination-hash-verified","2026-07-17T21:32:51Z"
"/Volumes/onn. Drive/Neural Bridge/cache/h100_drive_downloads/again_tribe_v2_postpass_float16_256_2hz/labels_aligned_2hz_summary.json","/Volumes/onn. Drive/Neural Bridge Artifacts/derived/again/phase-01-label-alignment/labels_aligned_2hz_summary.json","5f153fff8e1f228a22bc238e4dceabffadec019dc72b42936756808255ed90cd",2615,"again","phase-01-label-alignment","alignment-summary","external-derived","compatibility-symlink-created;collection-manifest-created","destination-hash-verified","2026-07-17T21:32:51Z"
"/Volumes/onn. Drive/Neural Bridge/cache/h100_drive_downloads/again_tribe_v2_postpass_float16_256_2hz/per_video","/Volumes/onn. Drive/Neural Bridge Artifacts/features/again/tribe-v2/dense-2hz-20260625/per-video","7ebc82182238242ddff95a1c85fd898c012092bcc9a05c2f3b723653fbd394d3",41473940652,"again","phase-00-dense-foundation","per-video-vjepa-tribe-features","external-feature","compatibility-view-created;collection-manifest-created","destination-hash-verified","2026-07-17T21:39:08Z"
"/Volumes/onn. Drive/Neural Bridge/cache/h100_drive_downloads/again_tribe_v2_postpass_float16_256_2hz/_derived","/Volumes/onn. Drive/Neural Bridge Artifacts/derived/again/phase-00-dense-foundation/cache-derived-20260625","4bdc4e5c08eb1eda799f4a97e4aab7ef5d677ae3a605d1a55c1cc2b63bf35f7d",550482045,"again","phase-00-dense-foundation","dense-derived-arrays","external-derived","compatibility-view-created;collection-manifest-created","destination-hash-verified","2026-07-17T21:39:08Z"
"/Volumes/onn. Drive/Neural Bridge/cache/h100_drive_downloads/again_tribe_v2_postpass_float16_256_2hz/_run","/Volumes/onn. Drive/Neural Bridge Artifacts/runs/again/phase-00-dense-foundation/encoding-audit-20260625","80505e2d7988c62927b928b00dc5df067537b041bcaa4943f890b923e1db210d",1296669,"again","phase-00-dense-foundation","encoding-run-audit","external-study","compatibility-view-created;collection-manifest-created","destination-hash-verified","2026-07-17T21:39:08Z"
"/Volumes/onn. Drive/Neural Bridge/cache/h100_drive_downloads/again_tribe_v2_postpass_float16_256_2hz","/Volumes/onn. Drive/Neural Bridge Artifacts/derived/again/phase-00-dense-foundation/index-and-provenance-20260625","d16c6a9cdb7c3856cd636ad96cf4f7c934aca8d61e440e05876ccec5493fdda4",112672438,"again","phase-00-dense-foundation","index-schema-and-provenance-with-links","external-derived","compatibility-symlink-created;collection-manifest-created;prelink-core-sha256=69edcefc069deedc979a817dc678e7049151fa4f297a84f46802ecca881f7bfe","destination-hash-verified","2026-07-17T21:39:08Z"
"/Volumes/onn. Drive/Neural Bridge/datasets/veatic/videos","/Volumes/onn. Drive/Neural Bridge Artifacts/datasets/original-veatic/videos","1e75692dc3e6a11f822e5a76cf30ef227b16db805a267614bddb2280212315a1","3262187789","original-veatic","dataset","source-videos","external-dataset","compatibility-reference-created;collection-manifest-created","destination-hash-verified","2026-07-17T21:48:48Z"
"/Volumes/onn. Drive/Neural Bridge/datasets/veatic/rating_averaged","/Volumes/onn. Drive/Neural Bridge Artifacts/datasets/original-veatic/ratings","c160bd741f960364fc475d3905193f4bde9313f675ad1594a893b0b544bea47f","12455920","original-veatic","dataset","averaged-ratings","external-dataset","compatibility-reference-created;collection-manifest-created","destination-hash-verified","2026-07-17T21:48:48Z"
"/Volumes/onn. Drive/Neural Bridge/datasets/veatic/_downloads","/Volumes/onn. Drive/Neural Bridge Artifacts/quarantine/original-veatic/download-archive","43285319160bd1c283e37a835dff29f706a36269882ed0627c093a2fb30631e0","3218338827","original-veatic","dataset","download-archive","quarantine","compatibility-reference-created;collection-manifest-created","destination-hash-verified","2026-07-17T21:48:48Z"
"/Volumes/onn. Drive/Neural Bridge/benchmarks/veatic/tribe_cache","/Volumes/onn. Drive/Neural Bridge Artifacts/features/original-veatic/tribe-cache-20260616","47b6dbdd77ad4647208ec1bdf023e0dbe4c10f8a413628ddbdb4269482faf967","1719605742","original-veatic","v2-evidence","tribe-feature-cache","external-feature","compatibility-reference-created;collection-manifest-created","destination-hash-verified","2026-07-17T21:48:48Z"
"/Volumes/onn. Drive/Neural Bridge/benchmarks/veatic","/Volumes/onn. Drive/Neural Bridge Artifacts/derived/original-veatic/benchmark-cache-compatibility","9ba978cff54a235455c09966d65d8a93155c6ca1ab5c990b9193761f444c9eae","0","original-veatic","compatibility","historical-benchmark-path-view","external-derived-compatibility","15 canonical links;no scientific evidence stored in view;collection-manifest-corrected","destination-hash-verified","2026-07-17T21:56:30Z"
"/Volumes/onn. Drive/Neural Bridge/tensors/veatic_124_raw_representation_v1","/Volumes/onn. Drive/Neural Bridge Artifacts/derived/original-veatic/raw-representation-v1","8b6b4c31c58e618c4db8f2c3af7a2a8e1fcee3cc3d380677631d12ae31617def","1811968933","original-veatic","post-v2","model-ready-tensors","external-derived-historical","compatibility-reference-created;collection-manifest-created","destination-hash-verified","2026-07-17T21:48:48Z"
"/Volumes/onn. Drive/Neural Bridge/evidence_snapshots/veatic_124_v2_20260616","/Volumes/onn. Drive/Neural Bridge Artifacts/sealed/original-veatic/v2-evidence-20260616","d306d5283062f7b4cc7eb9920fbaad540cb4cd74a68238eadbddf145154d341d","48609204","original-veatic","v2-evidence","protected-evidence-snapshot","external-sealed","source and destination tree hashes match;former compatibility symlink replaced by the real sealed collection;destination root restored read-only","destination-hash-verified","2026-07-20T16:36:00Z"
"/Volumes/onn. Drive/Neural Bridge/outputs/veatic_124_raw_representation_audit_primary_20260620_152411","/Volumes/onn. Drive/Neural Bridge Artifacts/runs/original-veatic/post-v2-raw-representation/primary-20260620","f751004e0c1a4096fca2f6d7bac1c47a0bfbf276d18fd8e03a9f4d6e7db8d16c","144698577","original-veatic","post-v2","raw-representation-primary-audit","external-study","compatibility-reference-created;collection-manifest-created","destination-hash-verified","2026-07-17T21:48:48Z"
"/Volumes/onn. Drive/Neural Bridge/outputs/veatic_124_raw_representation_audit_resume_smoke","/Volumes/onn. Drive/Neural Bridge Artifacts/runs/original-veatic/post-v2-raw-representation/development/resume-smoke","2a77cd69aeaabb03451201939e0df57f3638ebae0a0d59644ba9e1b3aeddb347","4275231","original-veatic","post-v2","resume-smoke","external-development","compatibility-reference-created;collection-manifest-created","destination-hash-verified","2026-07-17T21:48:48Z"
"/Volumes/onn. Drive/Neural Bridge/outputs/veatic_124_raw_representation_audit_smoke_uv","/Volumes/onn. Drive/Neural Bridge Artifacts/runs/original-veatic/post-v2-raw-representation/development/environment-smoke-a","b4da5e0ed894163cc13427934db8d4768119dea8dc314607cff9cf63a20d30d4","204964","original-veatic","post-v2","environment-smoke","external-development","compatibility-reference-created;collection-manifest-created","destination-hash-verified","2026-07-17T21:48:48Z"
"/Volumes/onn. Drive/Neural Bridge/outputs/veatic_124_raw_representation_audit_smoke_codex","/Volumes/onn. Drive/Neural Bridge Artifacts/runs/original-veatic/post-v2-raw-representation/development/environment-smoke-b","a9341e064634777430e7c3edbc6548ba78ce3a46e31be4f506bc1250d5aaca3d","204495","original-veatic","post-v2","environment-smoke","external-development","compatibility-reference-created;collection-manifest-created","destination-hash-verified","2026-07-17T21:48:48Z"
"/Users/maxsartini/MiroFish-Offline-main/outputs/veatic_124_temporal_fairness_20260616_1509","/Volumes/onn. Drive/Neural Bridge Artifacts/runs/original-veatic/v2-evidence/temporal-fairness-20260616","782850eaa3363382ed5782fe1340cae78d330709713ee66c9273d137a309457f","46635917","original-veatic","v2-evidence","temporal-fairness-study","external-study","compatibility-reference-created;collection-manifest-created","destination-hash-verified","2026-07-17T21:48:48Z"
"/Users/maxsartini/MiroFish-Offline-main/outputs/veatic_124_temporal_context_v2_20260616_1557","/Volumes/onn. Drive/Neural Bridge Artifacts/runs/original-veatic/v2-evidence/temporal-context-v2-20260616","82dc2d00218c70e0166449eed67498808aa02b98567f2cd4e6bc867352ba7031","4663767","original-veatic","v2-evidence","temporal-context-v2-study","external-study","compatibility-reference-created;collection-manifest-created","destination-hash-verified","2026-07-17T21:48:48Z"
"/Volumes/onn. Drive/Neural Bridge/h100_bundle_work/veatic_zip_parts","/Volumes/onn. Drive/Neural Bridge Artifacts/quarantine/duplicate-candidates/original-veatic/split-download-archive","6a1e15192085a0d7252ca2a9d803bda01f1d1d552b7488ea4848762b36523031","3218338827","original-veatic","dataset","exact-duplicate-split-archive","quarantine-deletion-candidate","concatenated-sha256=7c314f398cc37767e4313c0d96ead1db32744a2f03fd73d7d2b1132c7c684aca;exact-duplicate-of-download-archive;compatibility-reference-created;collection-manifest-created","destination-hash-verified","2026-07-17T21:48:48Z"
"/Volumes/onn. Drive/Neural Bridge/h100_bundle_work/veatic_zip_rclone_upload.log","/Volumes/onn. Drive/Neural Bridge Artifacts/quarantine/original-veatic/transport-logs/download-archive-upload.log","d06577bf4e325340e93ae54cd8be96de69e2406e8b4f5aa22b1173dd41dc0bc6","19424","original-veatic","dataset","transport-log","quarantine","compatibility-reference-created;collection-manifest-created","destination-hash-verified","2026-07-17T21:48:48Z"
"/Volumes/onn. Drive/Neural Bridge/benchmarks/veatic/tribe_cache_mlx","/Volumes/onn. Drive/Neural Bridge Artifacts/features/original-veatic/tribe-cache-converted-20260621","e3dc60343177da3e772a38cc45e3b00a62c89430f7fbc5ad4e5f5d9ffa7cda1d","4950699","original-veatic","encoder-transition","converted-tribe-feature-cache","external-feature-historical","compatibility-reference-created;collection-manifest-created","destination-hash-verified","2026-07-17T21:56:30Z"
"/Volumes/onn. Drive/Neural Bridge/benchmarks/veatic/tribe_cache_multimodal_pilot","/Volumes/onn. Drive/Neural Bridge Artifacts/features/original-veatic/multimodal-pilot-videos-83-84","f2a3a34b4fc003b647a4ca55bc59b37c350ef400ba1a62926315e2f7395a4a60","10101","original-veatic","encoder-transition","multimodal-pilot-cache","external-feature-historical","compatibility-reference-created;collection-manifest-created","destination-hash-verified","2026-07-17T21:56:30Z"
"/Volumes/onn. Drive/Neural Bridge/benchmarks/veatic/tribe_smoke","/Volumes/onn. Drive/Neural Bridge Artifacts/quarantine/original-veatic/encoder-smoke-20260621","1e7757707460f797f6ae21c70982fe0e6fa3720644411e8505cddce6a1aa141e","1816427","original-veatic","encoder-transition","encoder-smoke","quarantine","compatibility-reference-created;collection-manifest-created","destination-hash-verified","2026-07-17T21:56:30Z"
"/Volumes/onn. Drive/Neural Bridge/benchmarks/veatic/logs","/Volumes/onn. Drive/Neural Bridge Artifacts/quarantine/original-veatic/encoder-logs-20260621","d330f8b4e5df426f30e82fb58a611167fad0433c1390d605a51ab3cc861714ea","860","original-veatic","encoder-transition","encoder-development-logs","quarantine","compatibility-reference-created;collection-manifest-created","destination-hash-verified","2026-07-17T21:56:30Z"
"/Volumes/onn. Drive/Neural Bridge/benchmarks/veatic","/Volumes/onn. Drive/Neural Bridge Artifacts/runs/veatic-2.1/foundation/encoder-development-20260621","a306ea7e8f5c50cbd34537a9f9bcc36bc8fb79ee29fa18cc346d188f781ace6c","52400607","veatic-2.1","foundation","encoder-development-collection","external-development","selected=10 former vjepa21_mlx development directories;pre-rename-sha256=9e2d044826d7a0c80148560a1083a3a05c8e1afec659fb740a7d85f7832e3cd3;10 clean scientific child names;10 compatibility references created;collection-manifest-created","destination-hash-verified","2026-07-17T21:56:30Z"
"/Users/maxsartini/Neural Bridge/benchmarks/veatic","studies/original-veatic/v2-closure/results","b43a48bb9c902492346eb53a443a9b0c3cbfad87f27d30f6f65d6d0d94c0b7ab","37843884","original-veatic","v2-closure","final-compact-results","git-study","source-retained-until-final-cutover;source-and-destination-hashes-match;collection-manifest-created","destination-hash-verified","2026-07-17T22:02:31Z"
"/Users/maxsartini/Neural Bridge/docs/veatic_v2_evidence_summary.md","studies/original-veatic/v2-closure/report.md","bd4314589d4c03cc7b561430d57b0bb90bb36b8a9eff69dc54d78232ad7e1a36","7648","original-veatic","v2-closure","scientific-report","git-study","source-retained-until-final-cutover;source-and-destination-hashes-match;collection-manifest-created","destination-hash-verified","2026-07-17T22:02:31Z"
"/Users/maxsartini/Neural Bridge/backend/scripts","studies/original-veatic/v2-closure/reproduction/backend/scripts","47c23790a08a435a155cfa3e3d2b1ca4c6408f5bf2f4c836b8bc916e57ed4c9d","584380","original-veatic","v2-closure","selected-final-runners","git-study-code","selected=12 closure and post-v2 scripts;source-retained-until-final-cutover;file-hashes-match;collection-manifest-created","destination-hash-verified","2026-07-17T22:02:31Z"
"/Users/maxsartini/Neural Bridge/tests/test_veatic_strict_benchmark_contract.py","studies/original-veatic/v2-closure/reproduction/tests/test_veatic_strict_benchmark_contract.py","7df3cd16129c8076a847eec01d8b85a2238162b538132387032e567f5dedbf76","3992","original-veatic","v2-closure","strict-scientific-contract-test","git-study-test","source-retained-until-final-cutover;3 tests passed;collection-manifest-created","destination-hash-verified","2026-07-17T22:02:31Z"
"/Users/maxsartini/Neural Bridge/evidence/zero_label_video_only_deployment_stage0_20260714","studies/again/zero-label/stage-0","b59f718ae8b8814c535a8e40921ca630684007a8d3a63c7ff2294fbb9aee10d9","612775","again-zero-label","development","stage-0-compact-evidence","git-study","source-retained-until-final-cutover;source-and-destination-hashes-match;collection-manifest-created","destination-hash-verified","2026-07-17T22:05:52Z"
"/Users/maxsartini/Neural Bridge/evidence/zero_label_video_only_deployment_stage_a_20260714","studies/again/zero-label/stage-a","5dd986e056722cdb038bcc14e3bbb57b78797041d853404dda909d8546f5ed90","118313","again-zero-label","development","selected-stage-a-closure","git-study","selected=7 compact summary/audit/metrics/report files;full folds and predictions remain external;source-retained-until-final-cutover;file-hashes-match;collection-manifest-created","destination-hash-verified","2026-07-17T22:05:52Z"
"/Users/maxsartini/Neural Bridge/evidence/zero_label_video_only_direct_supervised_locked_confirmation_20260715","studies/again/zero-label/locked-confirmation","124a582c778fe5c78fc144290fb6abe4d4ed9a9a46e56e5f65e3b1e427edc190","446885","again-zero-label","locked-confirmation","selected-locked-closure","git-study","selected=12 compact summary/audit/metrics/manifests/report files;full predictions and fitted material remain external;source-retained-until-final-cutover;file-hashes-match;collection-manifest-created","destination-hash-verified","2026-07-17T22:05:52Z"
"/Users/maxsartini/Neural Bridge/backend/scripts","studies/again/zero-label/runners","1ef1e7a73839a8253b512f79daaca34d75034a0aa15a7bc710f02d9cfe000e24","151244","again-zero-label","closure","selected-programme-runners","git-study-code","selected=5 zero-label entrypoints;shared AGAIN dependencies deferred to coherent source migration;source-retained-until-final-cutover;file-hashes-match;collection-manifest-created","destination-hash-verified","2026-07-17T22:05:52Z"
"/Volumes/onn. Drive/Neural Bridge Artifacts/runs/again/phase-07-continuous/diagnostic-20260714","studies/again/phase-07-continuous/diagnostic","03369ef4c5cacec1535f60ef98bdcc3829486ac210c5009121413badf15f225d","181056","again","phase-07","selected-diagnostic-closure","git-study","selected=6 audit/manifest/metrics/report files;exact-value failure retained;external canonical run retained;file-hashes-match;collection-manifest-created","destination-hash-verified","2026-07-17T22:08:31Z"
"/Volumes/onn. Drive/Neural Bridge Artifacts/runs/again/phase-07-continuous/blocked-confirmation-20260714","studies/again/phase-07-continuous/blocked-confirmation","290bb82456cef454f0856df481d14e62006f94f4eb54dcca12711b931c7cf560","291726","again","phase-07","selected-blocked-confirmation-closure","git-study","selected=6 audit/manifest/metrics/report files;external canonical run retained;file-hashes-match;collection-manifest-created","destination-hash-verified","2026-07-17T22:08:31Z"
"/Volumes/onn. Drive/Neural Bridge Artifacts/runs/again/phase-07-continuous/grouped-confirmation-20260714","studies/again/phase-07-continuous/grouped-confirmation","d770af4f4be7460136801eb163a95ca814150f0bc0e49fccdd17334119fd0c75","271051","again","phase-07","selected-grouped-confirmation-closure","git-study","selected=6 audit/manifest/metrics/report files;external canonical run retained;file-hashes-match;collection-manifest-created","destination-hash-verified","2026-07-17T22:08:31Z"
"/Users/maxsartini/Neural Bridge/backend/scripts","","da3cd45fcbe46c1d2046a268360e1ddbc6d8ffaa6c505a9e0469bf00f39767f2","47853","again","phase-07","superseded-runner-snapshot","source-history-only","not migrated; canonical engine, compact evidence, and checkpoint replay retained","superseded-by-canonical-engine","2026-07-17T22:08:31Z"
"/Volumes/onn. Drive/Neural Bridge Artifacts/runs/again/phase-06-event-stabilization","studies/again/phase-06-event-stabilization/runs","f591442828021b12d2299874c0690646961b8d2fb14c393b1606d011e7154273","52270","again","phase-06","selected-failure-to-win-evidence","git-study","selected=28 result/report/manifest/audit files across 10 concluded branches;heavy run collection retained external;file-hashes-match;collection-manifest-created","destination-hash-verified","2026-07-17T22:10:46Z"
"/Users/maxsartini/Neural Bridge/docs","studies/again/phase-06-event-stabilization/plans","c19a21412972d4919fec7adbd44c6f41ad59b143aaf95f768220eac2bce06110","27322","again","phase-06","selected-prospective-plans","git-study","selected=7 plans;source-retained-until-final-cutover;file-hashes-match;collection-manifest-created","destination-hash-verified","2026-07-17T22:10:46Z"
"/Users/maxsartini/Neural Bridge/backend/scripts","","6ecfeba575c4cf7a2f3967d6ae4ebca8dbe9b41a95e3c05945aad2e52bf79e6c","142163","again","phase-06","superseded-runner-snapshot","source-history-only","not migrated; concluded plans and compact evidence retained; canonical engine owns execution","superseded-by-canonical-engine","2026-07-17T22:10:46Z"
"/Users/maxsartini/Neural Bridge/evidence","studies/again/phase-05-learned-bridge/evidence","b79e54b64c8fe6605b82f495d000a440e5cf488d98c08676a3322cdec789522b","14775631","again","phase-05-and-05-5","selected-transition-evidence","git-study","selected=14 current phase transition packages;251 compact files;two 24MB PCA row-index exports omitted in favor of registered external derived collection;source-retained-until-final-cutover;file-hashes-match;collection-manifest-created","destination-hash-verified","2026-07-17T22:19:18Z"
"/Users/maxsartini/Neural Bridge/backend/scripts","","1822dde05d52dcd8a40317a5babee73bba400f60a4d812399aa5075c20392352","591198","again","phase-05-and-05-5","superseded-runner-snapshot","source-history-only","not migrated; canonical engine, compact evidence, and checkpoint replay retained","superseded-by-canonical-engine","2026-07-17T22:19:18Z"
"/Users/maxsartini/Neural Bridge/tests/test_again_selected_head_420_confirmation.py","","c30f4ba4d071b22e6344f1a098f678134b599d61a777e8e257e3d91633432f5e","5297","again","phase-05-and-05-5","superseded-contract-test","source-history-only","not migrated; canonical closure and replay tests replace it","superseded-by-canonical-engine","2026-07-17T22:19:18Z"
"/Users/maxsartini/Neural Bridge/evidence/current_phase_5_5_review/06_again_phase_4_pca_bridge","studies/again/phase-04-pca-bridge/evidence","c989d647782ee4fc319661da80ebde03c392236b37d0f65c82fcaf926ad7d92e","14041188","again","phase-04","selected-pca-bridge-evidence","git-study","selected=34 manifest/promotion/metric/audit/report files;duplicate output view and 33MB fold-detail table omitted in favor of registered external benchmark core;source-retained-until-final-cutover;file-hashes-match;collection-manifest-created","destination-hash-verified","2026-07-17T22:23:23Z"
"/Users/maxsartini/Neural Bridge/backend/scripts","","d0da9898cf3b188e27c2a1bc9672ce98c5ad7f13feda7438b246b461efe6a817","90563","again","phase-04","superseded-runner-snapshot","source-history-only","not migrated; canonical fold-safe PCA contract and compact evidence retained","superseded-by-canonical-engine","2026-07-17T22:23:23Z"
"/Volumes/onn. Drive/Neural Bridge Artifacts/runs/again/phase-03-raw-cortical","studies/again/phase-03-raw-cortical/evidence","d8161691ffa92dd48752b7b8942ca070375bb2a01df25f69bce7554ea2992316","570121","again","phase-03","preliminary-and-final-compact-evidence","git-study","both compact external runs plus current report and representation metadata;heavy dense features remain external;source collections retained;file-hashes-match;collection-manifest-created","destination-hash-verified","2026-07-17T22:25:40Z"
"/Users/maxsartini/Neural Bridge/backend/scripts/run_again_dense_2hz_raw_cortical_benchmark.py","","f544cdc14a27696c94d743a3c0210393a55a8e660837648df2519a48b47fc120","331","again","phase-03","superseded-entrypoint","source-history-only","not migrated; canonical matched-control engine and compact evidence retained","superseded-by-canonical-engine","2026-07-17T22:25:40Z"
"/Volumes/onn. Drive/Neural Bridge Artifacts/runs/again/phase-02-ar-baseline","studies/again/phase-02-ar-baseline/evidence","1ec1b3abdbccf399000f83f93875a39e2177f14024d70f0656c57a1672d65930","117137","again","phase-02","development-and-final-ar-evidence","git-study","four revisions retained as non-canonical development;final benchmark isolated as canonical;external source collection retained;file-hashes-match;collection-manifest-created","destination-hash-verified","2026-07-17T22:28:21Z"
"/Users/maxsartini/Neural Bridge/backend/scripts/run_again_dense_2hz_ar_baseline.py","","1f6d7706877420154ff3cef34edc91fbe846308902f157cda3446e05869d0299","312","again","phase-02","superseded-entrypoint","source-history-only","not migrated; canonical AR contract and compact evidence retained","superseded-by-canonical-engine","2026-07-17T22:28:21Z"
"/Users/maxsartini/Neural Bridge/evidence/current_phase_5_5_review/03_again_phase_1_label_alignment","studies/again/phase-01-label-alignment/evidence","95adcf50393b65146c46978914a5c000569241da52e5d1c09914f4a13753df9a","5174","again","phase-01","compact-alignment-contract","git-study","row-level parquet remains in registered external derived collection;source-retained-until-final-cutover;source-and-destination-hashes-match;collection-manifest-created","destination-hash-verified","2026-07-17T22:30:27Z"
"/Users/maxsartini/Neural Bridge/backend/scripts/build_again_labels_aligned_2hz.py","","fba62e38e7da1204172d6a8bd4e8eb5c6ee3c4480934354a32e472d7d9100da3","314","again","phase-01","superseded-entrypoint","source-history-only","not migrated; canonical row and target contracts and compact evidence retained","superseded-by-canonical-engine","2026-07-17T22:30:27Z"
"/Users/maxsartini/Neural Bridge/evidence/current_phase_5_5_review/02_again_phase_0_inventory_dense_cache","studies/again/phase-00-dense-foundation/evidence","713f8336d84ea56e31142779c878f22a637c239158cc272859c884f652fcb0e0","2672841","again","phase-00","dense-foundation-contract-and-provenance","git-study","duplicate run metadata omitted;postpass manifest and explicit failure ledger added from registered external provenance;row index and features remain external;source retained until final cutover;file-hashes-match;collection-manifest-created","destination-hash-verified","2026-07-17T22:33:39Z"
"/Users/maxsartini/Neural Bridge/tools/run_h100_tribe_postpass.py","studies/again/phase-00-dense-foundation/runners/build_dense_tribe_postpass.py","817e4ddafa706545fb8619702fdf5327ff4ec013648477e8e6a7b67b2e325c0b","70597","again","phase-00","dense-tribe-postpass-runner","git-study-code","destination scientifically renamed;former machine-oriented filename retained only in provenance;source retained until final cutover;source-and-destination-hashes-match;collection-manifest-created","destination-hash-verified","2026-07-17T22:33:39Z"
"/Volumes/onn. Drive/Neural Bridge/data/external/AGAIN/cleaned","/Volumes/onn. Drive/Neural Bridge Artifacts/datasets/again/cleaned-20260720","0d44d95aa8dd6970695aef3b22499280b27331579bd43b2a6c128d4036e7a307","39250889145","again","dataset","cleaned-source-dataset-and-provenance","external-canonical","atomic same-volume rename preserved the source tree;bundle-only encoding manifests then added as separately verified files;final union registered at sha256_tree 77cc4d0936c8f7d75c4344a4c216abe2a7aff25216ed6ad745eed1a618c8cffd","atomic-rename-verified-union-registered","2026-07-20T16:31:04Z"
"/Volumes/onn. Drive/Neural Bridge/h100_bundle_work/h100_again_dense_vjepa21_vitg_float16_256_2hz/data/AGAIN/cleaned/manifests/again_dense_2hz_encode_plan.csv","/Volumes/onn. Drive/Neural Bridge Artifacts/datasets/again/cleaned-20260720/manifests/again_dense_2hz_encode_plan.csv","d69a3ffdfa4528c75f8706c4bb70c4673ba37135e7935f08ac92f4852cdbd15d","92533539","again","dataset","dense-2hz-encoding-plan","external-canonical","atomic same-volume move;unique bundle provenance merged into canonical dataset union;destination size and sha256 match","destination-hash-verified","2026-07-20T16:31:04Z"
"/Volumes/onn. Drive/Neural Bridge/h100_bundle_work/h100_again_dense_vjepa21_vitg_float16_256_2hz/data/AGAIN/cleaned/manifests/again_dense_2hz_encode_plan_summary.json","/Volumes/onn. Drive/Neural Bridge Artifacts/datasets/again/cleaned-20260720/manifests/again_dense_2hz_encode_plan_summary.json","cf08c03b34cede333768fdd973ffc29ab9c1cc7b9e4ae0c0c94f74c639c8b39f","286770","again","dataset","dense-2hz-encoding-plan-summary","external-canonical","atomic same-volume move;unique bundle provenance merged into canonical dataset union;destination size and sha256 match","destination-hash-verified","2026-07-20T16:31:04Z"
"/Volumes/onn. Drive/Neural Bridge/h100_bundle_work/h100_again_dense_vjepa21_vitg_float16_256_2hz/data/AGAIN/cleaned/manifests/again_dense_2hz_media_packet_audit.json","/Volumes/onn. Drive/Neural Bridge Artifacts/datasets/again/cleaned-20260720/manifests/again_dense_2hz_media_packet_audit.json","34963508ae1d49031426b9f6f871be0b719d402331a9507ad5441cc0da3bea7e","9551","again","dataset","dense-2hz-media-packet-audit","external-canonical","atomic same-volume move;unique bundle provenance merged into canonical dataset union;destination size and sha256 match","destination-hash-verified","2026-07-20T16:31:04Z"
"/Volumes/onn. Drive/Neural Bridge","/Volumes/onn. Drive/Neural Bridge Artifacts/archive/legacy-roots/external-neural-bridge-pre-canonical-20260720","5e8d77b41614802688dc11c4fb5588e22a8a5fa6e3ba543f93d505755225a884","101724454615","cross-programme","legacy-external-root","remaining-pre-canonical-external-working-tree","external-archive","atomic same-volume move verified at arrival;archive later carved into canonical model and dataset foundations and proven redundant content deleted;arrival and current hashes are both preserved in registry/artifacts/legacy-external-root-20260720.json;deletions recorded in internal/migration/deletion-manifest.csv","destination-hash-verified-archive-later-carved","2026-07-20T16:39:00Z"
"/Users/maxsartini/Neural Bridge Archive 20260718","/Volumes/onn. Drive/Neural Bridge Artifacts/archive/legacy-repositories/neural-bridge-pre-rebuild-working-tree-20260718","333bbc46c08a33f0271ca6ed8e889fbeb3ed23279c8509a70b457e4569c869e6","38990670187","cross-programme","legacy-internal-repository","complete-pre-rebuild-git-working-tree-and-local-assets","external-archive","cross-volume copy verified at arrival;source deleted after explicit approval;reproducible environments and host tools later removed from the retained archive;arrival and current hashes are preserved in registry/artifacts/legacy-internal-repository-20260718.json;deletions recorded in internal/migration/deletion-manifest.csv","destination-hash-verified-source-deleted-archive-later-carved","2026-07-20T16:44:00Z"
"/Volumes/onn. Drive/Neural Bridge Artifacts/archive/legacy-roots/external-neural-bridge-pre-canonical-20260720/cache/vjepa21-pytorch","/Volumes/onn. Drive/Neural Bridge Artifacts/models/vjepa-2.1/vitg-384/upstream-pytorch-checkpoint","b5d5302e343466ac2f8a4a1cb48a27c127e61130972c63dfb2b809fe54c1d989","16878318788","cross-programme","model-foundation","V-JEPA-2.1-ViT-g-384-complete-PyTorch-checkpoint","external-model","atomic same-volume rename;destination size file count and tree hash verified;registry/artifacts/encoder-model-foundation-20260720.json","destination-hash-verified","2026-07-20T18:59:06Z"
"/Volumes/onn. Drive/Neural Bridge Artifacts/archive/legacy-roots/external-neural-bridge-pre-canonical-20260720/models/cortical-upstream/facebook-vjepa2-vitg-fpc64-256","/Volumes/onn. Drive/Neural Bridge Artifacts/models/vjepa-2.1/vitg-fpc64-256/upstream-pytorch-snapshot","d046eb977500468a4c32db7b6a4a21fbf02ca07ec7fb5c937b1a563dc4d4d73c","4138317533","cross-programme","model-foundation","V-JEPA-2.1-ViT-g-FPC64-256-PyTorch-snapshot","external-model","atomic same-volume rename;destination size file count and tree hash verified;registry/artifacts/encoder-model-foundation-20260720.json","destination-hash-verified","2026-07-20T18:59:06Z"
"/Volumes/onn. Drive/Neural Bridge Artifacts/archive/legacy-roots/external-neural-bridge-pre-canonical-20260720/models/upstream-encoders-mlx/facebook-vjepa2-vitg-fpc64-256","/Volumes/onn. Drive/Neural Bridge Artifacts/models/vjepa-2.1/vitg-fpc64-256/mlx-snapshot","a7a7ab48013a5892e804752337e2ff714e46e73d4b70d00add12d6492c49c60f","2069201769","cross-programme","model-foundation","V-JEPA-2.1-ViT-g-FPC64-256-MLX-snapshot","external-model","atomic same-volume rename;destination size file count and tree hash verified;registry/artifacts/encoder-model-foundation-20260720.json","destination-hash-verified","2026-07-20T18:59:06Z"
"/Volumes/onn. Drive/Neural Bridge Artifacts/archive/legacy-roots/external-neural-bridge-pre-canonical-20260720/models/vjepa21_mlx/vitg","/Volumes/onn. Drive/Neural Bridge Artifacts/models/vjepa-2.1/vitg-384/target-encoder-float16-mlx","811456298437564ca11d3594e7af2a3aef1244441f0cc9e75cadd12742c33918","2026630538","cross-programme","model-foundation","V-JEPA-2.1-ViT-g-384-target-encoder-float16-MLX","external-model","atomic same-volume rename;destination size file count and tree hash verified;registry/artifacts/encoder-model-foundation-20260720.json","destination-hash-verified","2026-07-20T18:59:06Z"
"/Volumes/onn. Drive/Neural Bridge Artifacts/archive/legacy-roots/external-neural-bridge-pre-canonical-20260720/h100_bundle_work/h100_again_dense_vjepa21_vitg_float16_256_2hz/models/vjepa21","/Volumes/onn. Drive/Neural Bridge Artifacts/models/vjepa-2.1/vitg-384/target-encoder-float16-pytorch","a833a5daf0b7bd171bf708c0b7438949d31da1666873300ef1c6bd99a21a66cb","2026701792","again","model-foundation","V-JEPA-2.1-ViT-g-384-target-encoder-float16-PyTorch-dense-cache-payload","external-model","atomic same-volume rename;destination size file count and tree hash verified;registry/artifacts/encoder-model-foundation-20260720.json","destination-hash-verified","2026-07-20T18:59:06Z"
"/Volumes/onn. Drive/Neural Bridge Artifacts/archive/legacy-roots/external-neural-bridge-pre-canonical-20260720/models/tribe/facebook-tribev2","/Volumes/onn. Drive/Neural Bridge Artifacts/models/tribe-v2/upstream-pytorch-checkpoint","0b2ea217a087cb3854a46231578b3e7fa0706de41ffcf968ae8f8bd28b53e28b","708900417","cross-programme","model-foundation","TRIBE-v2-upstream-PyTorch-checkpoint","external-model","atomic same-volume rename;destination size file count and tree hash verified;registry/artifacts/encoder-model-foundation-20260720.json","destination-hash-verified","2026-07-20T18:59:06Z"
"/Volumes/onn. Drive/Neural Bridge Artifacts/archive/legacy-roots/external-neural-bridge-pre-canonical-20260720/models/tribe-mlx/zimengxiong-tribev2-mlx","/Volumes/onn. Drive/Neural Bridge Artifacts/models/tribe-v2/mlx-multidtype-conversion","2d89e237993c3d89bf60d77d6beabad9194f9cc265c4da9e033c66f882d0ccf8","1417737364","cross-programme","model-foundation","TRIBE-v2-MLX-multidtype-conversion","external-model","atomic same-volume rename;destination size file count and tree hash verified;registry/artifacts/encoder-model-foundation-20260720.json","destination-hash-verified","2026-07-20T18:59:06Z"
"/Volumes/onn. Drive/Neural Bridge Artifacts/archive/legacy-roots/external-neural-bridge-pre-canonical-20260720/h100_bundle_work/h100_again_dense_vjepa21_vitg_float16_256_2hz/models/tribe_v2","/Volumes/onn. Drive/Neural Bridge Artifacts/models/tribe-v2/pytorch-float16-compatibility","7b3bbd8898c77277261ce27b2bbd8fc580b3a923a48e1a1ceb466abc9d684d5f","354465756","again","model-foundation","TRIBE-v2-PyTorch-float16-dense-cache-compatibility-payload","external-model","atomic same-volume rename;destination size file count and tree hash verified;registry/artifacts/encoder-model-foundation-20260720.json","destination-hash-verified","2026-07-20T18:59:06Z"
