best_lag_seconds,event_count,feature_mode,max_correlation,reliable,target,threshold,video_id
-1,1,cortical_pca_64,-0.5631987802718069,False,arousal__future_spike_1_3s,0.05,0
,0,cortical_pca_64,,False,arousal__future_spike_1_3s,0.05,1
1,3,cortical_pca_64,0.8763642060294823,True,arousal__future_spike_1_3s,0.05,2
2,5,cortical_pca_64,0.39424734979704273,True,arousal__future_spike_1_3s,0.05,3
4,3,cortical_pca_64,0.872763656565849,True,arousal__future_spike_1_3s,0.05,4
,0,cortical_pca_64,,False,arousal__future_spike_1_3s,0.05,5
-3,5,cortical_pca_64,-0.9395343282107811,False,arousal__future_spike_1_3s,0.05,6
-8,5,cortical_pca_64,-0.7445767835293702,True,arousal__future_spike_1_3s,0.05,7
,0,cortical_pca_64,,False,arousal__future_spike_1_3s,0.05,8
,0,cortical_pca_64,,False,arousal__future_spike_1_3s,0.05,9
1,4,cortical_pca_64,0.7627366064373944,True,arousal__future_spike_1_3s,0.05,10
-10,9,cortical_pca_64,0.6772767046422998,True,arousal__future_spike_1_3s,0.05,11
-9,5,cortical_pca_64,-0.6553982901525569,True,arousal__future_spike_1_3s,0.05,13
,0,cortical_pca_64,,False,arousal__future_spike_1_3s,0.05,14
,0,cortical_pca_64,,False,arousal__future_spike_1_3s,0.05,15
5,1,cortical_pca_64,-0.366747966874655,False,arousal__future_spike_1_3s,0.05,16
,0,cortical_pca_64,,False,arousal__future_spike_1_3s,0.05,17
10,6,cortical_pca_64,-0.8798262764236374,True,arousal__future_spike_1_3s,0.05,18
,0,cortical_pca_64,,False,arousal__future_spike_1_3s,0.05,21
2,2,cortical_pca_64,0.7094447179025254,False,arousal__future_spike_1_3s,0.05,22
-8,10,cortical_pca_64,-0.6418372817910398,True,arousal__future_spike_1_3s,0.05,23
3,1,cortical_pca_64,0.3070160381070313,False,arousal__future_spike_1_3s,0.05,24
2,4,cortical_pca_64,0.7109676729503399,True,arousal__future_spike_1_3s,0.05,25
,0,cortical_pca_64,,False,arousal__future_spike_1_3s,0.05,26
5,1,cortical_pca_64,0.4636305788303033,False,arousal__future_spike_1_3s,0.05,27
9,1,cortical_pca_64,0.9061469225975053,False,arousal__future_spike_1_3s,0.05,28
,0,cortical_pca_64,,False,arousal__future_spike_1_3s,0.05,29
,0,cortical_pca_64,,False,arousal__future_spike_1_3s,0.05,30
,0,cortical_pca_64,,False,arousal__future_spike_1_3s,0.05,31
,0,cortical_pca_64,,False,arousal__future_spike_1_3s,0.05,32
,0,cortical_pca_64,,False,arousal__future_spike_1_3s,0.05,33
,0,cortical_pca_64,,False,arousal__future_spike_1_3s,0.05,34
,0,cortical_pca_64,,False,arousal__future_spike_1_3s,0.05,35
9,3,cortical_pca_64,0.9043969040323618,True,arousal__future_spike_1_3s,0.05,36
,0,cortical_pca_64,,False,arousal__future_spike_1_3s,0.05,37
,0,cortical_pca_64,,False,arousal__future_spike_1_3s,0.05,38
,0,cortical_pca_64,,False,arousal__future_spike_1_3s,0.05,39
,0,cortical_pca_64,,False,arousal__future_spike_1_3s,0.05,40
2,13,cortical_pca_64,0.935973232608208,True,arousal__future_spike_1_3s,0.05,41
10,1,cortical_pca_64,-0.3043853399002262,False,arousal__future_spike_1_3s,0.05,42
,0,cortical_pca_64,,False,arousal__future_spike_1_3s,0.05,43
,0,cortical_pca_64,,False,arousal__future_spike_1_3s,0.05,44
-9,7,cortical_pca_64,0.9055255249822025,True,arousal__future_spike_1_3s,0.05,45
-4,2,cortical_pca_64,-0.40167201709260547,False,arousal__future_spike_1_3s,0.05,46
10,1,cortical_pca_64,-0.6034931141588445,False,arousal__future_spike_1_3s,0.05,47
,0,cortical_pca_64,,False,arousal__future_spike_1_3s,0.05,48
-5,11,cortical_pca_64,-0.8963222499087787,True,arousal__future_spike_1_3s,0.05,49
10,4,cortical_pca_64,-0.749249229187082,True,arousal__future_spike_1_3s,0.05,50
-6,2,cortical_pca_64,-0.585214532541547,False,arousal__future_spike_1_3s,0.05,51
,0,cortical_pca_64,,False,arousal__future_spike_1_3s,0.05,53
,0,cortical_pca_64,,False,arousal__future_spike_1_3s,0.05,54
,0,cortical_pca_64,,False,arousal__future_spike_1_3s,0.05,55
,0,cortical_pca_64,,False,arousal__future_spike_1_3s,0.05,56
7,1,cortical_pca_64,0.3515105820635624,False,arousal__future_spike_1_3s,0.05,57
,0,cortical_pca_64,,False,arousal__future_spike_1_3s,0.05,58
-6,9,cortical_pca_64,-0.7035770755839369,True,arousal__future_spike_1_3s,0.05,59
,0,cortical_pca_64,,False,arousal__future_spike_1_3s,0.05,60
2,9,cortical_pca_64,0.8660275955691689,True,arousal__future_spike_1_3s,0.05,61
,0,cortical_pca_64,,False,arousal__future_spike_1_3s,0.05,62
7,3,cortical_pca_64,0.9999999999999999,False,arousal__future_spike_1_3s,0.05,63
3,4,cortical_pca_64,0.8263679352291255,True,arousal__future_spike_1_3s,0.05,64
,0,cortical_pca_64,,False,arousal__future_spike_1_3s,0.05,65
,0,cortical_pca_64,,False,arousal__future_spike_1_3s,0.05,66
,0,cortical_pca_64,,False,arousal__future_spike_1_3s,0.05,67
2,5,cortical_pca_64,0.8673469419533084,True,arousal__future_spike_1_3s,0.05,68
-10,2,cortical_pca_64,-0.5585313054952131,False,arousal__future_spike_1_3s,0.05,69
-8,4,cortical_pca_64,-0.7693002013220706,True,arousal__future_spike_1_3s,0.05,70
,0,cortical_pca_64,,False,arousal__future_spike_1_3s,0.05,71
10,3,cortical_pca_64,-0.6647499950091378,True,arousal__future_spike_1_3s,0.05,72
-10,12,cortical_pca_64,0.6792676183438615,True,arousal__future_spike_1_3s,0.05,73
-9,3,cortical_pca_64,-0.5151848916165481,True,arousal__future_spike_1_3s,0.05,74
,0,cortical_pca_64,,False,arousal__future_spike_1_3s,0.05,75
8,5,cortical_pca_64,-0.7804198085737798,True,arousal__future_spike_1_3s,0.05,76
,0,cortical_pca_64,,False,arousal__future_spike_1_3s,0.05,77
10,4,cortical_pca_64,-0.838474035189346,True,arousal__future_spike_1_3s,0.05,78
,0,cortical_pca_64,,False,arousal__future_spike_1_3s,0.05,79
,0,cortical_pca_64,,False,arousal__future_spike_1_3s,0.05,80
,0,cortical_pca_64,,False,arousal__future_spike_1_3s,0.05,82
-10,5,cortical_pca_64,-0.43706398268825125,True,arousal__future_spike_1_3s,0.05,83
,0,cortical_pca_64,,False,arousal__future_spike_1_3s,0.05,84
7,11,cortical_pca_64,-0.5520277046405346,True,arousal__future_spike_1_3s,0.05,85
1,3,cortical_pca_64,0.6918669533054286,True,arousal__future_spike_1_3s,0.05,86
0,3,cortical_pca_64,-0.47060182426663044,True,arousal__future_spike_1_3s,0.05,87
,0,cortical_pca_64,,False,arousal__future_spike_1_3s,0.05,88
9,13,cortical_pca_64,0.8062103478394651,True,arousal__future_spike_1_3s,0.05,89
5,6,cortical_pca_64,-0.4967970462695659,True,arousal__future_spike_1_3s,0.05,90
9,9,cortical_pca_64,-0.5103814682434307,True,arousal__future_spike_1_3s,0.05,91
5,5,cortical_pca_64,0.9022714270370922,True,arousal__future_spike_1_3s,0.05,92
7,8,cortical_pca_64,-0.6281243347633433,True,arousal__future_spike_1_3s,0.05,93
-9,6,cortical_pca_64,-0.7618789728829244,True,arousal__future_spike_1_3s,0.05,94
3,3,cortical_pca_64,0.9039570100471476,False,arousal__future_spike_1_3s,0.05,95
-10,5,cortical_pca_64,-0.7643439456685037,True,arousal__future_spike_1_3s,0.05,96
-9,6,cortical_pca_64,-0.6498759311460801,True,arousal__future_spike_1_3s,0.05,97
-4,1,cortical_pca_64,-0.27777704341506854,False,arousal__future_spike_1_3s,0.05,98
-9,4,cortical_pca_64,-0.2926124289134998,True,arousal__future_spike_1_3s,0.05,99
-4,9,cortical_pca_64,-0.9188942479154859,True,arousal__future_spike_1_3s,0.05,100
-9,3,cortical_pca_64,-0.8795776689921163,True,arousal__future_spike_1_3s,0.05,101
10,5,cortical_pca_64,-0.4378277264417716,True,arousal__future_spike_1_3s,0.05,102
-10,5,cortical_pca_64,-0.6614186010710826,True,arousal__future_spike_1_3s,0.05,103
,0,cortical_pca_64,,False,arousal__future_spike_1_3s,0.05,104
10,1,cortical_pca_64,-0.43797229038696966,False,arousal__future_spike_1_3s,0.05,105
-7,7,cortical_pca_64,-0.7925954620682119,True,arousal__future_spike_1_3s,0.05,106
-5,4,cortical_pca_64,-0.7052657140042662,True,arousal__future_spike_1_3s,0.05,107
5,1,cortical_pca_64,-0.3505094014173924,False,arousal__future_spike_1_3s,0.05,108
,0,cortical_pca_64,,False,arousal__future_spike_1_3s,0.05,109
-5,9,cortical_pca_64,0.6115272332524824,True,arousal__future_spike_1_3s,0.05,110
2,16,cortical_pca_64,0.8915219410354652,True,arousal__future_spike_1_3s,0.05,111
3,9,cortical_pca_64,0.527736359246023,True,arousal__future_spike_1_3s,0.05,112
3,7,cortical_pca_64,0.7614269505707874,True,arousal__future_spike_1_3s,0.05,113
,0,cortical_pca_64,,False,arousal__future_spike_1_3s,0.05,114
-10,5,cortical_pca_64,-0.6243247299532871,True,arousal__future_spike_1_3s,0.05,115
2,9,cortical_pca_64,0.835057882247843,True,arousal__future_spike_1_3s,0.05,116
3,8,cortical_pca_64,0.5966506220249232,True,arousal__future_spike_1_3s,0.05,117
3,10,cortical_pca_64,0.5394149960190897,True,arousal__future_spike_1_3s,0.05,118
10,5,cortical_pca_64,0.404437904697226,True,arousal__future_spike_1_3s,0.05,119
-4,7,cortical_pca_64,-0.40482419441018935,True,arousal__future_spike_1_3s,0.05,120
,0,cortical_pca_64,,False,arousal__future_spike_1_3s,0.05,121
3,3,cortical_pca_64,0.9049546207114578,True,arousal__future_spike_1_3s,0.05,122
-10,4,cortical_pca_64,0.9972286696124719,True,arousal__future_spike_1_3s,0.05,123
10,1,cortical_pca64_delta,-0.4210767432144081,False,arousal__future_spike_1_3s,0.05,0
,0,cortical_pca64_delta,,False,arousal__future_spike_1_3s,0.05,1
-10,3,cortical_pca64_delta,0.900425742024957,True,arousal__future_spike_1_3s,0.05,2
-8,5,cortical_pca64_delta,0.4999685783645113,True,arousal__future_spike_1_3s,0.05,3
4,3,cortical_pca64_delta,0.8807902952521005,True,arousal__future_spike_1_3s,0.05,4
,0,cortical_pca64_delta,,False,arousal__future_spike_1_3s,0.05,5
-3,5,cortical_pca64_delta,-0.9856767644272736,False,arousal__future_spike_1_3s,0.05,6
-8,5,cortical_pca64_delta,-0.8845413670227398,True,arousal__future_spike_1_3s,0.05,7
,0,cortical_pca64_delta,,False,arousal__future_spike_1_3s,0.05,8
,0,cortical_pca64_delta,,False,arousal__future_spike_1_3s,0.05,9
-5,4,cortical_pca64_delta,0.7343743637396098,True,arousal__future_spike_1_3s,0.05,10
-7,9,cortical_pca64_delta,0.563451366272473,True,arousal__future_spike_1_3s,0.05,11
-9,5,cortical_pca64_delta,-0.5542945081336577,True,arousal__future_spike_1_3s,0.05,13
,0,cortical_pca64_delta,,False,arousal__future_spike_1_3s,0.05,14
,0,cortical_pca64_delta,,False,arousal__future_spike_1_3s,0.05,15
5,1,cortical_pca64_delta,-0.4740589661097884,False,arousal__future_spike_1_3s,0.05,16
,0,cortical_pca64_delta,,False,arousal__future_spike_1_3s,0.05,17
9,6,cortical_pca64_delta,-0.8556925937738951,True,arousal__future_spike_1_3s,0.05,18
,0,cortical_pca64_delta,,False,arousal__future_spike_1_3s,0.05,21
2,2,cortical_pca64_delta,0.635138186066247,False,arousal__future_spike_1_3s,0.05,22
8,10,cortical_pca64_delta,-0.7402708152223989,True,arousal__future_spike_1_3s,0.05,23
-8,1,cortical_pca64_delta,0.4343825380915519,False,arousal__future_spike_1_3s,0.05,24
2,4,cortical_pca64_delta,0.7256649193383485,True,arousal__future_spike_1_3s,0.05,25
,0,cortical_pca64_delta,,False,arousal__future_spike_1_3s,0.05,26
3,1,cortical_pca64_delta,0.4515293344644379,False,arousal__future_spike_1_3s,0.05,27
9,1,cortical_pca64_delta,0.7165640136244072,False,arousal__future_spike_1_3s,0.05,28
,0,cortical_pca64_delta,,False,arousal__future_spike_1_3s,0.05,29
,0,cortical_pca64_delta,,False,arousal__future_spike_1_3s,0.05,30
,0,cortical_pca64_delta,,False,arousal__future_spike_1_3s,0.05,31
,0,cortical_pca64_delta,,False,arousal__future_spike_1_3s,0.05,32
,0,cortical_pca64_delta,,False,arousal__future_spike_1_3s,0.05,33
,0,cortical_pca64_delta,,False,arousal__future_spike_1_3s,0.05,34
,0,cortical_pca64_delta,,False,arousal__future_spike_1_3s,0.05,35
9,3,cortical_pca64_delta,0.7180643689396566,True,arousal__future_spike_1_3s,0.05,36
,0,cortical_pca64_delta,,False,arousal__future_spike_1_3s,0.05,37
,0,cortical_pca64_delta,,False,arousal__future_spike_1_3s,0.05,38
,0,cortical_pca64_delta,,False,arousal__future_spike_1_3s,0.05,39
,0,cortical_pca64_delta,,False,arousal__future_spike_1_3s,0.05,40
2,13,cortical_pca64_delta,0.9371113090708623,True,arousal__future_spike_1_3s,0.05,41
0,1,cortical_pca64_delta,-0.3424249875532726,False,arousal__future_spike_1_3s,0.05,42
,0,cortical_pca64_delta,,False,arousal__future_spike_1_3s,0.05,43
,0,cortical_pca64_delta,,False,arousal__future_spike_1_3s,0.05,44
-10,7,cortical_pca64_delta,0.8301018239315827,True,arousal__future_spike_1_3s,0.05,45
-3,2,cortical_pca64_delta,-0.4939146003992241,False,arousal__future_spike_1_3s,0.05,46
10,1,cortical_pca64_delta,-0.5356995892948994,False,arousal__future_spike_1_3s,0.05,47
,0,cortical_pca64_delta,,False,arousal__future_spike_1_3s,0.05,48
-6,11,cortical_pca64_delta,-0.8311667947024608,True,arousal__future_spike_1_3s,0.05,49
10,4,cortical_pca64_delta,-0.843996295797833,True,arousal__future_spike_1_3s,0.05,50
-5,2,cortical_pca64_delta,-0.7108070382332011,False,arousal__future_spike_1_3s,0.05,51
,0,cortical_pca64_delta,,False,arousal__future_spike_1_3s,0.05,53
,0,cortical_pca64_delta,,False,arousal__future_spike_1_3s,0.05,54
,0,cortical_pca64_delta,,False,arousal__future_spike_1_3s,0.05,55
,0,cortical_pca64_delta,,False,arousal__future_spike_1_3s,0.05,56
2,1,cortical_pca64_delta,0.4682673171191085,False,arousal__future_spike_1_3s,0.05,57
,0,cortical_pca64_delta,,False,arousal__future_spike_1_3s,0.05,58
3,9,cortical_pca64_delta,0.7120302156847726,True,arousal__future_spike_1_3s,0.05,59
,0,cortical_pca64_delta,,False,arousal__future_spike_1_3s,0.05,60
6,9,cortical_pca64_delta,-0.8148516035337864,True,arousal__future_spike_1_3s,0.05,61
,0,cortical_pca64_delta,,False,arousal__future_spike_1_3s,0.05,62
7,3,cortical_pca64_delta,1.0,False,arousal__future_spike_1_3s,0.05,63
3,4,cortical_pca64_delta,0.7737236404114551,True,arousal__future_spike_1_3s,0.05,64
,0,cortical_pca64_delta,,False,arousal__future_spike_1_3s,0.05,65
,0,cortical_pca64_delta,,False,arousal__future_spike_1_3s,0.05,66
,0,cortical_pca64_delta,,False,arousal__future_spike_1_3s,0.05,67
-8,5,cortical_pca64_delta,-0.9136037412163689,True,arousal__future_spike_1_3s,0.05,68
7,2,cortical_pca64_delta,-0.5362100314680475,False,arousal__future_spike_1_3s,0.05,69
-6,4,cortical_pca64_delta,-0.7405119376064173,True,arousal__future_spike_1_3s,0.05,70
,0,cortical_pca64_delta,,False,arousal__future_spike_1_3s,0.05,71
10,3,cortical_pca64_delta,-0.598693901078027,True,arousal__future_spike_1_3s,0.05,72
10,12,cortical_pca64_delta,-0.6770395060768661,True,arousal__future_spike_1_3s,0.05,73
-4,3,cortical_pca64_delta,0.4053012773593779,True,arousal__future_spike_1_3s,0.05,74
,0,cortical_pca64_delta,,False,arousal__future_spike_1_3s,0.05,75
1,5,cortical_pca64_delta,0.7418862445942543,True,arousal__future_spike_1_3s,0.05,76
,0,cortical_pca64_delta,,False,arousal__future_spike_1_3s,0.05,77
10,4,cortical_pca64_delta,-0.8183737612923501,True,arousal__future_spike_1_3s,0.05,78
,0,cortical_pca64_delta,,False,arousal__future_spike_1_3s,0.05,79
,0,cortical_pca64_delta,,False,arousal__future_spike_1_3s,0.05,80
,0,cortical_pca64_delta,,False,arousal__future_spike_1_3s,0.05,82
-7,5,cortical_pca64_delta,-0.5224248665638869,True,arousal__future_spike_1_3s,0.05,83
,0,cortical_pca64_delta,,False,arousal__future_spike_1_3s,0.05,84
6,11,cortical_pca64_delta,-0.5137549076153696,True,arousal__future_spike_1_3s,0.05,85
-8,3,cortical_pca64_delta,0.7364929045838782,True,arousal__future_spike_1_3s,0.05,86
6,3,cortical_pca64_delta,-0.4068264714053767,True,arousal__future_spike_1_3s,0.05,87
,0,cortical_pca64_delta,,False,arousal__future_spike_1_3s,0.05,88
9,13,cortical_pca64_delta,0.8268755149798427,True,arousal__future_spike_1_3s,0.05,89
-3,6,cortical_pca64_delta,-0.5202712389044865,True,arousal__future_spike_1_3s,0.05,90
-10,9,cortical_pca64_delta,-0.6060525573841549,True,arousal__future_spike_1_3s,0.05,91
-9,5,cortical_pca64_delta,-0.9335082915216847,True,arousal__future_spike_1_3s,0.05,92
3,8,cortical_pca64_delta,0.3320533375947433,True,arousal__future_spike_1_3s,0.05,93
-9,6,cortical_pca64_delta,-0.791852060926533,True,arousal__future_spike_1_3s,0.05,94
-4,3,cortical_pca64_delta,0.942620322232093,False,arousal__future_spike_1_3s,0.05,95
3,5,cortical_pca64_delta,0.5653425451454239,True,arousal__future_spike_1_3s,0.05,96
-7,6,cortical_pca64_delta,-0.5770511850842568,True,arousal__future_spike_1_3s,0.05,97
-2,1,cortical_pca64_delta,-0.35757198941401347,False,arousal__future_spike_1_3s,0.05,98
-7,4,cortical_pca64_delta,-0.3173182440385976,True,arousal__future_spike_1_3s,0.05,99
-10,9,cortical_pca64_delta,-0.9662317286964758,True,arousal__future_spike_1_3s,0.05,100
-10,3,cortical_pca64_delta,-0.8856436655660256,True,arousal__future_spike_1_3s,0.05,101
-1,5,cortical_pca64_delta,-0.4330790735154062,True,arousal__future_spike_1_3s,0.05,102
-10,5,cortical_pca64_delta,-0.7479830951752781,True,arousal__future_spike_1_3s,0.05,103
,0,cortical_pca64_delta,,False,arousal__future_spike_1_3s,0.05,104
10,1,cortical_pca64_delta,-0.468680016976656,False,arousal__future_spike_1_3s,0.05,105
-7,7,cortical_pca64_delta,-0.7589617133875991,True,arousal__future_spike_1_3s,0.05,106
-4,4,cortical_pca64_delta,-0.6867327058143359,True,arousal__future_spike_1_3s,0.05,107
10,1,cortical_pca64_delta,0.45997475913297026,False,arousal__future_spike_1_3s,0.05,108
,0,cortical_pca64_delta,,False,arousal__future_spike_1_3s,0.05,109
2,9,cortical_pca64_delta,0.6718299531704128,True,arousal__future_spike_1_3s,0.05,110
2,16,cortical_pca64_delta,0.8122116130158101,True,arousal__future_spike_1_3s,0.05,111
3,9,cortical_pca64_delta,0.6060305949776891,True,arousal__future_spike_1_3s,0.05,112
3,7,cortical_pca64_delta,0.7747932915665543,True,arousal__future_spike_1_3s,0.05,113
,0,cortical_pca64_delta,,False,arousal__future_spike_1_3s,0.05,114
-10,5,cortical_pca64_delta,-0.6370861293598112,True,arousal__future_spike_1_3s,0.05,115
3,9,cortical_pca64_delta,0.8354991035245937,True,arousal__future_spike_1_3s,0.05,116
3,8,cortical_pca64_delta,0.5964641875357853,True,arousal__future_spike_1_3s,0.05,117
2,10,cortical_pca64_delta,0.5314874743556759,True,arousal__future_spike_1_3s,0.05,118
3,5,cortical_pca64_delta,0.4401980499252025,True,arousal__future_spike_1_3s,0.05,119
-7,7,cortical_pca64_delta,-0.4578341245480152,True,arousal__future_spike_1_3s,0.05,120
,0,cortical_pca64_delta,,False,arousal__future_spike_1_3s,0.05,121
-9,3,cortical_pca64_delta,0.9551583453975949,True,arousal__future_spike_1_3s,0.05,122
3,4,cortical_pca64_delta,0.956174995239192,True,arousal__future_spike_1_3s,0.05,123
