ar_accuracy,ar_balanced_accuracy,ar_decision_threshold,ar_event_count,ar_f1,ar_fn,ar_fp,ar_positive_class_rate,ar_pr_auc,ar_precision,ar_predicted_positive_count,ar_predicted_positive_rate,ar_recall,ar_tn,ar_top_10pct_recall,ar_top_1pct_recall,ar_top_5pct_recall,ar_top_event_count_recall,ar_tp,event_count,feature_mode,horizon_seconds,n,offset_seconds,random_accuracy,random_balanced_accuracy,random_decision_threshold,random_event_count,random_f1,random_fn,random_fp,random_positive_class_rate,random_pr_auc,random_precision,random_predicted_positive_count,random_predicted_positive_rate,random_recall,random_tn,random_top_10pct_recall,random_top_1pct_recall,random_top_5pct_recall,random_top_event_count_recall,random_tp,real_accuracy,real_balanced_accuracy,real_decision_threshold,real_event_count,real_f1,real_fn,real_fp,real_positive_class_rate,real_pr_auc,real_precision,real_predicted_positive_count,real_predicted_positive_rate,real_recall,real_tn,real_top_10pct_recall,real_top_1pct_recall,real_top_5pct_recall,real_top_event_count_recall,real_tp,real_vs_ar_f1_delta,real_vs_ar_pr_auc_delta,real_vs_random_f1_delta,real_vs_random_pr_auc_delta,real_vs_shuffled_f1_delta,real_vs_shuffled_pr_auc_delta,real_vs_timestamp_pr_auc_delta,real_vs_video_time_pr_auc_delta,shuffled_accuracy,shuffled_balanced_accuracy,shuffled_decision_threshold,shuffled_event_count,shuffled_f1,shuffled_fn,shuffled_fp,shuffled_positive_class_rate,shuffled_pr_auc,shuffled_precision,shuffled_predicted_positive_count,shuffled_predicted_positive_rate,shuffled_recall,shuffled_tn,shuffled_top_10pct_recall,shuffled_top_1pct_recall,shuffled_top_5pct_recall,shuffled_top_event_count_recall,shuffled_tp,split,subset,success_all_controls,target,threshold,timestamp_accuracy,timestamp_balanced_accuracy,timestamp_decision_threshold,timestamp_event_count,timestamp_f1,timestamp_fn,timestamp_fp,timestamp_positive_class_rate,timestamp_pr_auc,timestamp_precision,timestamp_predicted_positive_count,timestamp_predicted_positive_rate,timestamp_recall,timestamp_tn,timestamp_top_10pct_recall,timestamp_top_1pct_recall,timestamp_top_5pct_recall,timestamp_top_event_count_recall,timestamp_tp,video_time_accuracy,video_time_balanced_accuracy,video_time_decision_threshold,video_time_event_count,video_time_f1,video_time_fn,video_time_fp,video_time_positive_class_rate,video_time_pr_auc,video_time_precision,video_time_predicted_positive_count,video_time_predicted_positive_rate,video_time_recall,video_time_tn,video_time_top_10pct_recall,video_time_top_1pct_recall,video_time_top_5pct_recall,video_time_top_event_count_recall,video_time_tp
0.13870094722598106,0.5002686331943074,0.19100423814519887,392.0,0.2340553549939832,3.0,2543.0,0.13261163734776726,0.19692347474408667,0.13267394270122784,2932.0,0.9918809201623816,0.9923469387755102,21.0,0.16071428571428573,0.03571428571428571,0.11479591836734694,0.18877551020408162,389.0,392,cortical_pca_64,,2956,0,0.16542625169147496,0.508110732592569,0.21745120894027645,392.0,0.23645930052615285,10.0,2457.0,0.13261163734776726,0.1999045062994136,0.13455442057062345,2839.0,0.9604194857916103,0.9744897959183674,107.0,0.16326530612244897,0.03571428571428571,0.1096938775510204,0.20408163265306123,382.0,0.2428958051420839,0.5452040020376325,0.23239252669533234,392.0,0.25100401606425704,17.0,2221.0,0.13261163734776726,0.24550366205249566,0.14445300462249616,2596.0,0.878213802435724,0.9566326530612245,343.0,0.21683673469387754,0.04336734693877551,0.14795918367346939,0.25255102040816324,375.0,0.016948661070273846,0.04858018730840899,0.014544715538104186,0.04559915575308207,0.017711184958546233,0.04813083459679174,0.11738818189312347,0.10276038535245863,0.14614343707713126,0.49915629278232354,0.18849190037130698,392.0,0.2332928311057108,8.0,2516.0,0.13261163734776726,0.19737282745570392,0.13241379310344828,2900.0,0.9810554803788903,0.9795918367346939,48.0,0.16326530612244897,0.03826530612244898,0.11479591836734694,0.20408163265306123,384.0,blocked,all_124,True,arousal__future_spike_1_3s,0.05,0.8017591339648173,0.5053885828902545,0.1779151943863055,392.0,0.12012012012012012,352.0,234.0,0.13261163734776726,0.12811548015937219,0.145985401459854,274.0,0.09269282814614344,0.10204081632653061,2330.0,0.1096938775510204,0.002551020408163265,0.04336734693877551,0.14285714285714285,40.0,0.6525710419485792,0.5371649049635455,0.25135544917862906,392.0,0.22490566037735846,243.0,784.0,0.13261163734776726,0.14274327670003703,0.15969989281886388,933.0,0.31562922868741544,0.38010204081632654,1780.0,0.07908163265306123,0.0,0.04336734693877551,0.10204081632653061,149.0
0.08085250338294993,0.49799673303493336,0.1386223696085902,228.0,0.1426317450299779,2.0,2715.0,0.07713125845737483,0.11514677325127667,0.0768446106766406,2941.0,0.9949255751014885,0.9912280701754386,13.0,0.13596491228070176,0.039473684210526314,0.08771929824561403,0.11403508771929824,226.0,228,cortical_pca_64,,2956,0,0.10622462787550745,0.5057139733497968,0.16005592723555803,228.0,0.1444300518134715,5.0,2637.0,0.07713125845737483,0.11877054670471243,0.07797202797202797,2860.0,0.9675236806495264,0.9780701754385965,91.0,0.15350877192982457,0.039473684210526314,0.08771929824561403,0.10526315789473684,223.0,0.2510148849797023,0.5479851571744611,0.23944583590168605,228.0,0.15625000000000003,23.0,2191.0,0.07713125845737483,0.15752967860337994,0.08555926544240401,2396.0,0.8105548037889039,0.8991228070175439,537.0,0.2149122807017544,0.05701754385964912,0.13157894736842105,0.17543859649122806,205.0,0.013618254970022114,0.04238290535210326,0.01181994818652854,0.038759131898667504,0.011099068721901112,0.04000605797947995,0.08407151066717466,0.05480113327284812,0.09945872801082543,0.5080773781962237,0.16519914513152395,228.0,0.14515093127809892,2.0,2660.0,0.07713125845737483,0.11752362062389998,0.07830907830907831,2886.0,0.976319350473613,0.9912280701754386,68.0,0.14473684210526316,0.039473684210526314,0.09210526315789473,0.11403508771929824,226.0,blocked,all_124,True,arousal__future_spike_1_3s,0.075,0.8893775372124493,0.49190332870298914,0.1145239259058014,228.0,0.02967359050445104,223.0,104.0,0.07713125845737483,0.07345816793620527,0.045871559633027525,109.0,0.03687415426251692,0.021929824561403508,2624.0,0.12719298245614036,0.0,0.043859649122807015,0.08771929824561403,5.0,0.7144790257104194,0.5840471780624582,0.175946024782087,228.0,0.18846153846153846,130.0,714.0,0.07713125845737483,0.10272854533053181,0.1206896551724138,812.0,0.2746955345060893,0.4298245614035088,2014.0,0.14035087719298245,0.021929824561403508,0.07894736842105263,0.10526315789473684,98.0
0.7596011816838996,0.5253096747681109,0.24293227028555497,668.0,0.11428571428571428,626.0,25.0,0.2466765140324963,0.3375655719523798,0.6268656716417911,67.0,0.024741506646971934,0.06287425149700598,2015.0,0.17365269461077845,0.02694610778443114,0.10329341317365269,0.31736526946107785,42.0,668,cortical_pca_64,3,2708,0,0.7603397341211225,0.530833920394505,0.23550574411715214,668.0,0.13811420982735723,616.0,33.0,0.2466765140324963,0.339112781236276,0.611764705882353,85.0,0.03138847858197932,0.07784431137724551,2007.0,0.17065868263473055,0.025449101796407185,0.1062874251497006,0.3203592814371258,52.0,0.7573855243722304,0.5444786896794646,0.2633961838689926,668.0,0.20170109356014582,585.0,72.0,0.2466765140324963,0.38581406501614784,0.535483870967742,155.0,0.05723781388478582,0.12425149700598802,1968.0,0.18263473053892215,0.03143712574850299,0.1122754491017964,0.38323353293413176,83.0,0.08741537927443153,0.04824849306376805,0.06358688373278859,0.04670128377987187,0.11641911281736728,0.05790500031289603,0.11175760708315935,0.04527989970236562,0.7544313146233382,0.516340847716332,0.2477130715402143,668.0,0.08528198074277854,637.0,28.0,0.2466765140324963,0.3279090647032518,0.5254237288135594,59.0,0.021787296898079764,0.04640718562874251,2012.0,0.15718562874251496,0.02844311377245509,0.09880239520958084,0.312874251497006,31.0,blocked,all_124,True,arousal__future_change_p3s_movement,0.05,0.24741506646971936,0.4989799812140425,0.21794876539552183,668.0,0.3948931116389549,3.0,2035.0,0.2466765140324963,0.2740564579329885,0.2462962962962963,2700.0,0.9970457902511078,0.9955089820359282,5.0,0.1317365269461078,0.01347305389221557,0.06736526946107785,0.2634730538922156,665.0,0.46454948301329396,0.5816822237877186,0.26197777541834466,668.0,0.42823343848580436,125.0,1325.0,0.2466765140324963,0.3405341653137822,0.2906852248394004,1868.0,0.689807976366322,0.812874251497006,715.0,0.1601796407185629,0.017964071856287425,0.08832335329341318,0.33682634730538924,543.0
0.4911373707533235,0.5979136196232533,0.16910912965865874,363.0,0.28154327424400416,93.0,1285.0,0.13404726735598227,0.27288642023704773,0.17363344051446947,1555.0,0.5742245199409158,0.743801652892562,1060.0,0.26721763085399447,0.046831955922865015,0.15426997245179064,0.2975206611570248,270.0,363,cortical_pca_64,3,2708,0,0.46935007385524374,0.589990425675636,0.1928439598024269,363.0,0.2760705289672544,89.0,1348.0,0.13404726735598227,0.2604036972984501,0.16892725030826142,1622.0,0.5989660265878878,0.7548209366391184,997.0,0.24242424242424243,0.046831955922865015,0.14049586776859505,0.2892561983471074,274.0,0.6488183161004432,0.612121799503075,0.1860216878797707,363.0,0.30022075055187636,159.0,792.0,0.13404726735598227,0.2852639343855053,0.20481927710843373,996.0,0.36779911373707536,0.5619834710743802,1553.0,0.256198347107438,0.05234159779614325,0.17079889807162535,0.3002754820936639,204.0,0.0186774763078722,0.012377514148457558,0.024150221584621934,0.024860237087055204,0.012623386861043528,0.02064873480845575,0.11553655449102562,0.05966102138275359,0.560930576070901,0.6032864015224938,0.18856920999401341,363.0,0.28759736369083283,123.0,1066.0,0.13404726735598227,0.26461519957704954,0.18376722817764166,1306.0,0.48227474150664695,0.6611570247933884,1279.0,0.24793388429752067,0.046831955922865015,0.15426997245179064,0.29476584022038566,240.0,blocked,all_124,True,arousal__future_change_p3s_movement,0.075,0.5406203840472673,0.5135585355395396,0.1416798783796075,363.0,0.2176100628930818,190.0,1054.0,0.13404726735598227,0.16972737989447967,0.14099429502852487,1227.0,0.4531019202363368,0.4765840220385675,1291.0,0.1349862258953168,0.03305785123966942,0.0881542699724518,0.1652892561983471,173.0,0.6432791728212703,0.5914606424782816,0.25744130812307675,363.0,0.28125000000000006,174.0,792.0,0.13404726735598227,0.2256029130027517,0.1926605504587156,981.0,0.36225997045790254,0.5206611570247934,1553.0,0.21212121212121213,0.030303030303030304,0.12947658402203857,0.2727272727272727,189.0
0.13870094722598106,0.5002686331943074,0.19100423814519887,392.0,0.2340553549939832,3.0,2543.0,0.13261163734776726,0.19692347474408667,0.13267394270122784,2932.0,0.9918809201623816,0.9923469387755102,21.0,0.16071428571428573,0.03571428571428571,0.11479591836734694,0.18877551020408162,389.0,392,cortical_pca64_delta,,2956,0,0.21312584573748308,0.529123818013945,0.24849945002908036,392.0,0.24431448992852497,16.0,2310.0,0.13261163734776726,0.20213836289400022,0.13998510796723754,2686.0,0.908660351826793,0.9591836734693877,254.0,0.1836734693877551,0.03826530612244898,0.125,0.21428571428571427,376.0,0.36705006765899867,0.5811152854277437,0.3033525534015416,392.0,0.2677103718199609,50.0,1821.0,0.13261163734776726,0.2535945140320483,0.15811373092926492,2163.0,0.7317320703653586,0.8724489795918368,743.0,0.24489795918367346,0.04081632653061224,0.1556122448979592,0.288265306122449,342.0,0.033655016825977685,0.05667103928796163,0.023395881891435905,0.05145615113804808,0.02642174591595034,0.042661618737957874,0.12547903387267612,0.11085123733201127,0.21921515561569688,0.5229094367856346,0.21953582508229502,392.0,0.24128862590401054,25.0,2283.0,0.13261163734776726,0.21093289529409043,0.13849056603773585,2650.0,0.8964817320703654,0.9362244897959183,281.0,0.18877551020408162,0.04336734693877551,0.11734693877551021,0.22704081632653061,367.0,blocked,all_124,True,arousal__future_spike_1_3s,0.05,0.8017591339648173,0.5053885828902545,0.1779151943863055,392.0,0.12012012012012012,352.0,234.0,0.13261163734776726,0.12811548015937219,0.145985401459854,274.0,0.09269282814614344,0.10204081632653061,2330.0,0.1096938775510204,0.002551020408163265,0.04336734693877551,0.14285714285714285,40.0,0.6525710419485792,0.5371649049635455,0.25135544917862906,392.0,0.22490566037735846,243.0,784.0,0.13261163734776726,0.14274327670003703,0.15969989281886388,933.0,0.31562922868741544,0.38010204081632654,1780.0,0.07908163265306123,0.0,0.04336734693877551,0.10204081632653061,149.0
0.08085250338294993,0.49799673303493336,0.1386223696085902,228.0,0.1426317450299779,2.0,2715.0,0.07713125845737483,0.11514677325127667,0.0768446106766406,2941.0,0.9949255751014885,0.9912280701754386,13.0,0.13596491228070176,0.039473684210526314,0.08771929824561403,0.11403508771929824,226.0,228,cortical_pca64_delta,,2956,0,0.14986468200270636,0.5233285743684725,0.19692693854616897,228.0,0.1490010159160176,8.0,2505.0,0.07713125845737483,0.1138543306109093,0.08073394495412844,2725.0,0.9218538565629228,0.9649122807017544,223.0,0.15350877192982457,0.03070175438596491,0.09210526315789473,0.13157894736842105,220.0,0.34100135317997293,0.5806612388743119,0.24802345999377337,228.0,0.16823228010247654,31.0,1917.0,0.07713125845737483,0.16139440204096872,0.09318826868495743,2114.0,0.7151556156968877,0.8640350877192983,811.0,0.2324561403508772,0.05263157894736842,0.14035087719298245,0.18859649122807018,197.0,0.025600535072498626,0.04624762878969205,0.01923126418645893,0.04754007143005942,0.02115324230178925,0.04880409317725512,0.08793623410476345,0.058665856710436906,0.16035182679296348,0.5169522045583166,0.20411348592784062,228.0,0.1470790378006873,14.0,2468.0,0.07713125845737483,0.1125903088637136,0.07979120059656973,2682.0,0.9073071718538566,0.9385964912280702,260.0,0.14035087719298245,0.02631578947368421,0.09649122807017543,0.13596491228070176,214.0,blocked,all_124,True,arousal__future_spike_1_3s,0.075,0.8893775372124493,0.49190332870298914,0.1145239259058014,228.0,0.02967359050445104,223.0,104.0,0.07713125845737483,0.07345816793620527,0.045871559633027525,109.0,0.03687415426251692,0.021929824561403508,2624.0,0.12719298245614036,0.0,0.043859649122807015,0.08771929824561403,5.0,0.7144790257104194,0.5840471780624582,0.175946024782087,228.0,0.18846153846153846,130.0,714.0,0.07713125845737483,0.10272854533053181,0.1206896551724138,812.0,0.2746955345060893,0.4298245614035088,2014.0,0.14035087719298245,0.021929824561403508,0.07894736842105263,0.10526315789473684,98.0
0.7596011816838996,0.5253096747681109,0.24293227028555497,668.0,0.11428571428571428,626.0,25.0,0.2466765140324963,0.3375655719523798,0.6268656716417911,67.0,0.024741506646971934,0.06287425149700598,2015.0,0.17365269461077845,0.02694610778443114,0.10329341317365269,0.31736526946107785,42.0,668,cortical_pca64_delta,3,2708,0,0.7566469719350074,0.5273761300927556,0.2677338276729058,668.0,0.13175230566534912,618.0,41.0,0.2466765140324963,0.32266946758644627,0.5494505494505495,91.0,0.03360413589364845,0.0748502994011976,1999.0,0.15119760479041916,0.025449101796407185,0.09880239520958084,0.3248502994011976,50.0,0.7112259970457903,0.5802908888106141,0.28750771909005113,668.0,0.3547854785478548,453.0,329.0,0.2466765140324963,0.3762385240677223,0.3952205882352941,544.0,0.20088626292466766,0.3218562874251497,1711.0,0.19461077844311378,0.029940119760479042,0.10778443113772455,0.3652694610778443,215.0,0.24049976426214054,0.038672952115342496,0.22303317288250568,0.05356905648127602,0.23744519171604256,0.049222417154614284,0.1021820661347338,0.03570435875394007,0.75,0.5204473406128919,0.28883712718881616,668.0,0.11734028683181226,623.0,54.0,0.2466765140324963,0.327016106913108,0.45454545454545453,99.0,0.03655834564254062,0.06736526946107785,1986.0,0.16167664670658682,0.02694610778443114,0.09281437125748503,0.3383233532934132,45.0,blocked,all_124,True,arousal__future_change_p3s_movement,0.05,0.24741506646971936,0.4989799812140425,0.21794876539552183,668.0,0.3948931116389549,3.0,2035.0,0.2466765140324963,0.2740564579329885,0.2462962962962963,2700.0,0.9970457902511078,0.9955089820359282,5.0,0.1317365269461078,0.01347305389221557,0.06736526946107785,0.2634730538922156,665.0,0.46454948301329396,0.5816822237877186,0.26197777541834466,668.0,0.42823343848580436,125.0,1325.0,0.2466765140324963,0.3405341653137822,0.2906852248394004,1868.0,0.689807976366322,0.812874251497006,715.0,0.1601796407185629,0.017964071856287425,0.08832335329341318,0.33682634730538924,543.0
0.4911373707533235,0.5979136196232533,0.16910912965865874,363.0,0.28154327424400416,93.0,1285.0,0.13404726735598227,0.27288642023704773,0.17363344051446947,1555.0,0.5742245199409158,0.743801652892562,1060.0,0.26721763085399447,0.046831955922865015,0.15426997245179064,0.2975206611570248,270.0,363,cortical_pca64_delta,3,2708,0,0.7215657311669128,0.5877671853248515,0.2523703511677573,363.0,0.28053435114503816,216.0,538.0,0.13404726735598227,0.23559590303574934,0.2145985401459854,685.0,0.25295420974889216,0.4049586776859504,1807.0,0.2231404958677686,0.046831955922865015,0.14325068870523416,0.2644628099173554,147.0,0.6602658788774003,0.5838058820419744,0.2389917881865592,363.0,0.2744479495268139,189.0,731.0,0.13404726735598227,0.250297780771678,0.19226519337016573,905.0,0.3341949778434269,0.4793388429752066,1614.0,0.23415977961432508,0.04132231404958678,0.162534435261708,0.2727272727272727,174.0,-0.007095324717190266,-0.02258863946536971,-0.006086401618224269,0.014701877735928681,0.03808431316317751,-0.01256085015631836,0.08057040087719836,0.02469486776892632,0.844903988183161,0.5635188872637991,0.24013007867432662,363.0,0.2363636363636364,298.0,122.0,0.13404726735598227,0.2628586309279964,0.34759358288770054,187.0,0.0690546528803545,0.1790633608815427,2223.0,0.22865013774104684,0.03305785123966942,0.15702479338842976,0.2809917355371901,65.0,blocked,all_124,False,arousal__future_change_p3s_movement,0.075,0.5406203840472673,0.5135585355395396,0.1416798783796075,363.0,0.2176100628930818,190.0,1054.0,0.13404726735598227,0.16972737989447967,0.14099429502852487,1227.0,0.4531019202363368,0.4765840220385675,1291.0,0.1349862258953168,0.03305785123966942,0.0881542699724518,0.1652892561983471,173.0,0.6432791728212703,0.5914606424782816,0.25744130812307675,363.0,0.28125000000000006,174.0,792.0,0.13404726735598227,0.2256029130027517,0.1926605504587156,981.0,0.36225997045790254,0.5206611570247934,1553.0,0.21212121212121213,0.030303030303030304,0.12947658402203857,0.2727272727272727,189.0
0.13417982155113248,0.49860319914433165,0.1914994459906627,387.0,0.23382933495293048,2.0,2521.0,0.13280713795470145,0.19001844693651718,0.1324845147969718,2906.0,0.997254632807138,0.9948320413436692,6.0,0.14987080103359174,0.03617571059431524,0.10077519379844961,0.17571059431524547,385.0,387,cortical_pca_64,,2914,0,0.14516129032258066,0.5027465644936495,0.19759405530374258,387.0,0.23518575376112982,4.0,2487.0,0.13280713795470145,0.18902133963372408,0.13344947735191637,2870.0,0.9849004804392587,0.9896640826873385,40.0,0.14470284237726097,0.03617571059431524,0.09819121447028424,0.17571059431524547,383.0,0.23026767330130404,0.5430635953408613,0.24147724373774707,387.0,0.25058469762779817,12.0,2231.0,0.13280713795470145,0.23439698759444316,0.14389869531849578,2606.0,0.8943033630748113,0.9689922480620154,296.0,0.21705426356589147,0.03875968992248062,0.13178294573643412,0.24289405684754523,375.0,0.016755362674867685,0.044378540657925986,0.015398943866668346,0.04537564796071908,0.014859506788103494,0.04910914911057929,0.10747917616310756,0.09026329824852647,0.14104323953328757,0.503654587304655,0.20202145891573448,387.0,0.23572519083969468,1.0,2502.0,0.13280713795470145,0.18528783848386388,0.13365650969529086,2888.0,0.9910775566231984,0.9974160206718347,25.0,0.13695090439276486,0.03359173126614987,0.09560723514211886,0.17571059431524547,386.0,blocked,exclude_resampled_videos,True,arousal__future_spike_1_3s,0.05,0.6410432395332876,0.49433866183205877,0.14916414688648372,387.0,0.17896389324960754,273.0,773.0,0.13280713795470145,0.1269178114313356,0.12852311161217586,887.0,0.3043925875085793,0.29457364341085274,1754.0,0.10852713178294573,0.002583979328165375,0.03875968992248062,0.1421188630490956,114.0,0.5257378174330817,0.5613401107828732,0.20427834928043848,387.0,0.2545846817691478,151.0,1231.0,0.13280713795470145,0.1441336893459167,0.1608725289706885,1467.0,0.5034317089910776,0.6098191214470284,1296.0,0.08010335917312661,0.0,0.04392764857881137,0.11369509043927649,236.0
0.0789293067947838,0.49718793586994015,0.14400458900015248,223.0,0.1413947536788228,2.0,2682.0,0.07652711050102952,0.11437771912319852,0.07612814330003445,2903.0,0.9962251201098147,0.9910313901345291,9.0,0.13004484304932734,0.03587443946188341,0.08520179372197309,0.11659192825112108,221.0,223,cortical_pca_64,,2914,0,0.09437199725463281,0.4993800960851068,0.15824670530127433,223.0,0.14178861788617889,5.0,2634.0,0.07652711050102952,0.11786051030461286,0.07643758765778401,2852.0,0.9787234042553191,0.9775784753363229,57.0,0.14798206278026907,0.04035874439461883,0.08071748878923767,0.1210762331838565,218.0,0.21654083733699384,0.551132074528448,0.21761217256817827,223.0,0.15600739371534197,12.0,2271.0,0.07652711050102952,0.15809282492480325,0.08501208702659147,2482.0,0.8517501715854495,0.9461883408071748,420.0,0.21524663677130046,0.05829596412556054,0.13901345291479822,0.17488789237668162,211.0,0.014612640036519187,0.04371510580160473,0.014218775829163088,0.04023231462019039,0.014815683870782359,0.041889209239616865,0.08541306951535517,0.05474480421448322,0.08991077556623199,0.4969646371479088,0.1495554027130983,223.0,0.14119170984455962,5.0,2647.0,0.07652711050102952,0.11620361568518639,0.07609075043630018,2865.0,0.98318462594372,0.9775784753363229,44.0,0.13452914798206278,0.03587443946188341,0.09865470852017937,0.10762331838565023,218.0,blocked,exclude_resampled_videos,True,arousal__future_spike_1_3s,0.075,0.8870967741935484,0.49058645909883963,0.11423834310688799,223.0,0.029498525073746316,218.0,111.0,0.07652711050102952,0.07267975540944809,0.04310344827586207,116.0,0.03980782429649966,0.02242152466367713,2580.0,0.12556053811659193,0.0,0.03139013452914798,0.07174887892376682,5.0,0.6949210706932052,0.5942270614721384,0.17675056633315947,223.0,0.19255222524977292,117.0,772.0,0.07652711050102952,0.10334802071032004,0.12072892938496584,878.0,0.3013040494166095,0.47533632286995514,1919.0,0.13901345291479822,0.017937219730941704,0.08071748878923767,0.09865470852017937,106.0
0.757496251874063,0.5342763001997269,0.24089722340382952,663.0,0.15645371577574968,603.0,44.0,0.2485007496251874,0.366274596927987,0.5769230769230769,104.0,0.038980509745127435,0.09049773755656108,1961.0,0.1885369532428356,0.027149321266968326,0.10708898944193061,0.3453996983408748,60.0,663,cortical_pca_64,3,2668,0,0.7548725637181409,0.5325306642895025,0.2348606346938458,663.0,0.15503875968992248,603.0,51.0,0.2485007496251874,0.3584867037436749,0.5405405405405406,111.0,0.041604197901049474,0.09049773755656108,1954.0,0.17043740573152338,0.027149321266968326,0.10407239819004525,0.3438914027149321,60.0,0.7488755622188905,0.5875988761128852,0.2653948250943422,663.0,0.34570312500000006,486.0,184.0,0.2485007496251874,0.4135829340011874,0.4903047091412742,361.0,0.13530734632683658,0.2669683257918552,1821.0,0.1975867269984917,0.033182503770739065,0.1191553544494721,0.40874811463046756,177.0,0.18924940922425038,0.047308337073200424,0.19066436531007758,0.05509623025751248,0.17882575458280664,0.05661128210845723,0.13233637183558944,0.07107174756748968,0.7529985007496252,0.5343124090226922,0.2527143230445132,663.0,0.16687737041719342,597.0,62.0,0.2485007496251874,0.35697165189273017,0.515625,128.0,0.047976011994003,0.09954751131221719,1943.0,0.17345399698340874,0.027149321266968326,0.10407239819004525,0.34238310708898945,66.0,blocked,exclude_resampled_videos,True,arousal__future_change_p3s_movement,0.05,0.2485007496251874,0.49848568623689643,0.2183800192967683,663.0,0.3969924812030075,3.0,2002.0,0.2485007496251874,0.28124656216559796,0.24793388429752067,2662.0,0.9977511244377811,0.995475113122172,3.0,0.1297134238310709,0.013574660633484163,0.07390648567119155,0.2609351432880845,660.0,0.45239880059970017,0.5735739835930536,0.2598847084682174,663.0,0.4250295159386069,123.0,1338.0,0.2485007496251874,0.3425111864336977,0.28753993610223644,1878.0,0.7038980509745127,0.8144796380090498,667.0,0.16440422322775264,0.01809954751131222,0.08748114630467571,0.3378582202111614,540.0
0.3639430284857571,0.5701334977871291,0.163862926291662,358.0,0.2644126571304725,53.0,1644.0,0.13418290854572715,0.26161169744081153,0.15649050795279631,1949.0,0.7305097451274363,0.8519553072625698,666.0,0.24860335195530725,0.04748603351955307,0.1452513966480447,0.27932960893854747,305.0,358,cortical_pca_64,3,2668,0,0.38830584707646176,0.572400783573968,0.17629571249993148,358.0,0.26552655265526554,63.0,1569.0,0.13418290854572715,0.262968951557748,0.1582618025751073,1864.0,0.6986506746626686,0.8240223463687151,741.0,0.23743016759776536,0.04748603351955307,0.14804469273743018,0.29608938547486036,295.0,0.547976011994003,0.6008778930566641,0.19149302409352686,358.0,0.28554502369668244,117.0,1089.0,0.13418290854572715,0.2773597389337221,0.181203007518797,1330.0,0.4985007496251874,0.6731843575418994,1221.0,0.2430167597765363,0.05307262569832402,0.16201117318435754,0.29608938547486036,241.0,0.021132366566209926,0.01574804149291059,0.020018471041416908,0.014390787375974101,0.010520728264223733,0.02076419994374984,0.10386130013103739,0.05067725927092917,0.4407796101949025,0.5885414399380879,0.15393123212011817,358.0,0.2750242954324587,75.0,1417.0,0.13418290854572715,0.2565955389899723,0.16647058823529412,1700.0,0.6371814092953523,0.7905027932960894,893.0,0.23184357541899442,0.05027932960893855,0.13687150837988826,0.2905027932960894,283.0,blocked,exclude_resampled_videos,True,arousal__future_change_p3s_movement,0.075,0.550599700149925,0.5032564269994437,0.1442531592121516,358.0,0.2075346992729676,201.0,998.0,0.13418290854572715,0.17349843880268473,0.13593073593073593,1155.0,0.43290854572713644,0.43854748603351956,1312.0,0.13966480446927373,0.0335195530726257,0.09776536312849161,0.17318435754189945,157.0,0.558095952023988,0.5901992793054245,0.22120960122303193,358.0,0.27801592161665645,131.0,1048.0,0.13418290854572715,0.22668247966279295,0.1780392156862745,1275.0,0.47788605697151426,0.6340782122905028,1262.0,0.21508379888268156,0.030726256983240222,0.13128491620111732,0.276536312849162,227.0
0.13417982155113248,0.49860319914433165,0.1914994459906627,387.0,0.23382933495293048,2.0,2521.0,0.13280713795470145,0.19001844693651718,0.1324845147969718,2906.0,0.997254632807138,0.9948320413436692,6.0,0.14987080103359174,0.03617571059431524,0.10077519379844961,0.17571059431524547,385.0,387,cortical_pca64_delta,,2914,0,0.17433081674673986,0.5064354071633592,0.22982220103874196,387.0,0.235705209656925,16.0,2390.0,0.13280713795470145,0.1872312233742796,0.1343716044911264,2761.0,0.9474948524365134,0.958656330749354,137.0,0.1524547803617571,0.03359173126614987,0.09302325581395349,0.19896640826873385,371.0,0.287920384351407,0.5631750735467801,0.2780910874264054,387.0,0.2591931453052481,24.0,2051.0,0.13280713795470145,0.23580729240546824,0.1503728251864126,2414.0,0.8284145504461222,0.937984496124031,476.0,0.2144702842377261,0.041343669250646,0.1343669250645995,0.2532299741602067,363.0,0.025363810352317634,0.04578884546895107,0.023487935648323105,0.048576069031188635,0.024125707925672008,0.04457372473809637,0.10888948097413265,0.09167360305955155,0.182566918325326,0.5057134881266815,0.24158921973922332,387.0,0.2350674373795761,21.0,2361.0,0.13280713795470145,0.19123356766737187,0.1342134213421342,2727.0,0.9358270418668497,0.9457364341085271,166.0,0.14987080103359174,0.03617571059431524,0.10852713178294573,0.1937984496124031,366.0,blocked,exclude_resampled_videos,True,arousal__future_spike_1_3s,0.05,0.6410432395332876,0.49433866183205877,0.14916414688648372,387.0,0.17896389324960754,273.0,773.0,0.13280713795470145,0.1269178114313356,0.12852311161217586,887.0,0.3043925875085793,0.29457364341085274,1754.0,0.10852713178294573,0.002583979328165375,0.03875968992248062,0.1421188630490956,114.0,0.5257378174330817,0.5613401107828732,0.20427834928043848,387.0,0.2545846817691478,151.0,1231.0,0.13280713795470145,0.1441336893459167,0.1608725289706885,1467.0,0.5034317089910776,0.6098191214470284,1296.0,0.08010335917312661,0.0,0.04392764857881137,0.11369509043927649,236.0
0.0789293067947838,0.49718793586994015,0.14400458900015248,223.0,0.1413947536788228,2.0,2682.0,0.07652711050102952,0.11437771912319852,0.07612814330003445,2903.0,0.9962251201098147,0.9910313901345291,9.0,0.13004484304932734,0.03587443946188341,0.08520179372197309,0.11659192825112108,221.0,223,cortical_pca64_delta,,2914,0,0.16746739876458477,0.5286747220847435,0.21574149887071056,223.0,0.14936886395511922,10.0,2416.0,0.07652711050102952,0.10975118808297145,0.08101939901103081,2629.0,0.9021962937542897,0.9551569506726457,275.0,0.14349775784753363,0.03139013452914798,0.08968609865470852,0.11210762331838565,213.0,0.33493479752916955,0.5761640279090074,0.2681603120986834,223.0,0.165374677002584,31.0,1907.0,0.07652711050102952,0.158860941821018,0.09147212958551691,2099.0,0.7203157172271791,0.8609865470852018,784.0,0.23766816143497757,0.05829596412556054,0.13004484304932734,0.17488789237668162,192.0,0.0239799233237612,0.044483222697819486,0.016005813047464762,0.04910975373804656,0.02100381607543167,0.057201372746207804,0.08618118641156992,0.05551292111069797,0.11324639670555937,0.5095993454347909,0.18930815150674019,223.0,0.14437086092715232,5.0,2579.0,0.07652711050102952,0.1016595690748102,0.07794065069717554,2797.0,0.9598490048043926,0.9775784753363229,112.0,0.12556053811659193,0.03139013452914798,0.08968609865470852,0.1031390134529148,218.0,blocked,exclude_resampled_videos,True,arousal__future_spike_1_3s,0.075,0.8870967741935484,0.49058645909883963,0.11423834310688799,223.0,0.029498525073746316,218.0,111.0,0.07652711050102952,0.07267975540944809,0.04310344827586207,116.0,0.03980782429649966,0.02242152466367713,2580.0,0.12556053811659193,0.0,0.03139013452914798,0.07174887892376682,5.0,0.6949210706932052,0.5942270614721384,0.17675056633315947,223.0,0.19255222524977292,117.0,772.0,0.07652711050102952,0.10334802071032004,0.12072892938496584,878.0,0.3013040494166095,0.47533632286995514,1919.0,0.13901345291479822,0.017937219730941704,0.08071748878923767,0.09865470852017937,106.0
0.757496251874063,0.5342763001997269,0.24089722340382952,663.0,0.15645371577574968,603.0,44.0,0.2485007496251874,0.366274596927987,0.5769230769230769,104.0,0.038980509745127435,0.09049773755656108,1961.0,0.1885369532428356,0.027149321266968326,0.10708898944193061,0.3453996983408748,60.0,663,cortical_pca64_delta,3,2668,0,0.7395052473763118,0.5470400168507841,0.2888950080786611,663.0,0.23877327491785322,554.0,141.0,0.2485007496251874,0.35545011373090063,0.436,250.0,0.0937031484257871,0.16440422322775264,1864.0,0.17194570135746606,0.03167420814479638,0.10256410256410256,0.3453996983408748,109.0,0.6371814092953523,0.5758762971906584,0.2946824435257093,663.0,0.3834394904458598,362.0,606.0,0.2485007496251874,0.3827170741101925,0.3318632855567806,907.0,0.33995502248875564,0.4539969834087481,1399.0,0.19457013574660634,0.02865761689291101,0.11161387631975868,0.37858220211161386,301.0,0.2269857746701101,0.01644247718220554,0.14466621552800657,0.027266960379291882,0.20228893965026615,0.04257803934414245,0.10147051194459455,0.0402058876764948,0.7492503748125937,0.5358568134716001,0.25127664722428206,663.0,0.18115055079559364,589.0,80.0,0.2485007496251874,0.34013903476605006,0.4805194805194805,154.0,0.05772113943028486,0.11161387631975868,1925.0,0.16440422322775264,0.02564102564102564,0.10256410256410256,0.32428355957767724,74.0,blocked,exclude_resampled_videos,True,arousal__future_change_p3s_movement,0.05,0.2485007496251874,0.49848568623689643,0.2183800192967683,663.0,0.3969924812030075,3.0,2002.0,0.2485007496251874,0.28124656216559796,0.24793388429752067,2662.0,0.9977511244377811,0.995475113122172,3.0,0.1297134238310709,0.013574660633484163,0.07390648567119155,0.2609351432880845,660.0,0.45239880059970017,0.5735739835930536,0.2598847084682174,663.0,0.4250295159386069,123.0,1338.0,0.2485007496251874,0.3425111864336977,0.28753993610223644,1878.0,0.7038980509745127,0.8144796380090498,667.0,0.16440422322775264,0.01809954751131222,0.08748114630467571,0.3378582202111614,540.0
0.3639430284857571,0.5701334977871291,0.163862926291662,358.0,0.2644126571304725,53.0,1644.0,0.13418290854572715,0.26161169744081153,0.15649050795279631,1949.0,0.7305097451274363,0.8519553072625698,666.0,0.24860335195530725,0.04748603351955307,0.1452513966480447,0.27932960893854747,305.0,358,cortical_pca64_delta,3,2668,0,0.5944527736131934,0.5934919828774577,0.21123758703439557,358.0,0.28154050464807434,146.0,936.0,0.13418290854572715,0.24355838145305198,0.18466898954703834,1148.0,0.4302848575712144,0.5921787709497207,1374.0,0.2122905027932961,0.04189944134078212,0.1340782122905028,0.25977653631284914,212.0,0.6319340329835083,0.5797310696752037,0.25382941798169745,358.0,0.2704309063893016,176.0,806.0,0.13418290854572715,0.25349308443604085,0.18421052631578946,988.0,0.37031484257871067,0.5083798882681564,1504.0,0.24581005586592178,0.04748603351955307,0.15921787709497207,0.2849162011173184,182.0,0.0060182492588291,-0.00811861300477068,-0.011109598258772724,0.009934702982988874,0.0030714354398448385,0.015358738831784485,0.07999464563335612,0.026810604773247898,0.4186656671664168,0.5757708771675252,0.23757594497577222,358.0,0.2673594709494568,75.0,1476.0,0.13418290854572715,0.23813434560425636,0.16088686753837408,1759.0,0.6592953523238381,0.7905027932960894,834.0,0.20670391061452514,0.04189944134078212,0.13966480446927373,0.25139664804469275,283.0,blocked,exclude_resampled_videos,False,arousal__future_change_p3s_movement,0.075,0.550599700149925,0.5032564269994437,0.1442531592121516,358.0,0.2075346992729676,201.0,998.0,0.13418290854572715,0.17349843880268473,0.13593073593073593,1155.0,0.43290854572713644,0.43854748603351956,1312.0,0.13966480446927373,0.0335195530726257,0.09776536312849161,0.17318435754189945,157.0,0.558095952023988,0.5901992793054245,0.22120960122303193,358.0,0.27801592161665645,131.0,1048.0,0.13418290854572715,0.22668247966279295,0.1780392156862745,1275.0,0.47788605697151426,0.6340782122905028,1262.0,0.21508379888268156,0.030726256983240222,0.13128491620111732,0.276536312849162,227.0
0.13417982155113248,0.49860319914433165,0.1914994459906627,387.0,0.23382933495293048,2.0,2521.0,0.13280713795470145,0.19001844693651718,0.1324845147969718,2906.0,0.997254632807138,0.9948320413436692,6.0,0.14987080103359174,0.03617571059431524,0.10077519379844961,0.17571059431524547,385.0,387,cortical_pca_64,,2914,0,0.14927934111187371,0.5007444150973108,0.20694561248625237,387.0,0.23416743898671608,8.0,2471.0,0.13280713795470145,0.1929007409505676,0.13298245614035087,2850.0,0.9780370624571036,0.979328165374677,56.0,0.1524547803617571,0.03617571059431524,0.1111111111111111,0.19121447028423771,379.0,0.23026767330130404,0.5430635953408613,0.24147724373774707,387.0,0.25058469762779817,12.0,2231.0,0.13280713795470145,0.23439698759444316,0.14389869531849578,2606.0,0.8943033630748113,0.9689922480620154,296.0,0.21705426356589147,0.03875968992248062,0.13178294573643412,0.24289405684754523,375.0,0.016755362674867685,0.044378540657925986,0.016417258641082094,0.04149624664387555,0.015831403113547443,0.05012017453988138,0.10747917616310756,0.09026329824852647,0.1431022649279341,0.5015593860211525,0.21735432168017607,387.0,0.23475329451425073,4.0,2493.0,0.13280713795470145,0.18427681305456178,0.1331710709318498,2876.0,0.9869595058339052,0.9896640826873385,34.0,0.14987080103359174,0.03359173126614987,0.09043927648578812,0.17829457364341086,383.0,blocked,exclude_video_83_only,True,arousal__future_spike_1_3s,0.05,0.6410432395332876,0.49433866183205877,0.14916414688648372,387.0,0.17896389324960754,273.0,773.0,0.13280713795470145,0.1269178114313356,0.12852311161217586,887.0,0.3043925875085793,0.29457364341085274,1754.0,0.10852713178294573,0.002583979328165375,0.03875968992248062,0.1421188630490956,114.0,0.5257378174330817,0.5613401107828732,0.20427834928043848,387.0,0.2545846817691478,151.0,1231.0,0.13280713795470145,0.1441336893459167,0.1608725289706885,1467.0,0.5034317089910776,0.6098191214470284,1296.0,0.08010335917312661,0.0,0.04392764857881137,0.11369509043927649,236.0
0.0789293067947838,0.49718793586994015,0.14400458900015248,223.0,0.1413947536788228,2.0,2682.0,0.07652711050102952,0.11437771912319852,0.07612814330003445,2903.0,0.9962251201098147,0.9910313901345291,9.0,0.13004484304932734,0.03587443946188341,0.08520179372197309,0.11659192825112108,221.0,223,cortical_pca_64,,2914,0,0.09094028826355526,0.5016347466142748,0.1596262495856861,223.0,0.1424409193913888,3.0,2646.0,0.07652711050102952,0.11903723416680406,0.07676203768318214,2866.0,0.9835277968428278,0.9865470852017937,45.0,0.12556053811659193,0.04035874439461883,0.09417040358744394,0.11210762331838565,220.0,0.21654083733699384,0.551132074528448,0.21761217256817827,223.0,0.15600739371534197,12.0,2271.0,0.07652711050102952,0.15809282492480325,0.08501208702659147,2482.0,0.8517501715854495,0.9461883408071748,420.0,0.21524663677130046,0.05829596412556054,0.13901345291479822,0.17488789237668162,211.0,0.014612640036519187,0.04371510580160473,0.013566474323953165,0.03905559075799919,0.013523733584623027,0.0472584948173044,0.08541306951535517,0.05474480421448322,0.09951956074124914,0.5021671640895662,0.14719998870440645,223.0,0.14248366013071895,5.0,2619.0,0.07652711050102952,0.11083433010749885,0.07684173422629538,2837.0,0.9735758407687028,0.9775784753363229,72.0,0.13901345291479822,0.03587443946188341,0.08968609865470852,0.10762331838565023,218.0,blocked,exclude_video_83_only,True,arousal__future_spike_1_3s,0.075,0.8870967741935484,0.49058645909883963,0.11423834310688799,223.0,0.029498525073746316,218.0,111.0,0.07652711050102952,0.07267975540944809,0.04310344827586207,116.0,0.03980782429649966,0.02242152466367713,2580.0,0.12556053811659193,0.0,0.03139013452914798,0.07174887892376682,5.0,0.6949210706932052,0.5942270614721384,0.17675056633315947,223.0,0.19255222524977292,117.0,772.0,0.07652711050102952,0.10334802071032004,0.12072892938496584,878.0,0.3013040494166095,0.47533632286995514,1919.0,0.13901345291479822,0.017937219730941704,0.08071748878923767,0.09865470852017937,106.0
0.757496251874063,0.5342763001997269,0.24089722340382952,663.0,0.15645371577574968,603.0,44.0,0.2485007496251874,0.366274596927987,0.5769230769230769,104.0,0.038980509745127435,0.09049773755656108,1961.0,0.1885369532428356,0.027149321266968326,0.10708898944193061,0.3453996983408748,60.0,663,cortical_pca_64,3,2668,0,0.7541229385307346,0.5229460285936742,0.26192922924207607,663.0,0.11351351351351352,621.0,35.0,0.2485007496251874,0.34099545942157045,0.5454545454545454,77.0,0.02886056971514243,0.06334841628959276,1970.0,0.167420814479638,0.02564102564102564,0.09502262443438914,0.33031674208144796,42.0,0.7488755622188905,0.5875988761128852,0.2653948250943422,663.0,0.34570312500000006,486.0,184.0,0.2485007496251874,0.4135829340011874,0.4903047091412742,361.0,0.13530734632683658,0.2669683257918552,1821.0,0.1975867269984917,0.033182503770739065,0.1191553544494721,0.40874811463046756,177.0,0.18924940922425038,0.047308337073200424,0.23218961148648654,0.07258747457961695,0.1991062663612566,0.05659158022572275,0.13233637183558944,0.07107174756748968,0.7556221889055472,0.531010332389238,0.25054036386365763,663.0,0.14659685863874344,607.0,45.0,0.2485007496251874,0.35699135377546465,0.5544554455445545,101.0,0.03785607196401799,0.08446455505279035,1960.0,0.18401206636500755,0.02865761689291101,0.10407239819004525,0.3438914027149321,56.0,blocked,exclude_video_83_only,True,arousal__future_change_p3s_movement,0.05,0.2485007496251874,0.49848568623689643,0.2183800192967683,663.0,0.3969924812030075,3.0,2002.0,0.2485007496251874,0.28124656216559796,0.24793388429752067,2662.0,0.9977511244377811,0.995475113122172,3.0,0.1297134238310709,0.013574660633484163,0.07390648567119155,0.2609351432880845,660.0,0.45239880059970017,0.5735739835930536,0.2598847084682174,663.0,0.4250295159386069,123.0,1338.0,0.2485007496251874,0.3425111864336977,0.28753993610223644,1878.0,0.7038980509745127,0.8144796380090498,667.0,0.16440422322775264,0.01809954751131222,0.08748114630467571,0.3378582202111614,540.0
0.3639430284857571,0.5701334977871291,0.163862926291662,358.0,0.2644126571304725,53.0,1644.0,0.13418290854572715,0.26161169744081153,0.15649050795279631,1949.0,0.7305097451274363,0.8519553072625698,666.0,0.24860335195530725,0.04748603351955307,0.1452513966480447,0.27932960893854747,305.0,358,cortical_pca_64,3,2668,0,0.41754122938530736,0.5810225156593872,0.18419041166041758,358.0,0.2704225352112676,70.0,1484.0,0.13418290854572715,0.26559076636598417,0.16252821670428894,1772.0,0.664167916041979,0.8044692737430168,826.0,0.24022346368715083,0.0446927374301676,0.14804469273743018,0.3016759776536313,288.0,0.547976011994003,0.6008778930566641,0.19149302409352686,358.0,0.28554502369668244,117.0,1089.0,0.13418290854572715,0.2773597389337221,0.181203007518797,1330.0,0.4985007496251874,0.6731843575418994,1221.0,0.2430167597765363,0.05307262569832402,0.16201117318435754,0.29608938547486036,241.0,0.021132366566209926,0.01574804149291059,0.015122488485414864,0.011768972567737956,0.022000487424873483,0.01900180715398786,0.10386130013103739,0.05067725927092917,0.3988005997001499,0.5690198070086339,0.18834362404841837,358.0,0.26354453627180896,71.0,1533.0,0.13418290854572715,0.25835793177973426,0.1576923076923077,1820.0,0.6821589205397302,0.8016759776536313,777.0,0.2346368715083799,0.04189944134078212,0.1564245810055866,0.29329608938547486,287.0,blocked,exclude_video_83_only,True,arousal__future_change_p3s_movement,0.075,0.550599700149925,0.5032564269994437,0.1442531592121516,358.0,0.2075346992729676,201.0,998.0,0.13418290854572715,0.17349843880268473,0.13593073593073593,1155.0,0.43290854572713644,0.43854748603351956,1312.0,0.13966480446927373,0.0335195530726257,0.09776536312849161,0.17318435754189945,157.0,0.558095952023988,0.5901992793054245,0.22120960122303193,358.0,0.27801592161665645,131.0,1048.0,0.13418290854572715,0.22668247966279295,0.1780392156862745,1275.0,0.47788605697151426,0.6340782122905028,1262.0,0.21508379888268156,0.030726256983240222,0.13128491620111732,0.276536312849162,227.0
0.13417982155113248,0.49860319914433165,0.1914994459906627,387.0,0.23382933495293048,2.0,2521.0,0.13280713795470145,0.19001844693651718,0.1324845147969718,2906.0,0.997254632807138,0.9948320413436692,6.0,0.14987080103359174,0.03617571059431524,0.10077519379844961,0.17571059431524547,385.0,387,cortical_pca64_delta,,2914,0,0.19492107069320522,0.5128365589616637,0.2401516187033222,387.0,0.2378167641325536,21.0,2325.0,0.13280713795470145,0.189294056954657,0.13600891861761427,2691.0,0.9234728894989704,0.9457364341085271,202.0,0.16020671834625322,0.03359173126614987,0.09819121447028424,0.18604651162790697,366.0,0.287920384351407,0.5631750735467801,0.2780910874264054,387.0,0.2591931453052481,24.0,2051.0,0.13280713795470145,0.23580729240546824,0.1503728251864126,2414.0,0.8284145504461222,0.937984496124031,476.0,0.2144702842377261,0.041343669250646,0.1343669250645995,0.2532299741602067,363.0,0.025363810352317634,0.04578884546895107,0.021376381172694525,0.046513235450811236,0.024304326013046412,0.0601118627339384,0.10888948097413265,0.09167360305955155,0.16163349347975292,0.5034909795909602,0.23820507074299668,387.0,0.2348888192922017,12.0,2431.0,0.13280713795470145,0.17569542967152985,0.1336421952957947,2806.0,0.9629375428963624,0.9689922480620154,96.0,0.12919896640826872,0.025839793281653745,0.082687338501292,0.1731266149870801,375.0,blocked,exclude_video_83_only,True,arousal__future_spike_1_3s,0.05,0.6410432395332876,0.49433866183205877,0.14916414688648372,387.0,0.17896389324960754,273.0,773.0,0.13280713795470145,0.1269178114313356,0.12852311161217586,887.0,0.3043925875085793,0.29457364341085274,1754.0,0.10852713178294573,0.002583979328165375,0.03875968992248062,0.1421188630490956,114.0,0.5257378174330817,0.5613401107828732,0.20427834928043848,387.0,0.2545846817691478,151.0,1231.0,0.13280713795470145,0.1441336893459167,0.1608725289706885,1467.0,0.5034317089910776,0.6098191214470284,1296.0,0.08010335917312661,0.0,0.04392764857881137,0.11369509043927649,236.0
0.0789293067947838,0.49718793586994015,0.14400458900015248,223.0,0.1413947536788228,2.0,2682.0,0.07652711050102952,0.11437771912319852,0.07612814330003445,2903.0,0.9962251201098147,0.9910313901345291,9.0,0.13004484304932734,0.03587443946188341,0.08520179372197309,0.11659192825112108,221.0,223,cortical_pca64_delta,,2914,0,0.18908716540837336,0.5300986680397872,0.2118741978967228,223.0,0.14969413458078443,15.0,2348.0,0.07652711050102952,0.11499209537191066,0.081377151799687,2556.0,0.8771448181194235,0.9327354260089686,343.0,0.16143497757847533,0.04932735426008968,0.08520179372197309,0.11210762331838565,208.0,0.33493479752916955,0.5761640279090074,0.2681603120986834,223.0,0.165374677002584,31.0,1907.0,0.07652711050102952,0.158860941821018,0.09147212958551691,2099.0,0.7203157172271791,0.8609865470852018,784.0,0.23766816143497757,0.05829596412556054,0.13004484304932734,0.17488789237668162,192.0,0.0239799233237612,0.044483222697819486,0.01568054242179956,0.04386884644910735,0.018385905311532613,0.05122508594980921,0.08618118641156992,0.05551292111069797,0.13967055593685657,0.5197935986588745,0.20948241881020913,223.0,0.14698877169105137,7.0,2500.0,0.07652711050102952,0.1076358558712088,0.07952871870397643,2716.0,0.9320521619766644,0.968609865470852,191.0,0.15695067264573992,0.026905829596412557,0.09417040358744394,0.12556053811659193,216.0,blocked,exclude_video_83_only,True,arousal__future_spike_1_3s,0.075,0.8870967741935484,0.49058645909883963,0.11423834310688799,223.0,0.029498525073746316,218.0,111.0,0.07652711050102952,0.07267975540944809,0.04310344827586207,116.0,0.03980782429649966,0.02242152466367713,2580.0,0.12556053811659193,0.0,0.03139013452914798,0.07174887892376682,5.0,0.6949210706932052,0.5942270614721384,0.17675056633315947,223.0,0.19255222524977292,117.0,772.0,0.07652711050102952,0.10334802071032004,0.12072892938496584,878.0,0.3013040494166095,0.47533632286995514,1919.0,0.13901345291479822,0.017937219730941704,0.08071748878923767,0.09865470852017937,106.0
0.757496251874063,0.5342763001997269,0.24089722340382952,663.0,0.15645371577574968,603.0,44.0,0.2485007496251874,0.366274596927987,0.5769230769230769,104.0,0.038980509745127435,0.09049773755656108,1961.0,0.1885369532428356,0.027149321266968326,0.10708898944193061,0.3453996983408748,60.0,663,cortical_pca64_delta,3,2668,0,0.7458770614692654,0.5305837969179615,0.2664434905225345,663.0,0.16707616707616707,595.0,83.0,0.2485007496251874,0.3311070144083208,0.4503311258278146,151.0,0.056596701649175414,0.10256410256410256,1922.0,0.16289592760180996,0.02865761689291101,0.09502262443438914,0.3212669683257919,68.0,0.6371814092953523,0.5758762971906584,0.2946824435257093,663.0,0.3834394904458598,362.0,606.0,0.2485007496251874,0.3827170741101925,0.3318632855567806,907.0,0.33995502248875564,0.4539969834087481,1399.0,0.19457013574660634,0.02865761689291101,0.11161387631975868,0.37858220211161386,301.0,0.2269857746701101,0.01644247718220554,0.21636332336969272,0.05161005970187171,0.28206962743216113,0.04044266446808087,0.10147051194459455,0.0402058876764948,0.7541229385307346,0.520422172321835,0.30467031945985723,663.0,0.10136986301369863,626.0,30.0,0.2485007496251874,0.34227440964211164,0.5522388059701493,67.0,0.025112443778110945,0.05580693815987934,1975.0,0.16440422322775264,0.027149321266968326,0.09954751131221719,0.3257918552036199,37.0,blocked,exclude_video_83_only,True,arousal__future_change_p3s_movement,0.05,0.2485007496251874,0.49848568623689643,0.2183800192967683,663.0,0.3969924812030075,3.0,2002.0,0.2485007496251874,0.28124656216559796,0.24793388429752067,2662.0,0.9977511244377811,0.995475113122172,3.0,0.1297134238310709,0.013574660633484163,0.07390648567119155,0.2609351432880845,660.0,0.45239880059970017,0.5735739835930536,0.2598847084682174,663.0,0.4250295159386069,123.0,1338.0,0.2485007496251874,0.3425111864336977,0.28753993610223644,1878.0,0.7038980509745127,0.8144796380090498,667.0,0.16440422322775264,0.01809954751131222,0.08748114630467571,0.3378582202111614,540.0
0.3639430284857571,0.5701334977871291,0.163862926291662,358.0,0.2644126571304725,53.0,1644.0,0.13418290854572715,0.26161169744081153,0.15649050795279631,1949.0,0.7305097451274363,0.8519553072625698,666.0,0.24860335195530725,0.04748603351955307,0.1452513966480447,0.27932960893854747,305.0,358,cortical_pca64_delta,3,2668,0,0.3886806596701649,0.5643558489927205,0.2158360697360844,358.0,0.2609877661984595,70.0,1561.0,0.13418290854572715,0.22249153389155643,0.15575987020010817,1849.0,0.6930284857571214,0.8044692737430168,749.0,0.20391061452513967,0.03910614525139665,0.12011173184357542,0.22625698324022347,288.0,0.6319340329835083,0.5797310696752037,0.25382941798169745,358.0,0.2704309063893016,176.0,806.0,0.13418290854572715,0.25349308443604085,0.18421052631578946,988.0,0.37031484257871067,0.5083798882681564,1504.0,0.24581005586592178,0.04748603351955307,0.15921787709497207,0.2849162011173184,182.0,0.0060182492588291,-0.00811861300477068,0.009443140190842136,0.03100155054448442,0.008999035719555626,0.01440307343840802,0.07999464563335612,0.026810604773247898,0.4006746626686657,0.5653812667779148,0.2406441976675941,358.0,0.261431870669746,75.0,1524.0,0.13418290854572715,0.23909001099763283,0.15661317100166022,1807.0,0.6772863568215892,0.7905027932960894,786.0,0.20949720670391062,0.03910614525139665,0.1340782122905028,0.2709497206703911,283.0,blocked,exclude_video_83_only,False,arousal__future_change_p3s_movement,0.075,0.550599700149925,0.5032564269994437,0.1442531592121516,358.0,0.2075346992729676,201.0,998.0,0.13418290854572715,0.17349843880268473,0.13593073593073593,1155.0,0.43290854572713644,0.43854748603351956,1312.0,0.13966480446927373,0.0335195530726257,0.09776536312849161,0.17318435754189945,157.0,0.558095952023988,0.5901992793054245,0.22120960122303193,358.0,0.27801592161665645,131.0,1048.0,0.13418290854572715,0.22668247966279295,0.1780392156862745,1275.0,0.47788605697151426,0.6340782122905028,1262.0,0.21508379888268156,0.030726256983240222,0.13128491620111732,0.276536312849162,227.0
0.13417982155113248,0.49860319914433165,0.1914994459906627,387.0,0.23382933495293048,2.0,2521.0,0.13280713795470145,0.19001844693651718,0.1324845147969718,2906.0,0.997254632807138,0.9948320413436692,6.0,0.14987080103359174,0.03617571059431524,0.10077519379844961,0.17571059431524547,385.0,387,cortical_pca_64,,2914,0,0.14584763212079616,0.5020481640658153,0.20230627272153104,387.0,0.23486012911158927,5.0,2484.0,0.13280713795470145,0.1928463718331203,0.1332868108862526,2866.0,0.9835277968428278,0.9870801033591732,43.0,0.1524547803617571,0.03617571059431524,0.11369509043927649,0.19121447028423771,382.0,0.23026767330130404,0.5430635953408613,0.24147724373774707,387.0,0.25058469762779817,12.0,2231.0,0.13280713795470145,0.23439698759444316,0.14389869531849578,2606.0,0.8943033630748113,0.9689922480620154,296.0,0.21705426356589147,0.03875968992248062,0.13178294573643412,0.24289405684754523,375.0,0.016755362674867685,0.044378540657925986,0.015724568516208903,0.04155061576132285,0.01654214443630883,0.04567639187985861,0.10747917616310756,0.09026329824852647,0.13520933424845574,0.4991967883805801,0.19484104588084908,387.0,0.23404255319148934,2.0,2518.0,0.13280713795470145,0.18872059571458455,0.13262142611091973,2903.0,0.9962251201098147,0.9948320413436692,9.0,0.14728682170542637,0.03875968992248062,0.10594315245478036,0.19121447028423771,385.0,blocked,exclude_videos_with_row_mismatch,True,arousal__future_spike_1_3s,0.05,0.6410432395332876,0.49433866183205877,0.14916414688648372,387.0,0.17896389324960754,273.0,773.0,0.13280713795470145,0.1269178114313356,0.12852311161217586,887.0,0.3043925875085793,0.29457364341085274,1754.0,0.10852713178294573,0.002583979328165375,0.03875968992248062,0.1421188630490956,114.0,0.5257378174330817,0.5613401107828732,0.20427834928043848,387.0,0.2545846817691478,151.0,1231.0,0.13280713795470145,0.1441336893459167,0.1608725289706885,1467.0,0.5034317089910776,0.6098191214470284,1296.0,0.08010335917312661,0.0,0.04392764857881137,0.11369509043927649,236.0
0.0789293067947838,0.49718793586994015,0.14400458900015248,223.0,0.1413947536788228,2.0,2682.0,0.07652711050102952,0.11437771912319852,0.07612814330003445,2903.0,0.9962251201098147,0.9910313901345291,9.0,0.13004484304932734,0.03587443946188341,0.08520179372197309,0.11659192825112108,221.0,223,cortical_pca_64,,2914,0,0.10260809883321895,0.5038394048922418,0.1600184818827981,223.0,0.14290396591281546,5.0,2610.0,0.07652711050102952,0.11344696154486854,0.07708628005657708,2828.0,0.970487302676733,0.9775784753363229,81.0,0.14349775784753363,0.03587443946188341,0.09417040358744394,0.11659192825112108,218.0,0.21654083733699384,0.551132074528448,0.21761217256817827,223.0,0.15600739371534197,12.0,2271.0,0.07652711050102952,0.15809282492480325,0.08501208702659147,2482.0,0.8517501715854495,0.9461883408071748,420.0,0.21524663677130046,0.05829596412556054,0.13901345291479822,0.17488789237668162,211.0,0.014612640036519187,0.04371510580160473,0.013103427802526518,0.04464586337993472,0.01216953820700592,0.040614308941629845,0.08541306951535517,0.05474480421448322,0.10123541523678792,0.5072088826231934,0.15446858961209545,223.0,0.14383785550833605,3.0,2616.0,0.07652711050102952,0.11747851598317341,0.07757404795486601,2836.0,0.9732326698695951,0.9865470852017937,75.0,0.13004484304932734,0.04035874439461883,0.09865470852017937,0.10762331838565023,220.0,blocked,exclude_videos_with_row_mismatch,True,arousal__future_spike_1_3s,0.075,0.8870967741935484,0.49058645909883963,0.11423834310688799,223.0,0.029498525073746316,218.0,111.0,0.07652711050102952,0.07267975540944809,0.04310344827586207,116.0,0.03980782429649966,0.02242152466367713,2580.0,0.12556053811659193,0.0,0.03139013452914798,0.07174887892376682,5.0,0.6949210706932052,0.5942270614721384,0.17675056633315947,223.0,0.19255222524977292,117.0,772.0,0.07652711050102952,0.10334802071032004,0.12072892938496584,878.0,0.3013040494166095,0.47533632286995514,1919.0,0.13901345291479822,0.017937219730941704,0.08071748878923767,0.09865470852017937,106.0
0.757496251874063,0.5342763001997269,0.24089722340382952,663.0,0.15645371577574968,603.0,44.0,0.2485007496251874,0.366274596927987,0.5769230769230769,104.0,0.038980509745127435,0.09049773755656108,1961.0,0.1885369532428356,0.027149321266968326,0.10708898944193061,0.3453996983408748,60.0,663,cortical_pca_64,3,2668,0,0.7578710644677661,0.532506591740859,0.24812698992302104,663.0,0.14775725593667546,607.0,39.0,0.2485007496251874,0.3567291699176165,0.5894736842105263,95.0,0.0356071964017991,0.08446455505279035,1966.0,0.1779788838612368,0.02865761689291101,0.10708898944193061,0.34238310708898945,56.0,0.7488755622188905,0.5875988761128852,0.2653948250943422,663.0,0.34570312500000006,486.0,184.0,0.2485007496251874,0.4135829340011874,0.4903047091412742,361.0,0.13530734632683658,0.2669683257918552,1821.0,0.1975867269984917,0.033182503770739065,0.1191553544494721,0.40874811463046756,177.0,0.18924940922425038,0.047308337073200424,0.1979458690633246,0.0568537640835709,0.142022143404908,0.04964060590742264,0.13233637183558944,0.07107174756748968,0.7567466266866567,0.5453872859329805,0.23210358680321586,663.0,0.20368098159509204,580.0,69.0,0.2485007496251874,0.36394232809376476,0.5460526315789473,152.0,0.05697151424287856,0.12518853695324283,1936.0,0.17345399698340874,0.02564102564102564,0.1085972850678733,0.3514328808446455,83.0,blocked,exclude_videos_with_row_mismatch,True,arousal__future_change_p3s_movement,0.05,0.2485007496251874,0.49848568623689643,0.2183800192967683,663.0,0.3969924812030075,3.0,2002.0,0.2485007496251874,0.28124656216559796,0.24793388429752067,2662.0,0.9977511244377811,0.995475113122172,3.0,0.1297134238310709,0.013574660633484163,0.07390648567119155,0.2609351432880845,660.0,0.45239880059970017,0.5735739835930536,0.2598847084682174,663.0,0.4250295159386069,123.0,1338.0,0.2485007496251874,0.3425111864336977,0.28753993610223644,1878.0,0.7038980509745127,0.8144796380090498,667.0,0.16440422322775264,0.01809954751131222,0.08748114630467571,0.3378582202111614,540.0
0.3639430284857571,0.5701334977871291,0.163862926291662,358.0,0.2644126571304725,53.0,1644.0,0.13418290854572715,0.26161169744081153,0.15649050795279631,1949.0,0.7305097451274363,0.8519553072625698,666.0,0.24860335195530725,0.04748603351955307,0.1452513966480447,0.27932960893854747,305.0,358,cortical_pca_64,3,2668,0,0.37743628185907047,0.5696643207816392,0.1736016286489442,358.0,0.26406734603455917,60.0,1601.0,0.13418290854572715,0.2583695568066533,0.1569246972090574,1899.0,0.7117691154422788,0.8324022346368715,709.0,0.2346368715083799,0.05027932960893855,0.15083798882681565,0.2737430167597765,298.0,0.547976011994003,0.6008778930566641,0.19149302409352686,358.0,0.28554502369668244,117.0,1089.0,0.13418290854572715,0.2773597389337221,0.181203007518797,1330.0,0.4985007496251874,0.6731843575418994,1221.0,0.2430167597765363,0.05307262569832402,0.16201117318435754,0.29608938547486036,241.0,0.021132366566209926,0.01574804149291059,0.021477677662123273,0.018990182127068822,0.016210248142328743,0.011978585792668972,0.10386130013103739,0.05067725927092917,0.4936281859070465,0.5789341942973227,0.21031587186149905,358.0,0.2693347755543537,109.0,1242.0,0.13418290854572715,0.26538115314105315,0.16700201207243462,1491.0,0.5588455772113943,0.6955307262569832,1068.0,0.22905027932960895,0.04748603351955307,0.1564245810055866,0.27932960893854747,249.0,blocked,exclude_videos_with_row_mismatch,True,arousal__future_change_p3s_movement,0.075,0.550599700149925,0.5032564269994437,0.1442531592121516,358.0,0.2075346992729676,201.0,998.0,0.13418290854572715,0.17349843880268473,0.13593073593073593,1155.0,0.43290854572713644,0.43854748603351956,1312.0,0.13966480446927373,0.0335195530726257,0.09776536312849161,0.17318435754189945,157.0,0.558095952023988,0.5901992793054245,0.22120960122303193,358.0,0.27801592161665645,131.0,1048.0,0.13418290854572715,0.22668247966279295,0.1780392156862745,1275.0,0.47788605697151426,0.6340782122905028,1262.0,0.21508379888268156,0.030726256983240222,0.13128491620111732,0.276536312849162,227.0
0.13417982155113248,0.49860319914433165,0.1914994459906627,387.0,0.23382933495293048,2.0,2521.0,0.13280713795470145,0.19001844693651718,0.1324845147969718,2906.0,0.997254632807138,0.9948320413436692,6.0,0.14987080103359174,0.03617571059431524,0.10077519379844961,0.17571059431524547,385.0,387,cortical_pca64_delta,,2914,0,0.18119423472889498,0.5060161623970166,0.25241490229254493,387.0,0.23525641025641028,20.0,2366.0,0.13280713795470145,0.18583183981938298,0.13428466886205634,2733.0,0.9378860672614963,0.9483204134366925,161.0,0.14728682170542637,0.03875968992248062,0.10335917312661498,0.1834625322997416,367.0,0.287920384351407,0.5631750735467801,0.2780910874264054,387.0,0.2591931453052481,24.0,2051.0,0.13280713795470145,0.23580729240546824,0.1503728251864126,2414.0,0.8284145504461222,0.937984496124031,476.0,0.2144702842377261,0.041343669250646,0.1343669250645995,0.2532299741602067,363.0,0.025363810352317634,0.04578884546895107,0.023936735048837837,0.04997545258608527,0.02000395611605893,0.03907847336395301,0.10888948097413265,0.09167360305955155,0.22717913520933425,0.518306169340119,0.2424725422965281,387.0,0.2391891891891892,33.0,2219.0,0.13280713795470145,0.19672881904151523,0.13758258841818888,2573.0,0.8829787234042553,0.9147286821705426,308.0,0.165374677002584,0.03617571059431524,0.1111111111111111,0.20930232558139536,354.0,blocked,exclude_videos_with_row_mismatch,True,arousal__future_spike_1_3s,0.05,0.6410432395332876,0.49433866183205877,0.14916414688648372,387.0,0.17896389324960754,273.0,773.0,0.13280713795470145,0.1269178114313356,0.12852311161217586,887.0,0.3043925875085793,0.29457364341085274,1754.0,0.10852713178294573,0.002583979328165375,0.03875968992248062,0.1421188630490956,114.0,0.5257378174330817,0.5613401107828732,0.20427834928043848,387.0,0.2545846817691478,151.0,1231.0,0.13280713795470145,0.1441336893459167,0.1608725289706885,1467.0,0.5034317089910776,0.6098191214470284,1296.0,0.08010335917312661,0.0,0.04392764857881137,0.11369509043927649,236.0
0.0789293067947838,0.49718793586994015,0.14400458900015248,223.0,0.1413947536788228,2.0,2682.0,0.07652711050102952,0.11437771912319852,0.07612814330003445,2903.0,0.9962251201098147,0.9910313901345291,9.0,0.13004484304932734,0.03587443946188341,0.08520179372197309,0.11659192825112108,221.0,223,cortical_pca64_delta,,2914,0,0.24296499656829101,0.544875544290635,0.20983272410756798,223.0,0.15414110429447853,22.0,2184.0,0.07652711050102952,0.1146702589635693,0.08427672955974842,2385.0,0.8184625943719973,0.9013452914798207,507.0,0.15695067264573992,0.03139013452914798,0.10762331838565023,0.13004484304932734,201.0,0.33493479752916955,0.5761640279090074,0.2681603120986834,223.0,0.165374677002584,31.0,1907.0,0.07652711050102952,0.158860941821018,0.09147212958551691,2099.0,0.7203157172271791,0.8609865470852018,784.0,0.23766816143497757,0.05829596412556054,0.13004484304932734,0.17488789237668162,192.0,0.0239799233237612,0.044483222697819486,0.01123357270810546,0.044190682857448704,0.016625998821406696,0.04827586305934267,0.08618118641156992,0.05551292111069797,0.17124227865477007,0.5266058760892062,0.21693363329833204,223.0,0.1487486781811773,12.0,2403.0,0.07652711050102952,0.11058507876167534,0.08071920428462127,2614.0,0.8970487302676733,0.9461883408071748,288.0,0.13004484304932734,0.026905829596412557,0.09417040358744394,0.10762331838565023,211.0,blocked,exclude_videos_with_row_mismatch,True,arousal__future_spike_1_3s,0.075,0.8870967741935484,0.49058645909883963,0.11423834310688799,223.0,0.029498525073746316,218.0,111.0,0.07652711050102952,0.07267975540944809,0.04310344827586207,116.0,0.03980782429649966,0.02242152466367713,2580.0,0.12556053811659193,0.0,0.03139013452914798,0.07174887892376682,5.0,0.6949210706932052,0.5942270614721384,0.17675056633315947,223.0,0.19255222524977292,117.0,772.0,0.07652711050102952,0.10334802071032004,0.12072892938496584,878.0,0.3013040494166095,0.47533632286995514,1919.0,0.13901345291479822,0.017937219730941704,0.08071748878923767,0.09865470852017937,106.0
0.757496251874063,0.5342763001997269,0.24089722340382952,663.0,0.15645371577574968,603.0,44.0,0.2485007496251874,0.366274596927987,0.5769230769230769,104.0,0.038980509745127435,0.09049773755656108,1961.0,0.1885369532428356,0.027149321266968326,0.10708898944193061,0.3453996983408748,60.0,663,cortical_pca64_delta,3,2668,0,0.7514992503748126,0.537353072823221,0.2920387823455119,663.0,0.18249075215782984,589.0,74.0,0.2485007496251874,0.3458181867123,0.5,148.0,0.05547226386806597,0.11161387631975868,1931.0,0.167420814479638,0.02865761689291101,0.10105580693815988,0.3393665158371041,74.0,0.6371814092953523,0.5758762971906584,0.2946824435257093,663.0,0.3834394904458598,362.0,606.0,0.2485007496251874,0.3827170741101925,0.3318632855567806,907.0,0.33995502248875564,0.4539969834087481,1399.0,0.19457013574660634,0.02865761689291101,0.11161387631975868,0.37858220211161386,301.0,0.2269857746701101,0.01644247718220554,0.20094873828802995,0.03689888739789249,0.19939041069125857,0.038514446578433836,0.10147051194459455,0.0402058876764948,0.7507496251874063,0.5373590909603818,0.27369799321845667,663.0,0.18404907975460122,588.0,77.0,0.2485007496251874,0.3442026275317587,0.4934210526315789,152.0,0.05697151424287856,0.11312217194570136,1928.0,0.167420814479638,0.024132730015082957,0.10256410256410256,0.34087481146304677,75.0,blocked,exclude_videos_with_row_mismatch,True,arousal__future_change_p3s_movement,0.05,0.2485007496251874,0.49848568623689643,0.2183800192967683,663.0,0.3969924812030075,3.0,2002.0,0.2485007496251874,0.28124656216559796,0.24793388429752067,2662.0,0.9977511244377811,0.995475113122172,3.0,0.1297134238310709,0.013574660633484163,0.07390648567119155,0.2609351432880845,660.0,0.45239880059970017,0.5735739835930536,0.2598847084682174,663.0,0.4250295159386069,123.0,1338.0,0.2485007496251874,0.3425111864336977,0.28753993610223644,1878.0,0.7038980509745127,0.8144796380090498,667.0,0.16440422322775264,0.01809954751131222,0.08748114630467571,0.3378582202111614,540.0
0.3639430284857571,0.5701334977871291,0.163862926291662,358.0,0.2644126571304725,53.0,1644.0,0.13418290854572715,0.26161169744081153,0.15649050795279631,1949.0,0.7305097451274363,0.8519553072625698,666.0,0.24860335195530725,0.04748603351955307,0.1452513966480447,0.27932960893854747,305.0,358,cortical_pca64_delta,3,2668,0,0.7117691154422788,0.5916092287600667,0.23845664876934264,358.0,0.28465116279069774,205.0,564.0,0.13418290854572715,0.25715234753321187,0.21338912133891214,717.0,0.26874062968515744,0.4273743016759777,1746.0,0.22905027932960895,0.04189944134078212,0.14804469273743018,0.2737430167597765,153.0,0.6319340329835083,0.5797310696752037,0.25382941798169745,358.0,0.2704309063893016,176.0,806.0,0.13418290854572715,0.25349308443604085,0.18421052631578946,988.0,0.37031484257871067,0.5083798882681564,1504.0,0.24581005586592178,0.04748603351955307,0.15921787709497207,0.2849162011173184,182.0,0.0060182492588291,-0.00811861300477068,-0.014220256401396125,-0.003659263097171017,-0.0265987965809954,-0.0005785260779516133,0.07999464563335612,0.026810604773247898,0.7072713643178411,0.6031742001015744,0.19023763616257194,358.0,0.297029702970297,193.0,588.0,0.13418290854572715,0.25407161051399246,0.21912350597609562,753.0,0.28223388305847075,0.46089385474860334,1722.0,0.23184357541899442,0.03910614525139665,0.16201117318435754,0.2849162011173184,165.0,blocked,exclude_videos_with_row_mismatch,False,arousal__future_change_p3s_movement,0.075,0.550599700149925,0.5032564269994437,0.1442531592121516,358.0,0.2075346992729676,201.0,998.0,0.13418290854572715,0.17349843880268473,0.13593073593073593,1155.0,0.43290854572713644,0.43854748603351956,1312.0,0.13966480446927373,0.0335195530726257,0.09776536312849161,0.17318435754189945,157.0,0.558095952023988,0.5901992793054245,0.22120960122303193,358.0,0.27801592161665645,131.0,1048.0,0.13418290854572715,0.22668247966279295,0.1780392156862745,1275.0,0.47788605697151426,0.6340782122905028,1262.0,0.21508379888268156,0.030726256983240222,0.13128491620111732,0.276536312849162,227.0
0.1624863685932388,0.5043960509775023,0.20427153061629436,391.0,0.25,7.0,2297.0,0.1421301344965467,0.21809965267685616,0.1432301380082059,2681.0,0.9745547073791349,0.9820971867007673,63.0,0.17135549872122763,0.03580562659846547,0.12531969309462915,0.20971867007672634,384.0,391,cortical_pca_64,,2751,0,0.17557251908396945,0.5120231696215701,0.19905643876094278,391.0,0.2529644268774704,7.0,2261.0,0.1421301344965467,0.2150358021530957,0.14517958412098297,2645.0,0.9614685568884043,0.9820971867007673,99.0,0.17902813299232737,0.03836317135549872,0.11508951406649616,0.21739130434782608,384.0,0.27044711014176664,0.5523830681867441,0.2450795385687941,391.0,0.2693847834000728,21.0,1986.0,0.1421301344965467,0.28333215977348697,0.1570458404074703,2356.0,0.856415848782261,0.9462915601023018,374.0,0.22762148337595908,0.04603580562659847,0.16112531969309463,0.2813299232736573,370.0,0.019384783400072825,0.06523250709663081,0.01642035652260243,0.06829635762039127,0.01530008850177339,0.06593065549540708,0.13743888433442414,0.1408712217817565,0.18684114867320975,0.5153902423165286,0.2111530620747508,391.0,0.25408469489829943,10.0,2227.0,0.1421301344965467,0.2174015042780799,0.1460889570552147,2608.0,0.9480189022173755,0.9744245524296675,133.0,0.17391304347826086,0.03324808184143223,0.11764705882352941,0.21994884910485935,381.0,blocked,exclude_low_event_videos,True,arousal__future_spike_1_3s,0.05,0.782260996001454,0.5092776019766787,0.1902496818640647,391.0,0.1430615164520744,341.0,258.0,0.1421301344965467,0.14589327543906283,0.16233766233766234,308.0,0.11195928753180662,0.1278772378516624,2102.0,0.11508951406649616,0.0076726342710997444,0.05115089514066496,0.16879795396419436,50.0,0.6426753907669939,0.5218095712861416,0.25092371946601133,391.0,0.21922160444797462,253.0,730.0,0.1421301344965467,0.14246093799173046,0.15898617511520738,868.0,0.3155216284987277,0.35294117647058826,1630.0,0.08184143222506395,0.0,0.043478260869565216,0.10230179028132992,138.0
0.12359142130134497,0.5102269645576486,0.17767458575866005,228.0,0.1555166374781086,6.0,2405.0,0.08287895310796074,0.129005713104765,0.08450704225352113,2627.0,0.9549254816430389,0.9736842105263158,118.0,0.14473684210526316,0.03508771929824561,0.10087719298245613,0.14035087719298245,222.0,228,cortical_pca_64,,2751,0,0.11668484187568157,0.5104512172226047,0.16545694443847758,228.0,0.15566365531619183,4.0,2426.0,0.08287895310796074,0.12690674808749527,0.08452830188679246,2650.0,0.9632860777898946,0.9824561403508771,97.0,0.15789473684210525,0.02631578947368421,0.12280701754385964,0.13596491228070176,224.0,0.2791712104689204,0.5591401214093498,0.24229891193475353,228.0,0.17063989962358844,24.0,1959.0,0.08287895310796074,0.1868574163015636,0.09431345353675451,2163.0,0.7862595419847328,0.8947368421052632,564.0,0.2543859649122807,0.05263157894736842,0.14912280701754385,0.20175438596491227,204.0,0.015123262145479849,0.05785170319679861,0.014976244307396608,0.05995066821406833,0.008256286960646175,0.06030759790256757,0.10297813437227257,0.08360587775634082,0.18247909850963287,0.5343523791643199,0.21162588143945504,228.0,0.16238361266294227,10.0,2239.0,0.08287895310796074,0.12654981839899604,0.08872608872608873,2457.0,0.8931297709923665,0.956140350877193,284.0,0.15350877192982457,0.03508771929824561,0.10964912280701754,0.13157894736842105,218.0,blocked,exclude_low_event_videos,True,arousal__future_spike_1_3s,0.075,0.8480552526354053,0.5182009721092267,0.11111564835279639,228.0,0.1181434599156118,200.0,218.0,0.08287895310796074,0.08387928192929103,0.11382113821138211,246.0,0.08942202835332606,0.12280701754385964,2305.0,0.13596491228070176,0.0043859649122807015,0.05263157894736842,0.11842105263157894,28.0,0.6764812795347146,0.5642979327033397,0.16815804590213002,228.0,0.18047882136279925,130.0,760.0,0.08287895310796074,0.10325153854522279,0.11421911421911422,858.0,0.311886586695747,0.4298245614035088,1763.0,0.11842105263157894,0.02631578947368421,0.07894736842105263,0.09649122807017543,98.0
0.7421782178217822,0.520415251184482,0.24980949096345326,666.0,0.09457579972183588,632.0,19.0,0.2637623762376238,0.34409401687732,0.6415094339622641,53.0,0.02099009900990099,0.05105105105105105,1840.0,0.16816816816816818,0.024024024024024024,0.0960960960960961,0.3153153153153153,34.0,666,cortical_pca_64,3,2525,0,0.7441584158415842,0.5323594169748016,0.23940130823868028,666.0,0.14775725593667546,610.0,36.0,0.2637623762376238,0.3587619990636097,0.6086956521739131,92.0,0.03643564356435643,0.08408408408408409,1823.0,0.16666666666666666,0.02702702702702703,0.10510510510510511,0.33783783783783783,56.0,0.7322772277227723,0.5363352863352864,0.26294764818663324,666.0,0.19331742243436753,585.0,91.0,0.2637623762376238,0.375929913255861,0.47093023255813954,172.0,0.06811881188118812,0.12162162162162163,1768.0,0.15765765765765766,0.03003003003003003,0.1006006006006006,0.3663663663663664,81.0,0.09874162271253165,0.031835896378541007,0.04556016649769207,0.017167914192251277,0.1063609006952371,0.03107539157623468,0.12095552235688012,0.034321964505602764,0.7421782178217822,0.5189698843544998,0.27790341918910993,666.0,0.08695652173913043,635.0,16.0,0.2637623762376238,0.3448545216796263,0.6595744680851063,47.0,0.018613861386138613,0.046546546546546545,1843.0,0.16066066066066065,0.02702702702702703,0.0945945945945946,0.3303303303303303,31.0,blocked,exclude_low_event_videos,True,arousal__future_change_p3s_movement,0.05,0.2637623762376238,0.5,0.21941737025102342,666.0,0.41742400501410215,0.0,1859.0,0.2637623762376238,0.2549743908989809,0.2637623762376238,2525.0,1.0,1.0,0.0,0.0945945945945946,0.009009009009009009,0.042042042042042045,0.2552552552552553,666.0,0.4285148514851485,0.547810182425567,0.26207253147727383,666.0,0.4248704663212435,133.0,1310.0,0.2637623762376238,0.34160794875025824,0.2892023874118285,1843.0,0.7299009900990099,0.8003003003003003,549.0,0.14414414414414414,0.018018018018018018,0.08258258258258258,0.33183183183183185,533.0
0.6201980198019802,0.6189007219618606,0.17824848455960593,363.0,0.31840796019900497,139.0,820.0,0.14376237623762375,0.2851586488511968,0.21455938697318008,1044.0,0.41346534653465344,0.6170798898071626,1342.0,0.25895316804407714,0.04132231404958678,0.15426997245179064,0.31955922865013775,224.0,363,cortical_pca_64,3,2525,0,0.6205940594059406,0.6053782718276874,0.17650941507723117,363.0,0.3068017366136035,151.0,807.0,0.14376237623762375,0.2750732377339254,0.20804710500490678,1019.0,0.4035643564356436,0.5840220385674931,1355.0,0.24242424242424243,0.04132231404958678,0.15426997245179064,0.3002754820936639,212.0,0.7073267326732673,0.5964263779838584,0.18930837011980095,363.0,0.3021718602455147,203.0,536.0,0.14376237623762375,0.27370187269545343,0.22988505747126436,696.0,0.27564356435643567,0.44077134986225897,1626.0,0.2369146005509642,0.049586776859504134,0.13774104683195593,0.29201101928374656,160.0,-0.01623609995349029,-0.011456776155743364,-0.004629876368088814,-0.0013713650384719611,0.0006793229320818384,-0.010418545880300945,0.121790587642296,0.04822349215188593,0.6293069306930693,0.5990047221861199,0.16269277766836326,363.0,0.30149253731343284,161.0,775.0,0.14376237623762375,0.2841204185757544,0.2067553735926305,977.0,0.38693069306930694,0.5564738292011019,1387.0,0.24517906336088155,0.04132231404958678,0.15702479338842976,0.31955922865013775,202.0,blocked,exclude_low_event_videos,False,arousal__future_change_p3s_movement,0.075,0.8546534653465346,0.5059517893594085,0.15070477460573825,363.0,0.0316622691292876,357.0,10.0,0.14376237623762375,0.15191128505315743,0.375,16.0,0.006336633663366337,0.01652892561983471,2152.0,0.10192837465564739,0.02203856749311295,0.06611570247933884,0.14049586776859505,6.0,0.6099009900990099,0.572772761676134,0.253611108695315,363.0,0.2773294203961849,174.0,811.0,0.14376237623762375,0.2254783805435675,0.189,1000.0,0.39603960396039606,0.5206611570247934,1351.0,0.20385674931129477,0.030303030303030304,0.12396694214876033,0.27548209366391185,189.0
0.1624863685932388,0.5043960509775023,0.20427153061629436,391.0,0.25,7.0,2297.0,0.1421301344965467,0.21809965267685616,0.1432301380082059,2681.0,0.9745547073791349,0.9820971867007673,63.0,0.17135549872122763,0.03580562659846547,0.12531969309462915,0.20971867007672634,384.0,391,cortical_pca64_delta,,2751,0,0.24863685932388221,0.5311359400060687,0.2530293359783289,391.0,0.2594052310999642,29.0,2038.0,0.1421301344965467,0.21884152940810675,0.15083333333333335,2400.0,0.8724100327153762,0.9258312020460358,322.0,0.1867007672634271,0.03580562659846547,0.10997442455242967,0.23529411764705882,362.0,0.35150854234823703,0.5804244874073432,0.30402257732730564,391.0,0.2829581993569132,39.0,1745.0,0.1421301344965467,0.2786647430266038,0.16785884597043396,2097.0,0.7622682660850599,0.9002557544757033,615.0,0.2506393861892583,0.04092071611253197,0.1534526854219949,0.3145780051150895,352.0,0.03295819935691319,0.06056509034974766,0.02355296825694897,0.05982321361849707,0.022519416625136846,0.062107414420831175,0.132771467587541,0.13620380503487337,0.24027626317702652,0.5326645064805583,0.2630993096293387,391.0,0.26043878273177634,23.0,2067.0,0.1421301344965467,0.21655732860577265,0.151129363449692,2435.0,0.8851326790258088,0.9411764705882353,293.0,0.17135549872122763,0.03324808184143223,0.09974424552429667,0.21994884910485935,368.0,blocked,exclude_low_event_videos,True,arousal__future_spike_1_3s,0.05,0.782260996001454,0.5092776019766787,0.1902496818640647,391.0,0.1430615164520744,341.0,258.0,0.1421301344965467,0.14589327543906283,0.16233766233766234,308.0,0.11195928753180662,0.1278772378516624,2102.0,0.11508951406649616,0.0076726342710997444,0.05115089514066496,0.16879795396419436,50.0,0.6426753907669939,0.5218095712861416,0.25092371946601133,391.0,0.21922160444797462,253.0,730.0,0.1421301344965467,0.14246093799173046,0.15898617511520738,868.0,0.3155216284987277,0.35294117647058826,1630.0,0.08184143222506395,0.0,0.043478260869565216,0.10230179028132992,138.0
0.12359142130134497,0.5102269645576486,0.17767458575866005,228.0,0.1555166374781086,6.0,2405.0,0.08287895310796074,0.129005713104765,0.08450704225352113,2627.0,0.9549254816430389,0.9736842105263158,118.0,0.14473684210526316,0.03508771929824561,0.10087719298245613,0.14035087719298245,222.0,228,cortical_pca64_delta,,2751,0,0.22464558342420937,0.5294136053570311,0.23952497921215637,228.0,0.16056670602125148,24.0,2109.0,0.08287895310796074,0.1224329582879811,0.08819714656290532,2313.0,0.8407851690294439,0.8947368421052632,414.0,0.15350877192982457,0.03070175438596491,0.07894736842105263,0.14912280701754385,204.0,0.3693202471828426,0.5783658760456433,0.25838251548158203,228.0,0.17889256980596308,39.0,1696.0,0.08287895310796074,0.1835287115044888,0.10026525198938992,1885.0,0.6852053798618684,0.8289473684210527,827.0,0.25877192982456143,0.04824561403508772,0.15789473684210525,0.21929824561403508,189.0,0.02337593232785448,0.0545229983997238,0.0183258637847116,0.06109575321650769,0.018319633507433125,0.06564041772558166,0.09964942957519776,0.08027717295926601,0.19047619047619047,0.5287382397730355,0.2318940694844482,228.0,0.16057293629852995,15.0,2212.0,0.08287895310796074,0.11788829377890714,0.08783505154639175,2425.0,0.881497637222828,0.9342105263157895,311.0,0.14473684210526316,0.03070175438596491,0.08771929824561403,0.11403508771929824,213.0,blocked,exclude_low_event_videos,True,arousal__future_spike_1_3s,0.075,0.8480552526354053,0.5182009721092267,0.11111564835279639,228.0,0.1181434599156118,200.0,218.0,0.08287895310796074,0.08387928192929103,0.11382113821138211,246.0,0.08942202835332606,0.12280701754385964,2305.0,0.13596491228070176,0.0043859649122807015,0.05263157894736842,0.11842105263157894,28.0,0.6764812795347146,0.5642979327033397,0.16815804590213002,228.0,0.18047882136279925,130.0,760.0,0.08287895310796074,0.10325153854522279,0.11421911421911422,858.0,0.311886586695747,0.4298245614035088,1763.0,0.11842105263157894,0.02631578947368421,0.07894736842105263,0.09649122807017543,98.0
0.7421782178217822,0.520415251184482,0.24980949096345326,666.0,0.09457579972183588,632.0,19.0,0.2637623762376238,0.34409401687732,0.6415094339622641,53.0,0.02099009900990099,0.05105105105105105,1840.0,0.16816816816816818,0.024024024024024024,0.0960960960960961,0.3153153153153153,34.0,666,cortical_pca64_delta,3,2525,0,0.7366336633663366,0.5190587305971921,0.2879087072852509,666.0,0.10497981157469718,627.0,38.0,0.2637623762376238,0.3194580046811635,0.5064935064935064,77.0,0.030495049504950494,0.05855855855855856,1821.0,0.13363363363363365,0.02702702702702703,0.07357357357357357,0.3048048048048048,39.0,0.6792079207920793,0.5590726552265014,0.2881336618052254,666.0,0.3338815789473684,463.0,347.0,0.2637623762376238,0.36875893784017133,0.3690909090909091,550.0,0.21782178217821782,0.3048048048048048,1512.0,0.17567567567567569,0.02702702702702703,0.0945945945945946,0.3663663663663664,203.0,0.23930577922553253,0.024664920962851333,0.22890176737267123,0.049300933159007854,0.2510086507705728,0.0426082055073963,0.11378454694119045,0.02715098908991309,0.737029702970297,0.5149915919146688,0.26309418925956385,666.0,0.08287292817679558,636.0,28.0,0.2637623762376238,0.32615073233277503,0.5172413793103449,58.0,0.02297029702970297,0.04504504504504504,1831.0,0.14564564564564564,0.02252252252252252,0.0945945945945946,0.3153153153153153,30.0,blocked,exclude_low_event_videos,True,arousal__future_change_p3s_movement,0.05,0.2637623762376238,0.5,0.21941737025102342,666.0,0.41742400501410215,0.0,1859.0,0.2637623762376238,0.2549743908989809,0.2637623762376238,2525.0,1.0,1.0,0.0,0.0945945945945946,0.009009009009009009,0.042042042042042045,0.2552552552552553,666.0,0.4285148514851485,0.547810182425567,0.26207253147727383,666.0,0.4248704663212435,133.0,1310.0,0.2637623762376238,0.34160794875025824,0.2892023874118285,1843.0,0.7299009900990099,0.8003003003003003,549.0,0.14414414414414414,0.018018018018018018,0.08258258258258258,0.33183183183183185,533.0
0.6201980198019802,0.6189007219618606,0.17824848455960593,363.0,0.31840796019900497,139.0,820.0,0.14376237623762375,0.2851586488511968,0.21455938697318008,1044.0,0.41346534653465344,0.6170798898071626,1342.0,0.25895316804407714,0.04132231404958678,0.15426997245179064,0.31955922865013775,224.0,363,cortical_pca64_delta,3,2525,0,0.4776237623762376,0.5677364851950674,0.22543145556330138,363.0,0.27646736149204615,111.0,1208.0,0.14376237623762375,0.24727588816530258,0.1726027397260274,1460.0,0.5782178217821782,0.6942148760330579,954.0,0.21212121212121213,0.03581267217630854,0.12947658402203857,0.27548209366391185,252.0,0.712079207920792,0.577424866782364,0.2525433774673743,363.0,0.2794846382556987,222.0,505.0,0.14376237623762375,0.2341681692762962,0.21826625386996903,646.0,0.25584158415841585,0.3884297520661157,1657.0,0.20385674931129477,0.03856749311294766,0.12947658402203857,0.24793388429752067,141.0,-0.03892332194330628,-0.050990479574900605,0.0030172767636525433,-0.013107718889006387,-0.021590630561505564,-0.03416098690380276,0.08225688422313876,0.008689788732728687,0.5881188118811881,0.6001680670127394,0.2177509132444712,363.0,0.30107526881720426,139.0,901.0,0.14376237623762375,0.26832915618009895,0.1991111111111111,1125.0,0.44554455445544555,0.6170798898071626,1261.0,0.22589531680440772,0.03305785123966942,0.14325068870523416,0.2975206611570248,224.0,blocked,exclude_low_event_videos,False,arousal__future_change_p3s_movement,0.075,0.8546534653465346,0.5059517893594085,0.15070477460573825,363.0,0.0316622691292876,357.0,10.0,0.14376237623762375,0.15191128505315743,0.375,16.0,0.006336633663366337,0.01652892561983471,2152.0,0.10192837465564739,0.02203856749311295,0.06611570247933884,0.14049586776859505,6.0,0.6099009900990099,0.572772761676134,0.253611108695315,363.0,0.2773294203961849,174.0,811.0,0.14376237623762375,0.2254783805435675,0.189,1000.0,0.39603960396039606,0.5206611570247934,1351.0,0.20385674931129477,0.030303030303030304,0.12396694214876033,0.27548209366391185,189.0
0.1631259484066768,0.50226597582038,0.2066927848428424,386.0,0.25573549257759787,7.0,2199.0,0.1464339908952959,0.21819579315373583,0.1470131885182312,2578.0,0.9779969650986343,0.9818652849740933,51.0,0.16839378238341968,0.03367875647668394,0.11658031088082901,0.19948186528497408,379.0,386,cortical_pca_64,,2636,0,0.19537177541729894,0.5190086355785838,0.23503129150086344,386.0,0.2622608695652174,9.0,2112.0,0.1464339908952959,0.2203263474632774,0.15146645239051829,2489.0,0.9442336874051593,0.9766839378238342,138.0,0.16839378238341968,0.03367875647668394,0.11139896373056994,0.20725388601036268,377.0,0.21699544764795145,0.5316753022452505,0.24257470781484414,386.0,0.2675656493967353,9.0,2055.0,0.1464339908952959,0.2649214995855044,0.15501644736842105,2432.0,0.9226100151745068,0.9766839378238342,195.0,0.21243523316062177,0.04145077720207254,0.13989637305699482,0.2616580310880829,377.0,0.011830156819137405,0.0467257064317686,0.005304779831517892,0.04459515212222703,0.008652530670532399,0.0471199860929811,0.11248949468990835,0.12193776061499226,0.18778452200303491,0.5113448474381117,0.23721424273238303,386.0,0.2589131187262029,12.0,2129.0,0.1464339908952959,0.21780151349252333,0.14942069516580103,2503.0,0.9495447647951442,0.9689119170984456,121.0,0.16321243523316062,0.03367875647668394,0.11658031088082901,0.20725388601036268,374.0,blocked,enough_event_videos_only,True,arousal__future_spike_1_3s,0.05,0.7128224582701063,0.5173552101324123,0.17363446272190344,386.0,0.19724284199363734,293.0,464.0,0.1464339908952959,0.15243200489559608,0.16696588868940754,557.0,0.2113050075872534,0.24093264248704663,1786.0,0.11917098445595854,0.0051813471502590676,0.054404145077720206,0.18393782383419688,93.0,0.659711684370258,0.48624409902130106,0.2569369173543889,386.0,0.17174515235457066,293.0,604.0,0.1464339908952959,0.14298373897051217,0.133428981348637,697.0,0.26441578148710165,0.24093264248704663,1646.0,0.06994818652849741,0.0,0.04404145077720207,0.11398963730569948,93.0
0.11153262518968134,0.5039307442904087,0.1741663891176958,227.0,0.15936826992103373,5.0,2337.0,0.08611532625189681,0.12806731261502544,0.08675263774912075,2559.0,0.9707890743550834,0.9779735682819384,72.0,0.14537444933920704,0.030837004405286344,0.10572687224669604,0.13656387665198239,222.0,227,cortical_pca_64,,2636,0,0.1422610015174507,0.516752523119067,0.20292601512146746,227.0,0.1629026286560533,7.0,2254.0,0.08611532625189681,0.12315293267954805,0.0889248181083266,2474.0,0.9385432473444613,0.9691629955947136,155.0,0.14977973568281938,0.02643171806167401,0.09691629955947137,0.14096916299559473,220.0,0.24506828528072838,0.553049046984235,0.24874903849737198,227.0,0.17427385892116184,17.0,1973.0,0.08611532625189681,0.18615704114868875,0.0961978928080623,2183.0,0.8281487101669196,0.9251101321585903,436.0,0.24669603524229075,0.048458149779735685,0.14977973568281938,0.19383259911894274,210.0,0.014905589000128117,0.058089728533663315,0.011371230265108556,0.0630041084691407,0.012190983966999774,0.05326266744631086,0.0963097908943425,0.08217933316213565,0.13315629742033383,0.5137662912389845,0.19906145349519985,227.0,0.16208287495416207,6.0,2279.0,0.08611532625189681,0.1328943737023779,0.0884,2500.0,0.9484066767830045,0.973568281938326,130.0,0.15418502202643172,0.030837004405286344,0.1013215859030837,0.13215859030837004,221.0,blocked,enough_event_videos_only,True,arousal__future_spike_1_3s,0.075,0.8657056145675266,0.5175324544704788,0.12288202546422233,227.0,0.11055276381909547,205.0,149.0,0.08611532625189681,0.08984725025434626,0.1286549707602339,171.0,0.06487101669195751,0.09691629955947137,2260.0,0.13656387665198239,0.004405286343612335,0.07048458149779736,0.12334801762114538,22.0,0.7063732928679818,0.5341039384247398,0.17725625238006446,227.0,0.16052060737527113,153.0,621.0,0.08611532625189681,0.1039777079865531,0.10647482014388489,695.0,0.26365705614567525,0.32599118942731276,1788.0,0.11894273127753303,0.02643171806167401,0.07929515418502203,0.09251101321585903,74.0
0.7370156636438582,0.5309001681595114,0.2526323161283591,660.0,0.14016172506738545,608.0,30.0,0.2720527617477329,0.3620398201009874,0.6341463414634146,82.0,0.033800494641384994,0.07878787878787878,1736.0,0.16515151515151516,0.02727272727272727,0.10151515151515152,0.32575757575757575,52.0,660,cortical_pca_64,3,2426,0,0.7341302555647156,0.5289182882048115,0.2448630559977493,660.0,0.13885180240320427,608.0,37.0,0.2720527617477329,0.3494723913190748,0.5842696629213483,89.0,0.036685902720527616,0.07878787878787878,1729.0,0.15757575757575756,0.02727272727272727,0.09090909090909091,0.3151515151515151,52.0,0.7023907666941468,0.5735406156697209,0.25403387941938976,660.0,0.3471971066907775,468.0,254.0,0.2720527617477329,0.41019734052726786,0.4304932735426009,446.0,0.1838417147568013,0.2909090909090909,1512.0,0.18484848484848485,0.03333333333333333,0.10757575757575757,0.39090909090909093,192.0,0.20703538162339208,0.048157520426280465,0.20834530428757325,0.060724949208193046,0.21296891877131444,0.05862227919479024,0.13826073662896382,0.06730157507544215,0.7341302555647156,0.5279693881052885,0.2572290058621751,660.0,0.1342281879194631,610.0,35.0,0.2720527617477329,0.3515750613324776,0.5882352941176471,85.0,0.03503709810387469,0.07575757575757576,1731.0,0.1606060606060606,0.024242424242424242,0.10303030303030303,0.3212121212121212,50.0,blocked,enough_event_videos_only,True,arousal__future_change_p3s_movement,0.05,0.2683429513602638,0.48274391708706543,0.2290696115379232,660.0,0.41477085393999347,31.0,1744.0,0.2720527617477329,0.27193660389830404,0.2650653181626633,2373.0,0.9781533388293487,0.953030303030303,22.0,0.09545454545454546,0.015151515151515152,0.04393939393939394,0.26515151515151514,629.0,0.4097279472382523,0.5319365798414496,0.26810869072592686,660.0,0.4244372990353698,132.0,1300.0,0.2720527617477329,0.3428957654518257,0.2888402625820569,1828.0,0.7535037098103875,0.8,466.0,0.13787878787878788,0.01818181818181818,0.08333333333333333,0.3303030303030303,528.0
0.5741962077493817,0.6016919889502763,0.18148863662522263,362.0,0.30995323981295925,130.0,903.0,0.14921681780708987,0.2864415104318725,0.20440528634361232,1135.0,0.46784830997526794,0.6408839779005525,1161.0,0.2430939226519337,0.03867403314917127,0.15469613259668508,0.31767955801104975,232.0,362,cortical_pca_64,3,2426,0,0.5902720527617478,0.587221347809328,0.20049404477319616,362.0,0.2980225988700565,151.0,843.0,0.14921681780708987,0.2746792014147946,0.20018975332068312,1054.0,0.43446001648804616,0.5828729281767956,1221.0,0.24861878453038674,0.03867403314917127,0.15469613259668508,0.3011049723756906,211.0,0.683429513602638,0.5838820720373463,0.20910208562002638,362.0,0.29411764705882354,202.0,566.0,0.14921681780708987,0.2831690952089714,0.22038567493112948,726.0,0.29925803792250616,0.4419889502762431,1498.0,0.2265193370165746,0.04419889502762431,0.14917127071823205,0.2955801104972376,160.0,-0.015835592754135708,-0.003272415222901115,-0.0039049518112329595,0.00848989379417675,-0.0016486021957978214,0.016692169586073502,0.11709869356935482,0.05577757649441817,0.5131904369332234,0.5840627542935458,0.20138217835809674,362.0,0.29576624925462136,114.0,1067.0,0.14921681780708987,0.2664769256228979,0.18859315589353612,1315.0,0.5420445177246497,0.6850828729281768,997.0,0.21823204419889503,0.04143646408839779,0.13535911602209943,0.2955801104972376,248.0,blocked,enough_event_videos_only,False,arousal__future_change_p3s_movement,0.075,0.8446001648804616,0.5111728553685383,0.16116666060799528,362.0,0.06451612903225805,349.0,28.0,0.14921681780708987,0.16607040163961656,0.3170731707317073,41.0,0.016900247320692497,0.03591160220994475,2036.0,0.12154696132596685,0.022099447513812154,0.07458563535911603,0.17403314917127072,13.0,0.6063478977741138,0.5704727718531843,0.25792830277465045,362.0,0.28249436513899323,174.0,781.0,0.14921681780708987,0.2273915187145532,0.19401444788441694,969.0,0.3994229183841715,0.5193370165745856,1283.0,0.19337016574585636,0.027624309392265192,0.12430939226519337,0.27348066298342544,188.0
0.1631259484066768,0.50226597582038,0.2066927848428424,386.0,0.25573549257759787,7.0,2199.0,0.1464339908952959,0.21819579315373583,0.1470131885182312,2578.0,0.9779969650986343,0.9818652849740933,51.0,0.16839378238341968,0.03367875647668394,0.11658031088082901,0.19948186528497408,379.0,386,cortical_pca64_delta,,2636,0,0.2830045523520486,0.5402947610823259,0.2637178816750843,386.0,0.2697063369397218,37.0,1853.0,0.1464339908952959,0.22086630422200898,0.15849227974568575,2202.0,0.8353566009104704,0.9041450777202072,397.0,0.17616580310880828,0.03626943005181347,0.12176165803108809,0.21761658031088082,349.0,0.28072837632776937,0.551838802533103,0.3117844545758554,386.0,0.2757830404889228,25.0,1871.0,0.1464339908952959,0.25447603060334956,0.1617383512544803,2232.0,0.8467374810318664,0.9352331606217616,379.0,0.22279792746113988,0.038860103626943004,0.13730569948186527,0.2694300518134715,361.0,0.02004754791132496,0.03628023744961373,0.006076703549201035,0.03360972638134058,0.017420051165079442,0.039669466918126284,0.10204402570775348,0.11149229163283739,0.2094081942336874,0.5122072538860104,0.2648146022011707,386.0,0.2583629893238434,23.0,2061.0,0.1464339908952959,0.21480656368522327,0.14975247524752475,2424.0,0.9195751138088012,0.9404145077720207,189.0,0.16580310880829016,0.038860103626943004,0.09844559585492228,0.21761658031088082,363.0,blocked,enough_event_videos_only,True,arousal__future_spike_1_3s,0.05,0.7128224582701063,0.5173552101324123,0.17363446272190344,386.0,0.19724284199363734,293.0,464.0,0.1464339908952959,0.15243200489559608,0.16696588868940754,557.0,0.2113050075872534,0.24093264248704663,1786.0,0.11917098445595854,0.0051813471502590676,0.054404145077720206,0.18393782383419688,93.0,0.659711684370258,0.48624409902130106,0.2569369173543889,386.0,0.17174515235457066,293.0,604.0,0.1464339908952959,0.14298373897051217,0.133428981348637,697.0,0.26441578148710165,0.24093264248704663,1646.0,0.06994818652849741,0.0,0.04404145077720207,0.11398963730569948,93.0
0.11153262518968134,0.5039307442904087,0.1741663891176958,227.0,0.15936826992103373,5.0,2337.0,0.08611532625189681,0.12806731261502544,0.08675263774912075,2559.0,0.9707890743550834,0.9779735682819384,72.0,0.14537444933920704,0.030837004405286344,0.10572687224669604,0.13656387665198239,222.0,227,cortical_pca64_delta,,2636,0,0.19195751138088013,0.523991346693658,0.2224010907564795,227.0,0.16470588235294115,17.0,2113.0,0.08611532625189681,0.12313244949447877,0.09040034438226431,2323.0,0.8812594840667678,0.9251101321585903,296.0,0.15418502202643172,0.02643171806167401,0.0881057268722467,0.14096916299559473,210.0,0.30842185128983307,0.5697549388032763,0.27524381951343013,227.0,0.18067415730337077,26.0,1797.0,0.08611532625189681,0.17308720157740576,0.1006006006006006,1998.0,0.7579666160849773,0.8854625550660793,612.0,0.2290748898678414,0.048458149779735685,0.14537444933920704,0.2026431718061674,201.0,0.021305887382337046,0.04501988896238032,0.01596827495042963,0.04995475208292699,0.014984434755500514,0.04922519628426092,0.0832399513230595,0.06910949359085265,0.19006069802731412,0.5269437480227415,0.24975363076868193,227.0,0.16568972254787026,15.0,2120.0,0.08611532625189681,0.12386200529314484,0.09090909090909091,2332.0,0.8846737481031867,0.933920704845815,289.0,0.14977973568281938,0.030837004405286344,0.09251101321585903,0.12334801762114538,212.0,blocked,enough_event_videos_only,True,arousal__future_spike_1_3s,0.075,0.8657056145675266,0.5175324544704788,0.12288202546422233,227.0,0.11055276381909547,205.0,149.0,0.08611532625189681,0.08984725025434626,0.1286549707602339,171.0,0.06487101669195751,0.09691629955947137,2260.0,0.13656387665198239,0.004405286343612335,0.07048458149779736,0.12334801762114538,22.0,0.7063732928679818,0.5341039384247398,0.17725625238006446,227.0,0.16052060737527113,153.0,621.0,0.08611532625189681,0.1039777079865531,0.10647482014388489,695.0,0.26365705614567525,0.32599118942731276,1788.0,0.11894273127753303,0.02643171806167401,0.07929515418502203,0.09251101321585903,74.0
0.7370156636438582,0.5309001681595114,0.2526323161283591,660.0,0.14016172506738545,608.0,30.0,0.2720527617477329,0.3620398201009874,0.6341463414634146,82.0,0.033800494641384994,0.07878787878787878,1736.0,0.16515151515151516,0.02727272727272727,0.10151515151515152,0.32575757575757575,52.0,660,cortical_pca64_delta,3,2426,0,0.7262984336356142,0.5121520985620646,0.29267617777150984,660.0,0.07777777777777778,632.0,32.0,0.2720527617477329,0.32914631518878873,0.4666666666666667,60.0,0.0247320692497939,0.04242424242424243,1734.0,0.15,0.021212121212121213,0.08636363636363636,0.3151515151515151,28.0,0.589035449299258,0.5630529530869282,0.30113480633094136,660.0,0.40120120120120123,326.0,671.0,0.2720527617477329,0.3741938788748751,0.33233830845771145,1005.0,0.4142621599340478,0.5060606060606061,1095.0,0.16363636363636364,0.025757575757575757,0.09696969696969697,0.3712121212121212,334.0,0.2610394761338158,0.0121540587738877,0.32342342342342345,0.04504756368608637,0.2801485696222539,0.04216048604224515,0.10225727497657106,0.03129811342304939,0.7246496290189612,0.5195596966265144,0.28758511190960706,660.0,0.12105263157894737,614.0,54.0,0.2720527617477329,0.33203339283262995,0.46,100.0,0.041220115416323165,0.0696969696969697,1712.0,0.1409090909090909,0.019696969696969695,0.0803030303030303,0.32575757575757575,46.0,blocked,enough_event_videos_only,True,arousal__future_change_p3s_movement,0.05,0.2683429513602638,0.48274391708706543,0.2290696115379232,660.0,0.41477085393999347,31.0,1744.0,0.2720527617477329,0.27193660389830404,0.2650653181626633,2373.0,0.9781533388293487,0.953030303030303,22.0,0.09545454545454546,0.015151515151515152,0.04393939393939394,0.26515151515151514,629.0,0.4097279472382523,0.5319365798414496,0.26810869072592686,660.0,0.4244372990353698,132.0,1300.0,0.2720527617477329,0.3428957654518257,0.2888402625820569,1828.0,0.7535037098103875,0.8,466.0,0.13787878787878788,0.01818181818181818,0.08333333333333333,0.3303030303030303,528.0
0.5741962077493817,0.6016919889502763,0.18148863662522263,362.0,0.30995323981295925,130.0,903.0,0.14921681780708987,0.2864415104318725,0.20440528634361232,1135.0,0.46784830997526794,0.6408839779005525,1161.0,0.2430939226519337,0.03867403314917127,0.15469613259668508,0.31767955801104975,232.0,362,cortical_pca64_delta,3,2426,0,0.482275350370981,0.5624772474195897,0.2621107235975251,362.0,0.2806414662084765,117.0,1139.0,0.14921681780708987,0.23704096477831055,0.17702312138728324,1384.0,0.5704863973619126,0.6767955801104972,925.0,0.19613259668508287,0.03314917127071823,0.11878453038674033,0.2596685082872928,245.0,0.6772464962901896,0.569997644438734,0.27003273296593466,362.0,0.27834101382488474,211.0,572.0,0.14921681780708987,0.23739187722249622,0.20885200553250347,723.0,0.2980214344600165,0.4171270718232044,1492.0,0.19337016574585636,0.03867403314917127,0.1298342541436464,0.2430939226519337,151.0,-0.031612225988074505,-0.049049633209376275,-0.002300452383591778,0.00035091244418566925,0.0024789448593675045,0.0020342244377072882,0.07132147558287966,0.010000358507943008,0.40272052761747734,0.5510313610861279,0.2162708691795818,362.0,0.27586206896551724,86.0,1363.0,0.14921681780708987,0.23535765278478893,0.1683953630262355,1639.0,0.6755976916735367,0.7624309392265194,701.0,0.17955801104972377,0.03591160220994475,0.1132596685082873,0.24861878453038674,276.0,blocked,enough_event_videos_only,False,arousal__future_change_p3s_movement,0.075,0.8446001648804616,0.5111728553685383,0.16116666060799528,362.0,0.06451612903225805,349.0,28.0,0.14921681780708987,0.16607040163961656,0.3170731707317073,41.0,0.016900247320692497,0.03591160220994475,2036.0,0.12154696132596685,0.022099447513812154,0.07458563535911603,0.17403314917127072,13.0,0.6063478977741138,0.5704727718531843,0.25792830277465045,362.0,0.28249436513899323,174.0,781.0,0.14921681780708987,0.2273915187145532,0.19401444788441694,969.0,0.3994229183841715,0.5193370165745856,1283.0,0.19337016574585636,0.027624309392265192,0.12430939226519337,0.27348066298342544,188.0
