schema_version,target_name,target_value_column,target_mask_column,target_threshold_train_only,target_threshold_quantile,target_transform,validation_protocol,fold,model_lane,n_train,n_test,train_videos,test_videos,train_event_count,test_event_count,train_positive_rate,test_positive_rate,feature_width,decision_threshold_train_only,uses_future_features,uses_train_only_transform,vjepa_encoding_run,tribe_encoding_run,pca_run,pr_auc,roc_auc,f1,balanced_accuracy,precision,recall,accuracy,top_1pct_recall,top_5pct_recall,top_10pct_recall,predicted_positive_rate,predicted_positive_count,delta_mae,delta_mse,delta_pearson
again_dense_2hz_benchmark_v1,arousal_spike_rows_2_6_train_q90,future_arousal_max_delta_rows_2_6,target_mask_arousal_spike_rows_2_6,0.15704058010258418,0.9,positive_delta,grouped_video,1,AR_only,186467,46622,796,199,18647,4837,0.10000160886376679,0.10374930290420831,7,0.09608682245016098,False,True,False,False,False,0.16862792181964004,0.6203883060180208,0.22446890197082162,0.5884680552506878,0.13278322419470837,0.7252429191647716,0.48007378490841235,0.03638618978705809,0.12797188339880092,0.19206119495555096,0.5666638067864956,26419,0.09831828371746752,0.014775313094632415,0.21676571835255387
again_dense_2hz_benchmark_v1,arousal_spike_rows_2_6_train_q90,future_arousal_max_delta_rows_2_6,target_mask_arousal_spike_rows_2_6,0.15642857142856914,0.9,positive_delta,grouped_video,2,AR_only,186470,46619,796,199,18651,4926,0.10002145117177026,0.10566507218087046,7,0.096083864569664,False,True,False,False,False,0.15943574516429015,0.6171157100332565,0.22817975080875053,0.5889272523005411,0.13546301578246814,0.7231019082419813,0.48310774576889254,0.02781161185546082,0.11226146975233454,0.17986195696305318,0.5640404127072652,26295,0.09960096015854267,0.014996108046529594,0.2136285029266113
again_dense_2hz_benchmark_v1,arousal_spike_rows_2_6_train_q90,future_arousal_max_delta_rows_2_6,target_mask_arousal_spike_rows_2_6,0.15625,0.9,positive_delta,grouped_video,3,AR_only,186480,46609,796,199,18656,4981,0.10004290004290005,0.10686777231865091,7,0.09622016549110413,False,True,False,False,False,0.1575418231013816,0.6027367361979172,0.22105031861129423,0.5729227608585151,0.13100907873195416,0.7068861674362578,0.4675920959471347,0.02911062035735796,0.11845011041959445,0.1806866091146356,0.5766268317277778,26876,0.09917034329293509,0.01472877748221152,0.20014298519366194
again_dense_2hz_benchmark_v1,arousal_spike_rows_2_6_train_q90,future_arousal_max_delta_rows_2_6,target_mask_arousal_spike_rows_2_6,0.16,0.9,positive_delta,grouped_video,4,AR_only,186452,46637,796,199,18646,4307,0.10000429064853153,0.09235156635289576,7,0.09610388427972794,False,True,False,False,False,0.15354416883796013,0.6155400141655685,0.1996700203810941,0.5804604780585898,0.11599759434671478,0.7165080102159276,0.46954135128760427,0.0410958904109589,0.137682841885303,0.1871372184815417,0.5704483564551751,26604,0.09702132844731318,0.01414543703254423,0.21422887604932261
again_dense_2hz_benchmark_v1,arousal_spike_rows_2_6_train_q90,future_arousal_max_delta_rows_2_6,target_mask_arousal_spike_rows_2_6,0.16000000000000003,0.9,positive_delta,grouped_video,5,AR_only,186487,46602,796,199,18667,4275,0.10009813016456912,0.09173426033217459,7,0.0955958291888237,False,True,False,False,False,0.14187219914019134,0.5955285256794185,0.1962850568579718,0.5752450905419335,0.11446017423771002,0.6884210526315789,0.48283335479163986,0.04093567251461988,0.11929824561403508,0.16982456140350877,0.5517359769966954,25712,0.09630147688147872,0.014310525079872736,0.18357992418545216
again_dense_2hz_benchmark_v1,arousal_spike_rows_2_6_train_q90,future_arousal_max_delta_rows_2_6,target_mask_arousal_spike_rows_2_6,0.153846154,0.9,positive_delta,blocked_temporal_70_30,1,AR_only,162758,70331,995,995,16361,7824,0.10052347657258015,0.11124539676671738,7,0.13348395377397537,False,True,False,False,False,0.20362384328926364,0.6704334584874143,0.19601837672281777,0.5507766279460954,0.2653283875190923,0.1554192229038855,0.8581706502111445,0.037321063394683024,0.13254089979550102,0.20679959100204498,0.06516329925637343,4583,0.09324600685228834,0.014415671544899467,0.22533221780502105
again_dense_2hz_benchmark_v1,arousal_delta_p2rows_train_q90,future_arousal_delta_p2rows,target_mask_arousal_delta_p2rows,0.05885150026254019,0.9,positive_delta,grouped_video,1,AR_only,189793,47438,796,199,18980,4395,0.10000368822875448,0.09264724482482398,7,0.13028159439563752,False,True,False,False,False,0.19704037302274524,0.661493370771885,0.2924944812362031,0.6119410657866091,0.2840300107181136,0.3014789533560865,0.8648762595387663,0.03162684869169511,0.18748577929465302,0.30398179749715587,0.0983388844386357,4665,0.10499765596467761,0.01436831531363348,0.2197940818382972
again_dense_2hz_benchmark_v1,arousal_delta_p2rows_train_q90,future_arousal_delta_p2rows,target_mask_arousal_delta_p2rows,0.05833333309999999,0.9,positive_delta,grouped_video,2,AR_only,189800,47431,796,199,18980,4815,0.1,0.10151588623474099,7,0.13046944588422776,False,True,False,False,False,0.21701434062955027,0.6528098154330852,0.30905263157894736,0.6146962509607885,0.3133404482390608,0.30488058151609554,0.8616094958993064,0.037383177570093455,0.18359293873312565,0.30612668743509863,0.09877506272269192,4685,0.10488667571542022,0.014487453271685555,0.247342173504418
again_dense_2hz_benchmark_v1,arousal_delta_p2rows_train_q90,future_arousal_delta_p2rows,target_mask_arousal_delta_p2rows,0.058110430492643694,0.9,positive_delta,grouped_video,3,AR_only,189781,47450,796,199,18979,4908,0.1000047423082395,0.10343519494204426,7,0.13120035827159882,False,True,False,False,False,0.21290834560962218,0.6456599656614336,0.30201066885514977,0.6103748395037348,0.30413223140495865,0.29991850040749796,0.8566069546891465,0.0356560717196414,0.1752241238793806,0.2968622656886716,0.10200210748155954,4840,0.10744911379433159,0.015600768481603506,0.21077915740880662
again_dense_2hz_benchmark_v1,arousal_delta_p2rows_train_q90,future_arousal_delta_p2rows,target_mask_arousal_delta_p2rows,0.058823529999999985,0.9,positive_delta,grouped_video,4,AR_only,189784,47447,796,199,18989,4467,0.10005585296969186,0.09414715366619597,7,0.1301161944866181,False,True,False,False,False,0.1978203411086273,0.6643944455712296,0.2907926694634577,0.6093268895117632,0.28686560662165106,0.29482874412357285,0.8646068244567623,0.031117080814864563,0.17931497649429148,0.29997761361092457,0.09676059603346893,4591,0.10390859672495541,0.014179768961312952,0.21732681601845513
again_dense_2hz_benchmark_v1,arousal_delta_p2rows_train_q90,future_arousal_delta_p2rows,target_mask_arousal_delta_p2rows,0.05739932386040705,0.9,positive_delta,grouped_video,5,AR_only,189766,47465,796,199,18977,5139,0.10000210785915285,0.10826925102707258,7,0.13114619255065918,False,True,False,False,False,0.21726083059758863,0.6584784000854311,0.31039968184529726,0.6122095082418725,0.3173409229518195,0.303755594473633,0.8538712735699989,0.027437244600116754,0.1648180579879354,0.2963611597587079,0.10363425682081534,4919,0.10710463169506462,0.015887970797246166,0.18953597230311714
again_dense_2hz_benchmark_v1,arousal_delta_p2rows_train_q90,future_arousal_delta_p2rows,target_mask_arousal_delta_p2rows,0.05714285699999999,0.9,positive_delta,blocked_temporal_70_30,1,AR_only,165783,71448,995,995,16594,7652,0.10009470211059035,0.10709886910760273,7,0.12571064829826356,False,True,False,False,False,0.26193776842034244,0.7069852205410889,0.34615384615384615,0.625250565896516,0.3987730061349693,0.30580240460010455,0.87627365356623,0.034892838473601674,0.19302143230527966,0.35572399372713015,0.08212966073228083,5868,0.09964968749583306,0.013881966246017898,0.2490196155232273
again_dense_2hz_benchmark_v1,arousal_abs_delta_p4rows_train_q90,future_arousal_delta_p4rows,target_mask_arousal_delta_p4rows,0.16666666600000002,0.9,abs_movement,grouped_video,1,AR_only,188154,47063,796,199,18947,4815,0.10069942706506373,0.10230967001678601,7,0.09410609304904938,False,True,False,False,False,0.12247451509101853,0.5371806696275742,0.19310695807062683,0.5334341743742089,0.11176932643843687,0.7092419522326064,0.3936000679939655,0.029906542056074768,0.0731048805815161,0.11588785046728972,0.6492148821792066,30554,0.11573438728508999,0.0218154143959133,-0.20737600091639227
again_dense_2hz_benchmark_v1,arousal_abs_delta_p4rows_train_q90,future_arousal_delta_p4rows,target_mask_arousal_delta_p4rows,0.16666666600000002,0.9,abs_movement,grouped_video,2,AR_only,188182,47035,796,199,19067,4695,0.10132212432644992,0.09981928351227809,7,0.09493470191955566,False,True,False,False,False,0.12077339478798295,0.5441325810682125,0.1951274531919693,0.5459806460505578,0.11245084338132535,0.7369542066027689,0.39313277346656744,0.02939297124600639,0.07838125665601704,0.12310969116080937,0.65417242479005,30769,0.11542258714365963,0.020556799775276538,-0.19676322915317254
again_dense_2hz_benchmark_v1,arousal_abs_delta_p4rows_train_q90,future_arousal_delta_p4rows,target_mask_arousal_delta_p4rows,0.16666666600000002,0.9,abs_movement,grouped_video,3,AR_only,188189,47028,796,199,18894,4868,0.10039906689551462,0.1035128008845794,7,0.0947044238448143,False,True,False,False,False,0.12741594083300437,0.5555661518159096,0.20483875709204222,0.5534709792019759,0.11952382586023534,0.7156943303204601,0.4248320149698052,0.024239934264585046,0.08401807723911257,0.12736236647493837,0.6198222335629837,29149,0.11407139127678591,0.020477466896351267,-0.18914383721476857
again_dense_2hz_benchmark_v1,arousal_abs_delta_p4rows_train_q90,future_arousal_delta_p4rows,target_mask_arousal_delta_p4rows,0.16666666600000002,0.9,abs_movement,grouped_video,4,AR_only,188170,47047,796,199,19174,4588,0.10189722059839507,0.09751950177482092,7,0.09466275870800019,False,True,False,False,False,0.1065878943891016,0.5264485418858251,0.18770153306556542,0.53836599800581,0.10784632386400572,0.7231909328683522,0.3895891342699853,0.023321708805579773,0.06299040976460331,0.09612031386224934,0.6539418028779731,30766,0.11648510856143274,0.021083861868385335,-0.1974705142653117
again_dense_2hz_benchmark_v1,arousal_abs_delta_p4rows_train_q90,future_arousal_delta_p4rows,target_mask_arousal_delta_p4rows,0.16666666600000002,0.9,abs_movement,grouped_video,5,AR_only,188173,47044,796,199,18966,4796,0.10079023026682893,0.10194711334070232,7,0.09385419636964798,False,True,False,False,False,0.1136868095719703,0.5356597216025663,0.19648085816709082,0.5410355158523033,0.11308155101269411,0.7485404503753128,0.3758396394864382,0.020016680567139282,0.06150959132610509,0.09070058381984987,0.6748363234418842,31747,0.11441830397208373,0.019972299128868443,-0.18607664462158716
again_dense_2hz_benchmark_v1,arousal_abs_delta_p4rows_train_q90,future_arousal_delta_p4rows,target_mask_arousal_delta_p4rows,0.15858729496357507,0.9,abs_movement,blocked_temporal_70_30,1,AR_only,164112,71105,995,995,16412,8671,0.10000487471970362,0.12194641727023416,7,0.0912329614162445,False,True,False,False,False,0.11597009532168226,0.45895771204834007,0.21126018653363493,0.5002787074161732,0.12202237136465324,0.786299158113251,0.28401659517614797,0.022027447814554263,0.05362703263752739,0.08695652173913043,0.7858097180226425,55875,0.13053718322951394,0.026233561141100103,-0.1502754880269845
