model,seed,epoch,inner_val_pr_auc,target_name,target_type,architecture,control_type,train_loss,inner_val_selection_metric,inner_val_delta_vs_frozen_ar,selection_metric_name,alpha,gate_mean,gate_p95,label_policy
frozen_ar,20260640,1,0.10785003992040386,,,,,,,,,,,,
frozen_ar,20260640,2,0.20355479279001787,,,,,,,,,,,,
frozen_ar,20260640,3,0.21410139647829377,,,,,,,,,,,,
frozen_ar,20260640,4,0.21575799315579458,,,,,,,,,,,,
frozen_ar,20260640,5,0.2158470521666715,,,,,,,,,,,,
frozen_ar,20260640,6,0.215926778459035,,,,,,,,,,,,
frozen_ar,20260640,7,0.21614368699386383,,,,,,,,,,,,
frozen_ar,20260640,8,0.21746136014374762,,,,,,,,,,,,
frozen_ar,20260640,9,0.21842831240303834,,,,,,,,,,,,
frozen_ar,20260640,10,0.21969349307103997,,,,,,,,,,,,
frozen_ar,20260640,11,0.22073758111507055,,,,,,,,,,,,
frozen_ar,20260640,12,0.2212511624179295,,,,,,,,,,,,
frozen_ar,20260640,13,0.22175125252592287,,,,,,,,,,,,
frozen_ar,20260640,14,0.22212682071259304,,,,,,,,,,,,
frozen_ar,20260640,15,0.2227511416369019,,,,,,,,,,,,
frozen_ar,20260640,16,0.22274246894531677,,,,,,,,,,,,
frozen_ar,20260640,17,0.22284885802619303,,,,,,,,,,,,
frozen_ar,20260640,18,0.22291942814833407,,,,,,,,,,,,
frozen_ar,20260640,19,0.2230382524801081,,,,,,,,,,,,
frozen_ar,20260640,20,0.22216311538161473,,,,,,,,,,,,
frozen_ar,20260640,21,0.22203671769772954,,,,,,,,,,,,
frozen_ar,20260640,22,0.22324090644488395,,,,,,,,,,,,
frozen_ar,20260640,23,0.2227442692261723,,,,,,,,,,,,
frozen_ar,20260640,24,0.22171130118150004,,,,,,,,,,,,
frozen_ar,20260640,25,0.22323753054928622,,,,,,,,,,,,
frozen_ar,20260640,26,0.2228396534358699,,,,,,,,,,,,
frozen_ar,20260640,27,0.22235122285924516,,,,,,,,,,,,
frozen_ar,20260640,28,0.22207854021316337,,,,,,,,,,,,
frozen_ar,20260640,29,0.22481126256801698,,,,,,,,,,,,
frozen_ar,20260640,30,0.22442045108970676,,,,,,,,,,,,
frozen_ar,20260640,31,0.22218177030038255,,,,,,,,,,,,
frozen_ar,20260640,32,0.2241062228183304,,,,,,,,,,,,
frozen_ar,20260640,33,0.22407541805627884,,,,,,,,,,,,
frozen_ar,20260640,34,0.22451001992194294,,,,,,,,,,,,
frozen_ar,20260640,35,0.22461851318986456,,,,,,,,,,,,
frozen_ar,20260640,36,0.2241213150804504,,,,,,,,,,,,
frozen_ar,20260640,37,0.22483717389368263,,,,,,,,,,,,
frozen_ar,20260640,38,0.2246557937807245,,,,,,,,,,,,
frozen_ar,20260640,39,0.22447008533382493,,,,,,,,,,,,
frozen_ar,20260640,40,0.22270017001509276,,,,,,,,,,,,
frozen_ar,20260640,41,0.2230534329010784,,,,,,,,,,,,
frozen_ar,20260640,42,0.22634945329030548,,,,,,,,,,,,
frozen_ar,20260640,43,0.2238010323245109,,,,,,,,,,,,
frozen_ar,20260640,44,0.22434791706191495,,,,,,,,,,,,
frozen_ar,20260640,45,0.22483509322374512,,,,,,,,,,,,
frozen_ar,20260640,46,0.22505519828358286,,,,,,,,,,,,
frozen_ar,20260640,47,0.2231940057859917,,,,,,,,,,,,
frozen_ar,20260640,48,0.22620453328969348,,,,,,,,,,,,
frozen_ar,20260640,49,0.2262069103516346,,,,,,,,,,,,
frozen_ar,20260640,50,0.2244927714165152,,,,,,,,,,,,
frozen_ar,20260640,51,0.22538805054823582,,,,,,,,,,,,
frozen_ar,20260640,52,0.22600275121969798,,,,,,,,,,,,
frozen_ar,20260640,53,0.2257211167512181,,,,,,,,,,,,
frozen_ar,20260640,54,0.22612866981317004,,,,,,,,,,,,
original,20260640,1,,future_arousal_max_delta_rows_4_10_train_q90,binary,short_temporal_conv_residual,real_residual,0.15720453206449747,0.2264079258461541,5.847255584862099e-05,inner_val_pr_auc_delta_vs_frozen_ar,0.0021431189961731434,0.01975869946181774,0.04342973604798317,true_train_and_true_inner_val_selection
original,20260640,2,,future_arousal_max_delta_rows_4_10_train_q90,binary,short_temporal_conv_residual,real_residual,0.15740872640162706,0.22640823794130616,5.87846510006762e-05,inner_val_pr_auc_delta_vs_frozen_ar,0.002162894234061241,0.030746353790163994,0.11697821319103241,true_train_and_true_inner_val_selection
original,20260640,3,,future_arousal_max_delta_rows_4_10_train_q90,binary,short_temporal_conv_residual,real_residual,0.15689594764262438,0.22660548692752158,0.00025603363721610206,inner_val_pr_auc_delta_vs_frozen_ar,0.0022084838710725307,0.07965897023677826,0.5212888717651367,true_train_and_true_inner_val_selection
original,20260640,4,,future_arousal_max_delta_rows_4_10_train_q90,binary,short_temporal_conv_residual,real_residual,0.1569246370345354,0.22734114878287343,0.0009916954925679455,inner_val_pr_auc_delta_vs_frozen_ar,0.0022585380356758833,0.09662975370883942,0.6835632920265198,true_train_and_true_inner_val_selection
original,20260640,5,,future_arousal_max_delta_rows_4_10_train_q90,binary,short_temporal_conv_residual,real_residual,0.15680411644279957,0.22859862579995555,0.002249172509650066,inner_val_pr_auc_delta_vs_frozen_ar,0.0023082750849425793,0.08513476699590683,0.5708854794502258,true_train_and_true_inner_val_selection
original,20260640,6,,future_arousal_max_delta_rows_4_10_train_q90,binary,short_temporal_conv_residual,real_residual,0.1566285165026784,0.23026404899111835,0.003914595700812873,inner_val_pr_auc_delta_vs_frozen_ar,0.002353779738768935,0.0874311551451683,0.5939350128173828,true_train_and_true_inner_val_selection
original,20260640,7,,future_arousal_max_delta_rows_4_10_train_q90,binary,short_temporal_conv_residual,real_residual,0.15617207996547222,0.23236092361350577,0.006011470323200291,inner_val_pr_auc_delta_vs_frozen_ar,0.0023986517917364836,0.09263830631971359,0.6404627561569214,true_train_and_true_inner_val_selection
original,20260640,8,,future_arousal_max_delta_rows_4_10_train_q90,binary,short_temporal_conv_residual,real_residual,0.15536535810679197,0.23505731107506322,0.008707857784757744,inner_val_pr_auc_delta_vs_frozen_ar,0.0024440945126116276,0.09826347231864929,0.7001039385795593,true_train_and_true_inner_val_selection
original,20260640,9,,future_arousal_max_delta_rows_4_10_train_q90,binary,short_temporal_conv_residual,real_residual,0.1547425901517272,0.23846302439005412,0.012113571099748643,inner_val_pr_auc_delta_vs_frozen_ar,0.002489699050784111,0.10307405143976212,0.7457732558250427,true_train_and_true_inner_val_selection
original,20260640,10,,future_arousal_max_delta_rows_4_10_train_q90,binary,short_temporal_conv_residual,real_residual,0.15400431863963604,0.24151604569275908,0.015166592402453605,inner_val_pr_auc_delta_vs_frozen_ar,0.00253189611248672,0.10551203787326813,0.7643412351608276,true_train_and_true_inner_val_selection
original,20260640,11,,future_arousal_max_delta_rows_4_10_train_q90,binary,short_temporal_conv_residual,real_residual,0.15355467051267624,0.24255891174487043,0.01620945845456495,inner_val_pr_auc_delta_vs_frozen_ar,0.0025661098770797253,0.10800375789403915,0.7847840189933777,true_train_and_true_inner_val_selection
original,20260640,12,,future_arousal_max_delta_rows_4_10_train_q90,binary,short_temporal_conv_residual,real_residual,0.15324307698756456,0.24220866155999585,0.015859208269690367,inner_val_pr_auc_delta_vs_frozen_ar,0.002593487733975053,0.11116551607847214,0.7973453402519226,true_train_and_true_inner_val_selection
original,20260640,13,,future_arousal_max_delta_rows_4_10_train_q90,binary,short_temporal_conv_residual,real_residual,0.1527374843135476,0.2416638374032386,0.015314384112933122,inner_val_pr_auc_delta_vs_frozen_ar,0.002614741213619709,0.11429057270288467,0.815991997718811,true_train_and_true_inner_val_selection
original,20260640,14,,future_arousal_max_delta_rows_4_10_train_q90,binary,short_temporal_conv_residual,real_residual,0.15248549543321133,0.2417244880121547,0.015375034721849229,inner_val_pr_auc_delta_vs_frozen_ar,0.002633049851283431,0.11768753826618195,0.8321212530136108,true_train_and_true_inner_val_selection
original,20260640,15,,future_arousal_max_delta_rows_4_10_train_q90,binary,short_temporal_conv_residual,real_residual,0.1521208519116044,0.24093049806198152,0.014581044771676044,inner_val_pr_auc_delta_vs_frozen_ar,0.0026507312431931496,0.11883290112018585,0.8435234427452087,true_train_and_true_inner_val_selection
original,20260640,16,,future_arousal_max_delta_rows_4_10_train_q90,binary,short_temporal_conv_residual,real_residual,0.15174611378461123,0.24018849610592172,0.013839042815616237,inner_val_pr_auc_delta_vs_frozen_ar,0.00266818143427372,0.12063582986593246,0.854826033115387,true_train_and_true_inner_val_selection
original,20260640,17,,future_arousal_max_delta_rows_4_10_train_q90,binary,short_temporal_conv_residual,real_residual,0.1518139997497201,0.23959778050959638,0.013248327219290895,inner_val_pr_auc_delta_vs_frozen_ar,0.002685912884771824,0.1232665404677391,0.8680195212364197,true_train_and_true_inner_val_selection
original,20260640,18,,future_arousal_max_delta_rows_4_10_train_q90,binary,short_temporal_conv_residual,real_residual,0.15175359789282084,0.23901377033508736,0.012664317044781881,inner_val_pr_auc_delta_vs_frozen_ar,0.0027039488777518272,0.12405990809202194,0.8780385255813599,true_train_and_true_inner_val_selection
original,20260640,19,,future_arousal_max_delta_rows_4_10_train_q90,binary,short_temporal_conv_residual,real_residual,0.15107683558017015,0.23869395724818396,0.012344503957878478,inner_val_pr_auc_delta_vs_frozen_ar,0.0027241529896855354,0.1261688470840454,0.8894566893577576,true_train_and_true_inner_val_selection
trial4,20260640,1,,future_arousal_max_delta_rows_4_10_train_q90,binary,short_temporal_conv_residual,real_residual,0.24806958250701427,0.22641765500708133,6.820171677585085e-05,inner_val_pr_auc_delta_vs_frozen_ar,0.0037872190587222576,0.026535699144005775,0.08874170482158661,true_train_and_true_inner_val_selection
trial4,20260640,2,,future_arousal_max_delta_rows_4_10_train_q90,binary,short_temporal_conv_residual,real_residual,0.24826915375888348,0.22757839254295792,0.001228939252652439,inner_val_pr_auc_delta_vs_frozen_ar,0.003889929037541151,0.09171982109546661,0.6299223899841309,true_train_and_true_inner_val_selection
trial4,20260640,3,,future_arousal_max_delta_rows_4_10_train_q90,binary,short_temporal_conv_residual,real_residual,0.24673311319202185,0.2325834458255686,0.006233992535263133,inner_val_pr_auc_delta_vs_frozen_ar,0.004004389047622681,0.08081018924713135,0.5253234505653381,true_train_and_true_inner_val_selection
trial4,20260640,4,,future_arousal_max_delta_rows_4_10_train_q90,binary,short_temporal_conv_residual,real_residual,0.24493656307458878,0.24225402018553313,0.01590456689522765,inner_val_pr_auc_delta_vs_frozen_ar,0.004124149680137634,0.09455840289592743,0.6557992696762085,true_train_and_true_inner_val_selection
trial4,20260640,5,,future_arousal_max_delta_rows_4_10_train_q90,binary,short_temporal_conv_residual,real_residual,0.24286561273038387,0.2406235809030397,0.014274127612734222,inner_val_pr_auc_delta_vs_frozen_ar,0.004207297693938017,0.08925659209489822,0.6154800653457642,true_train_and_true_inner_val_selection
trial4,20260640,6,,future_arousal_max_delta_rows_4_10_train_q90,binary,short_temporal_conv_residual,real_residual,0.2419494418427348,0.23963693844573922,0.013287485155433737,inner_val_pr_auc_delta_vs_frozen_ar,0.004244948737323284,0.09780427068471909,0.6920563578605652,true_train_and_true_inner_val_selection
trial4,20260640,7,,future_arousal_max_delta_rows_4_10_train_q90,binary,short_temporal_conv_residual,real_residual,0.24097575899213552,0.23798938458000338,0.011639931289697897,inner_val_pr_auc_delta_vs_frozen_ar,0.004286882933229208,0.09797830134630203,0.6998368501663208,true_train_and_true_inner_val_selection
trial4,20260640,8,,future_arousal_max_delta_rows_4_10_train_q90,binary,short_temporal_conv_residual,real_residual,0.23961798381060362,0.23684046431675473,0.010491011026449254,inner_val_pr_auc_delta_vs_frozen_ar,0.004336811602115631,0.1026470735669136,0.7362102270126343,true_train_and_true_inner_val_selection
trial4,20260640,9,,future_arousal_max_delta_rows_4_10_train_q90,binary,short_temporal_conv_residual,real_residual,0.23879947047680616,0.23599661293247254,0.009647159642167058,inner_val_pr_auc_delta_vs_frozen_ar,0.004390263929963112,0.10581047087907791,0.7682089805603027,true_train_and_true_inner_val_selection
trial4,20260640,10,,future_arousal_max_delta_rows_4_10_train_q90,binary,short_temporal_conv_residual,real_residual,0.237865443341434,0.23461188530918092,0.008262432018875443,inner_val_pr_auc_delta_vs_frozen_ar,0.004449520725756884,0.10779458284378052,0.7926480174064636,true_train_and_true_inner_val_selection
trial4,20260640,11,,future_arousal_max_delta_rows_4_10_train_q90,binary,short_temporal_conv_residual,real_residual,0.23707358352839947,0.23391414205358557,0.007564688763280092,inner_val_pr_auc_delta_vs_frozen_ar,0.004506999626755714,0.11028668284416199,0.8216143846511841,true_train_and_true_inner_val_selection
trial4,20260640,12,,future_arousal_max_delta_rows_4_10_train_q90,binary,short_temporal_conv_residual,real_residual,0.2361976681277156,0.23239111567578216,0.0060416623854766816,inner_val_pr_auc_delta_vs_frozen_ar,0.004570516757667065,0.11172080039978027,0.8393827080726624,true_train_and_true_inner_val_selection
frozen_ar,20260641,1,0.1600881237757253,,,,,,,,,,,,
frozen_ar,20260641,2,0.20224561127148735,,,,,,,,,,,,
frozen_ar,20260641,3,0.21202219250486212,,,,,,,,,,,,
frozen_ar,20260641,4,0.21762775801496817,,,,,,,,,,,,
frozen_ar,20260641,5,0.21778824939829022,,,,,,,,,,,,
frozen_ar,20260641,6,0.2184827813819739,,,,,,,,,,,,
frozen_ar,20260641,7,0.22038910067164713,,,,,,,,,,,,
frozen_ar,20260641,8,0.22039554438505576,,,,,,,,,,,,
frozen_ar,20260641,9,0.22103332402091708,,,,,,,,,,,,
frozen_ar,20260641,10,0.22055356143705987,,,,,,,,,,,,
frozen_ar,20260641,11,0.22072097131953755,,,,,,,,,,,,
frozen_ar,20260641,12,0.22123355420628987,,,,,,,,,,,,
frozen_ar,20260641,13,0.2202862609132522,,,,,,,,,,,,
frozen_ar,20260641,14,0.2209324190906761,,,,,,,,,,,,
frozen_ar,20260641,15,0.21981977482272264,,,,,,,,,,,,
frozen_ar,20260641,16,0.221384542692132,,,,,,,,,,,,
frozen_ar,20260641,17,0.22118952577812823,,,,,,,,,,,,
frozen_ar,20260641,18,0.22118833246302005,,,,,,,,,,,,
frozen_ar,20260641,19,0.22153553030223813,,,,,,,,,,,,
frozen_ar,20260641,20,0.2204552858508344,,,,,,,,,,,,
frozen_ar,20260641,21,0.22037166509218506,,,,,,,,,,,,
frozen_ar,20260641,22,0.22117552414581376,,,,,,,,,,,,
frozen_ar,20260641,23,0.22088466123741357,,,,,,,,,,,,
frozen_ar,20260641,24,0.22112260810373982,,,,,,,,,,,,
frozen_ar,20260641,25,0.22073289797846235,,,,,,,,,,,,
frozen_ar,20260641,26,0.22143112602845194,,,,,,,,,,,,
frozen_ar,20260641,27,0.22093989710736078,,,,,,,,,,,,
frozen_ar,20260641,28,0.22156843646482716,,,,,,,,,,,,
frozen_ar,20260641,29,0.22144582962436662,,,,,,,,,,,,
frozen_ar,20260641,30,0.2223800058102048,,,,,,,,,,,,
frozen_ar,20260641,31,0.2233109558467317,,,,,,,,,,,,
frozen_ar,20260641,32,0.22238687206304708,,,,,,,,,,,,
frozen_ar,20260641,33,0.2232551625624217,,,,,,,,,,,,
frozen_ar,20260641,34,0.22214407581474804,,,,,,,,,,,,
frozen_ar,20260641,35,0.22258579474892795,,,,,,,,,,,,
frozen_ar,20260641,36,0.2231799276346237,,,,,,,,,,,,
frozen_ar,20260641,37,0.22283646881013158,,,,,,,,,,,,
frozen_ar,20260641,38,0.22263102651422134,,,,,,,,,,,,
frozen_ar,20260641,39,0.22333084312460827,,,,,,,,,,,,
frozen_ar,20260641,40,0.22227179844909362,,,,,,,,,,,,
frozen_ar,20260641,41,0.22281329024006735,,,,,,,,,,,,
frozen_ar,20260641,42,0.22232127947214392,,,,,,,,,,,,
frozen_ar,20260641,43,0.22259314583233844,,,,,,,,,,,,
frozen_ar,20260641,44,0.22324642397272051,,,,,,,,,,,,
frozen_ar,20260641,45,0.2224373094519701,,,,,,,,,,,,
frozen_ar,20260641,46,0.22242254079735033,,,,,,,,,,,,
frozen_ar,20260641,47,0.22318853573988948,,,,,,,,,,,,
frozen_ar,20260641,48,0.22230085830885282,,,,,,,,,,,,
frozen_ar,20260641,49,0.22322286989636922,,,,,,,,,,,,
frozen_ar,20260641,50,0.22322919124782736,,,,,,,,,,,,
frozen_ar,20260641,51,0.22417076120873292,,,,,,,,,,,,
frozen_ar,20260641,52,0.22388894920265798,,,,,,,,,,,,
frozen_ar,20260641,53,0.22342551463871868,,,,,,,,,,,,
frozen_ar,20260641,54,0.22317330758295417,,,,,,,,,,,,
frozen_ar,20260641,55,0.2206985570932597,,,,,,,,,,,,
frozen_ar,20260641,56,0.22424498858273836,,,,,,,,,,,,
frozen_ar,20260641,57,0.22302602158125812,,,,,,,,,,,,
frozen_ar,20260641,58,0.2226186207536469,,,,,,,,,,,,
frozen_ar,20260641,59,0.22383323720249107,,,,,,,,,,,,
frozen_ar,20260641,60,0.22233842501381584,,,,,,,,,,,,
frozen_ar,20260641,61,0.22359608338077186,,,,,,,,,,,,
frozen_ar,20260641,62,0.22196909924779168,,,,,,,,,,,,
frozen_ar,20260641,63,0.22381435950060574,,,,,,,,,,,,
frozen_ar,20260641,64,0.22228600508747712,,,,,,,,,,,,
frozen_ar,20260641,65,0.22325170303793643,,,,,,,,,,,,
frozen_ar,20260641,66,0.22134682269975464,,,,,,,,,,,,
frozen_ar,20260641,67,0.22481494679063665,,,,,,,,,,,,
frozen_ar,20260641,68,0.2226155916319279,,,,,,,,,,,,
frozen_ar,20260641,69,0.22349267431458592,,,,,,,,,,,,
frozen_ar,20260641,70,0.22254824302316575,,,,,,,,,,,,
frozen_ar,20260641,71,0.2241218653228964,,,,,,,,,,,,
frozen_ar,20260641,72,0.22250278297672801,,,,,,,,,,,,
frozen_ar,20260641,73,0.2233183324779049,,,,,,,,,,,,
frozen_ar,20260641,74,0.22295238671654466,,,,,,,,,,,,
frozen_ar,20260641,75,0.2242712824143408,,,,,,,,,,,,
frozen_ar,20260641,76,0.22492607366029976,,,,,,,,,,,,
frozen_ar,20260641,77,0.22195116877805648,,,,,,,,,,,,
frozen_ar,20260641,78,0.22661077730552975,,,,,,,,,,,,
frozen_ar,20260641,79,0.22325766168269076,,,,,,,,,,,,
frozen_ar,20260641,80,0.2232207914351788,,,,,,,,,,,,
original,20260641,1,,future_arousal_max_delta_rows_4_10_train_q90,binary,short_temporal_conv_residual,real_residual,0.156010827049613,0.22663212716034117,2.1349854811419933e-05,inner_val_pr_auc_delta_vs_frozen_ar,0.002150097396224737,0.023581339046359062,0.05187401920557022,true_train_and_true_inner_val_selection
original,20260641,2,,future_arousal_max_delta_rows_4_10_train_q90,binary,short_temporal_conv_residual,real_residual,0.15592328179627657,0.2266935264314959,8.274912596614725e-05,inner_val_pr_auc_delta_vs_frozen_ar,0.0021749481093138456,0.0252703744918108,0.06788181513547897,true_train_and_true_inner_val_selection
original,20260641,3,,future_arousal_max_delta_rows_4_10_train_q90,binary,short_temporal_conv_residual,real_residual,0.1557009881362319,0.22686960673262233,0.00025882942709257173,inner_val_pr_auc_delta_vs_frozen_ar,0.0022196085192263126,0.05960088223218918,0.26880764961242676,true_train_and_true_inner_val_selection
original,20260641,4,,future_arousal_max_delta_rows_4_10_train_q90,binary,short_temporal_conv_residual,real_residual,0.1559046246111393,0.22715325262271807,0.0005424753171883179,inner_val_pr_auc_delta_vs_frozen_ar,0.002269397722557187,0.09293647855520248,0.5626981258392334,true_train_and_true_inner_val_selection
original,20260641,5,,future_arousal_max_delta_rows_4_10_train_q90,binary,short_temporal_conv_residual,real_residual,0.1555730039253831,0.22784135375805947,0.0012305764525297191,inner_val_pr_auc_delta_vs_frozen_ar,0.0023187180049717426,0.0898250937461853,0.5717818737030029,true_train_and_true_inner_val_selection
original,20260641,6,,future_arousal_max_delta_rows_4_10_train_q90,binary,short_temporal_conv_residual,real_residual,0.1553492434322834,0.22886031974263285,0.002249542437103097,inner_val_pr_auc_delta_vs_frozen_ar,0.002365624997764826,0.08736398071050644,0.5552958846092224,true_train_and_true_inner_val_selection
original,20260641,7,,future_arousal_max_delta_rows_4_10_train_q90,binary,short_temporal_conv_residual,real_residual,0.15520721580833197,0.23066225033337906,0.004051473027849306,inner_val_pr_auc_delta_vs_frozen_ar,0.0024125787895172834,0.09542671591043472,0.6335139870643616,true_train_and_true_inner_val_selection
original,20260641,8,,future_arousal_max_delta_rows_4_10_train_q90,binary,short_temporal_conv_residual,real_residual,0.15494241286069155,0.2328074936385506,0.006196716333020852,inner_val_pr_auc_delta_vs_frozen_ar,0.0024593814741820097,0.10361611843109131,0.7021430730819702,true_train_and_true_inner_val_selection
original,20260641,9,,future_arousal_max_delta_rows_4_10_train_q90,binary,short_temporal_conv_residual,real_residual,0.154148792847991,0.23581007405879037,0.009199296753260616,inner_val_pr_auc_delta_vs_frozen_ar,0.0025062819477170706,0.11140377819538116,0.7626329660415649,true_train_and_true_inner_val_selection
original,20260641,10,,future_arousal_max_delta_rows_4_10_train_q90,binary,short_temporal_conv_residual,real_residual,0.1532598529011011,0.23937090656351828,0.012760129257988528,inner_val_pr_auc_delta_vs_frozen_ar,0.0025523104704916477,0.11570147424936295,0.7989929914474487,true_train_and_true_inner_val_selection
original,20260641,11,,future_arousal_max_delta_rows_4_10_train_q90,binary,short_temporal_conv_residual,real_residual,0.15282230265438557,0.24230631261592944,0.01569553531039969,inner_val_pr_auc_delta_vs_frozen_ar,0.0025941492058336735,0.11991479247808456,0.8301984667778015,true_train_and_true_inner_val_selection
original,20260641,12,,future_arousal_max_delta_rows_4_10_train_q90,binary,short_temporal_conv_residual,real_residual,0.1522997673600912,0.24377679847313644,0.017166021167606682,inner_val_pr_auc_delta_vs_frozen_ar,0.002627856098115444,0.12161549925804138,0.8428007960319519,true_train_and_true_inner_val_selection
original,20260641,13,,future_arousal_max_delta_rows_4_10_train_q90,binary,short_temporal_conv_residual,real_residual,0.15196041390299797,0.24456784165111142,0.01795706434558167,inner_val_pr_auc_delta_vs_frozen_ar,0.002655204851180315,0.12557803094387054,0.8595194220542908,true_train_and_true_inner_val_selection
original,20260641,14,,future_arousal_max_delta_rows_4_10_train_q90,binary,short_temporal_conv_residual,real_residual,0.1514466991648078,0.24343732724621367,0.016826549940683916,inner_val_pr_auc_delta_vs_frozen_ar,0.0026745409704744816,0.12642543017864227,0.8635720014572144,true_train_and_true_inner_val_selection
original,20260641,15,,future_arousal_max_delta_rows_4_10_train_q90,binary,short_temporal_conv_residual,real_residual,0.15119581576436758,0.24341825631532626,0.01680747900979651,inner_val_pr_auc_delta_vs_frozen_ar,0.002691973000764847,0.1296876072883606,0.876407265663147,true_train_and_true_inner_val_selection
original,20260641,16,,future_arousal_max_delta_rows_4_10_train_q90,binary,short_temporal_conv_residual,real_residual,0.1509891366586089,0.2430196091592716,0.01640883185374184,inner_val_pr_auc_delta_vs_frozen_ar,0.0027075880207121372,0.1311727613210678,0.8831788301467896,true_train_and_true_inner_val_selection
original,20260641,17,,future_arousal_max_delta_rows_4_10_train_q90,binary,short_temporal_conv_residual,real_residual,0.15072655584663153,0.24180467717541348,0.015193899869883731,inner_val_pr_auc_delta_vs_frozen_ar,0.0027242039795964956,0.13193313777446747,0.8895378708839417,true_train_and_true_inner_val_selection
original,20260641,18,,future_arousal_max_delta_rows_4_10_train_q90,binary,short_temporal_conv_residual,real_residual,0.15047439094632864,0.2416906809675679,0.015079903662038152,inner_val_pr_auc_delta_vs_frozen_ar,0.0027419626712799072,0.13367971777915955,0.8964124321937561,true_train_and_true_inner_val_selection
original,20260641,19,,future_arousal_max_delta_rows_4_10_train_q90,binary,short_temporal_conv_residual,real_residual,0.15012838505208492,0.24102925590122334,0.01441847859569359,inner_val_pr_auc_delta_vs_frozen_ar,0.0027592021506279707,0.13405071198940277,0.8986432552337646,true_train_and_true_inner_val_selection
original,20260641,20,,future_arousal_max_delta_rows_4_10_train_q90,binary,short_temporal_conv_residual,real_residual,0.14991456735879183,0.2406574807617075,0.014046703456177756,inner_val_pr_auc_delta_vs_frozen_ar,0.0027788279112428427,0.13527776300907135,0.9047077298164368,true_train_and_true_inner_val_selection
original,20260641,21,,future_arousal_max_delta_rows_4_10_train_q90,binary,short_temporal_conv_residual,real_residual,0.14956661313772202,0.23993471117959264,0.013323933874062888,inner_val_pr_auc_delta_vs_frozen_ar,0.0027983072213828564,0.13625364005565643,0.909788191318512,true_train_and_true_inner_val_selection
trial4,20260641,1,,future_arousal_max_delta_rows_4_10_train_q90,binary,short_temporal_conv_residual,real_residual,0.24617415852844715,0.22678048318937816,0.00016970588384840335,inner_val_pr_auc_delta_vs_frozen_ar,0.0037441521417349577,0.023097755387425423,0.05257809907197952,true_train_and_true_inner_val_selection
trial4,20260641,2,,future_arousal_max_delta_rows_4_10_train_q90,binary,short_temporal_conv_residual,real_residual,0.24601109605282545,0.2270286586246415,0.00041788131911174586,inner_val_pr_auc_delta_vs_frozen_ar,0.0038252638187259436,0.05896717682480812,0.2533120810985565,true_train_and_true_inner_val_selection
trial4,20260641,3,,future_arousal_max_delta_rows_4_10_train_q90,binary,short_temporal_conv_residual,real_residual,0.24538512341678143,0.22952410333832868,0.002913326032798924,inner_val_pr_auc_delta_vs_frozen_ar,0.003937073517590761,0.09226016700267792,0.5763943791389465,true_train_and_true_inner_val_selection
trial4,20260641,4,,future_arousal_max_delta_rows_4_10_train_q90,binary,short_temporal_conv_residual,real_residual,0.24455560743808746,0.23663391739639297,0.01002314009086322,inner_val_pr_auc_delta_vs_frozen_ar,0.004055771045386791,0.09253676235675812,0.5979295372962952,true_train_and_true_inner_val_selection
trial4,20260641,5,,future_arousal_max_delta_rows_4_10_train_q90,binary,short_temporal_conv_residual,real_residual,0.24201161414384842,0.24386218869766163,0.017251411392131877,inner_val_pr_auc_delta_vs_frozen_ar,0.004169335588812828,0.09782738983631134,0.6529784202575684,true_train_and_true_inner_val_selection
trial4,20260641,6,,future_arousal_max_delta_rows_4_10_train_q90,binary,short_temporal_conv_residual,real_residual,0.24040688760578632,0.24232935213527704,0.015718574829747284,inner_val_pr_auc_delta_vs_frozen_ar,0.004224924836307764,0.10161972790956497,0.6753785014152527,true_train_and_true_inner_val_selection
trial4,20260641,7,,future_arousal_max_delta_rows_4_10_train_q90,binary,short_temporal_conv_residual,real_residual,0.23966208472847939,0.2416481888702146,0.015037411564684855,inner_val_pr_auc_delta_vs_frozen_ar,0.004266401287168264,0.10716313123703003,0.7358075976371765,true_train_and_true_inner_val_selection
trial4,20260641,8,,future_arousal_max_delta_rows_4_10_train_q90,binary,short_temporal_conv_residual,real_residual,0.23885390255600214,0.24036600365051064,0.013755226344980886,inner_val_pr_auc_delta_vs_frozen_ar,0.004319389816373587,0.11284305155277252,0.7770118117332458,true_train_and_true_inner_val_selection
trial4,20260641,9,,future_arousal_max_delta_rows_4_10_train_q90,binary,short_temporal_conv_residual,real_residual,0.23744911700487137,0.2392193390918544,0.012608561786324635,inner_val_pr_auc_delta_vs_frozen_ar,0.004378420300781727,0.11466442793607712,0.8001980781555176,true_train_and_true_inner_val_selection
trial4,20260641,10,,future_arousal_max_delta_rows_4_10_train_q90,binary,short_temporal_conv_residual,real_residual,0.23603895213454962,0.2375353811851635,0.01092460387963376,inner_val_pr_auc_delta_vs_frozen_ar,0.004443923011422157,0.11562666296958923,0.8163037896156311,true_train_and_true_inner_val_selection
trial4,20260641,11,,future_arousal_max_delta_rows_4_10_train_q90,binary,short_temporal_conv_residual,real_residual,0.23519971128553152,0.23666018481072634,0.01004940750519659,inner_val_pr_auc_delta_vs_frozen_ar,0.004504147917032242,0.11694183945655823,0.8368822932243347,true_train_and_true_inner_val_selection
trial4,20260641,12,,future_arousal_max_delta_rows_4_10_train_q90,binary,short_temporal_conv_residual,real_residual,0.23426840733736753,0.2348459726244363,0.00823519531890654,inner_val_pr_auc_delta_vs_frozen_ar,0.004572413861751556,0.11756917089223862,0.852830171585083,true_train_and_true_inner_val_selection
trial4,20260641,13,,future_arousal_max_delta_rows_4_10_train_q90,binary,short_temporal_conv_residual,real_residual,0.23308760579675436,0.23607411483781798,0.00946333753228823,inner_val_pr_auc_delta_vs_frozen_ar,0.004630654118955135,0.11845750361680984,0.864608883857727,true_train_and_true_inner_val_selection
frozen_ar,20260642,1,0.12718432498034238,,,,,,,,,,,,
frozen_ar,20260642,2,0.20933923364717544,,,,,,,,,,,,
frozen_ar,20260642,3,0.2157239530049859,,,,,,,,,,,,
frozen_ar,20260642,4,0.2166883637973467,,,,,,,,,,,,
frozen_ar,20260642,5,0.217763058549391,,,,,,,,,,,,
frozen_ar,20260642,6,0.21904343369420498,,,,,,,,,,,,
frozen_ar,20260642,7,0.21995313731551547,,,,,,,,,,,,
frozen_ar,20260642,8,0.22129298647495732,,,,,,,,,,,,
frozen_ar,20260642,9,0.22166815333327677,,,,,,,,,,,,
frozen_ar,20260642,10,0.22156689415143335,,,,,,,,,,,,
frozen_ar,20260642,11,0.22298370875204063,,,,,,,,,,,,
frozen_ar,20260642,12,0.222959097514035,,,,,,,,,,,,
frozen_ar,20260642,13,0.22323382979010414,,,,,,,,,,,,
frozen_ar,20260642,14,0.22316820373516372,,,,,,,,,,,,
frozen_ar,20260642,15,0.22287368790565976,,,,,,,,,,,,
frozen_ar,20260642,16,0.22289496467798955,,,,,,,,,,,,
frozen_ar,20260642,17,0.22297424099314994,,,,,,,,,,,,
frozen_ar,20260642,18,0.22269324577805763,,,,,,,,,,,,
frozen_ar,20260642,19,0.22318995129102792,,,,,,,,,,,,
frozen_ar,20260642,20,0.22194600429654993,,,,,,,,,,,,
frozen_ar,20260642,21,0.2225958733151882,,,,,,,,,,,,
frozen_ar,20260642,22,0.22236622476001136,,,,,,,,,,,,
frozen_ar,20260642,23,0.22230510731466227,,,,,,,,,,,,
frozen_ar,20260642,24,0.22236488342333338,,,,,,,,,,,,
frozen_ar,20260642,25,0.22432880850444825,,,,,,,,,,,,
frozen_ar,20260642,26,0.2225158031921789,,,,,,,,,,,,
frozen_ar,20260642,27,0.22451842971918323,,,,,,,,,,,,
frozen_ar,20260642,28,0.22351602487319427,,,,,,,,,,,,
frozen_ar,20260642,29,0.22413551560323197,,,,,,,,,,,,
frozen_ar,20260642,30,0.22415020218508894,,,,,,,,,,,,
frozen_ar,20260642,31,0.22343082121249602,,,,,,,,,,,,
frozen_ar,20260642,32,0.2236191582672947,,,,,,,,,,,,
frozen_ar,20260642,33,0.22490241660385552,,,,,,,,,,,,
frozen_ar,20260642,34,0.2232877683942726,,,,,,,,,,,,
frozen_ar,20260642,35,0.22432593485689106,,,,,,,,,,,,
frozen_ar,20260642,36,0.22313361820366756,,,,,,,,,,,,
frozen_ar,20260642,37,0.2239740659887982,,,,,,,,,,,,
frozen_ar,20260642,38,0.22340832865767649,,,,,,,,,,,,
frozen_ar,20260642,39,0.22439898279209816,,,,,,,,,,,,
frozen_ar,20260642,40,0.2213199574737017,,,,,,,,,,,,
frozen_ar,20260642,41,0.2251996988844378,,,,,,,,,,,,
frozen_ar,20260642,42,0.22445512966182066,,,,,,,,,,,,
frozen_ar,20260642,43,0.22247805087948283,,,,,,,,,,,,
frozen_ar,20260642,44,0.22475893024758942,,,,,,,,,,,,
frozen_ar,20260642,45,0.22331398878598963,,,,,,,,,,,,
frozen_ar,20260642,46,0.22339826539018703,,,,,,,,,,,,
frozen_ar,20260642,47,0.22363546601889953,,,,,,,,,,,,
frozen_ar,20260642,48,0.22366417944535624,,,,,,,,,,,,
frozen_ar,20260642,49,0.22478082387646506,,,,,,,,,,,,
frozen_ar,20260642,50,0.22538630165576476,,,,,,,,,,,,
frozen_ar,20260642,51,0.22327277441238644,,,,,,,,,,,,
frozen_ar,20260642,52,0.2248353248508709,,,,,,,,,,,,
frozen_ar,20260642,53,0.22364482331735247,,,,,,,,,,,,
frozen_ar,20260642,54,0.22489552669517437,,,,,,,,,,,,
frozen_ar,20260642,55,0.22519183761882483,,,,,,,,,,,,
frozen_ar,20260642,56,0.22464852941931787,,,,,,,,,,,,
frozen_ar,20260642,57,0.22375795854563013,,,,,,,,,,,,
frozen_ar,20260642,58,0.2256186593135091,,,,,,,,,,,,
frozen_ar,20260642,59,0.22393024318749696,,,,,,,,,,,,
frozen_ar,20260642,60,0.22476609663175479,,,,,,,,,,,,
frozen_ar,20260642,61,0.22445569254189457,,,,,,,,,,,,
frozen_ar,20260642,62,0.22585460158354081,,,,,,,,,,,,
frozen_ar,20260642,63,0.2253579434534393,,,,,,,,,,,,
frozen_ar,20260642,64,0.22458143563140165,,,,,,,,,,,,
frozen_ar,20260642,65,0.2263160959485456,,,,,,,,,,,,
frozen_ar,20260642,66,0.22397840789576065,,,,,,,,,,,,
frozen_ar,20260642,67,0.22526472207166062,,,,,,,,,,,,
frozen_ar,20260642,68,0.22514427869807646,,,,,,,,,,,,
frozen_ar,20260642,69,0.22347535302183746,,,,,,,,,,,,
frozen_ar,20260642,70,0.22616365119659299,,,,,,,,,,,,
frozen_ar,20260642,71,0.22588479881885967,,,,,,,,,,,,
frozen_ar,20260642,72,0.22501804255167485,,,,,,,,,,,,
frozen_ar,20260642,73,0.22526694525660598,,,,,,,,,,,,
frozen_ar,20260642,74,0.22719421179299124,,,,,,,,,,,,
frozen_ar,20260642,75,0.22419006053650545,,,,,,,,,,,,
frozen_ar,20260642,76,0.22548080220807926,,,,,,,,,,,,
frozen_ar,20260642,77,0.22554276332291046,,,,,,,,,,,,
frozen_ar,20260642,78,0.2258240063294184,,,,,,,,,,,,
frozen_ar,20260642,79,0.22436042417439617,,,,,,,,,,,,
frozen_ar,20260642,80,0.22597777203437955,,,,,,,,,,,,
original,20260642,1,,future_arousal_max_delta_rows_4_10_train_q90,binary,short_temporal_conv_residual,real_residual,0.15582414343953133,0.22731369574830157,0.0001194839553103344,inner_val_pr_auc_delta_vs_frozen_ar,0.002144748345017433,0.026315884664654732,0.06805065274238586,true_train_and_true_inner_val_selection
original,20260642,2,,future_arousal_max_delta_rows_4_10_train_q90,binary,short_temporal_conv_residual,real_residual,0.15617268159985542,0.22731852785897383,0.0001243160659825937,inner_val_pr_auc_delta_vs_frozen_ar,0.002159813651815057,0.03806540369987488,0.13462774455547333,true_train_and_true_inner_val_selection
original,20260642,3,,future_arousal_max_delta_rows_4_10_train_q90,binary,short_temporal_conv_residual,real_residual,0.15582927409559488,0.22735715362553116,0.00016294183253992567,inner_val_pr_auc_delta_vs_frozen_ar,0.0022043646313250065,0.08942117542028427,0.5012162923812866,true_train_and_true_inner_val_selection
original,20260642,4,,future_arousal_max_delta_rows_4_10_train_q90,binary,short_temporal_conv_residual,real_residual,0.15588236041367054,0.22757086163127266,0.0003766498382814232,inner_val_pr_auc_delta_vs_frozen_ar,0.0022543861996382475,0.14747849106788635,0.8461917638778687,true_train_and_true_inner_val_selection
original,20260642,5,,future_arousal_max_delta_rows_4_10_train_q90,binary,short_temporal_conv_residual,real_residual,0.15573055855929852,0.22814888090554541,0.0009546691125541795,inner_val_pr_auc_delta_vs_frozen_ar,0.002304910682141781,0.15951311588287354,0.8912222981452942,true_train_and_true_inner_val_selection
original,20260642,6,,future_arousal_max_delta_rows_4_10_train_q90,binary,short_temporal_conv_residual,real_residual,0.15557568427175283,0.22909620508559522,0.0019019932926039873,inner_val_pr_auc_delta_vs_frozen_ar,0.002353736897930503,0.16957275569438934,0.9288615584373474,true_train_and_true_inner_val_selection
original,20260642,7,,future_arousal_max_delta_rows_4_10_train_q90,binary,short_temporal_conv_residual,real_residual,0.1555357128381729,0.23051110099050903,0.003316889197517797,inner_val_pr_auc_delta_vs_frozen_ar,0.002403219463303685,0.18414923548698425,0.9576677083969116,true_train_and_true_inner_val_selection
original,20260642,8,,future_arousal_max_delta_rows_4_10_train_q90,binary,short_temporal_conv_residual,real_residual,0.15512302704155445,0.232012565878861,0.004818354085869753,inner_val_pr_auc_delta_vs_frozen_ar,0.0024534501135349274,0.19396241009235382,0.9713324904441833,true_train_and_true_inner_val_selection
original,20260642,9,,future_arousal_max_delta_rows_4_10_train_q90,binary,short_temporal_conv_residual,real_residual,0.15440007578581572,0.23313969653541664,0.0059454847424254,inner_val_pr_auc_delta_vs_frozen_ar,0.002501740586012602,0.19780181348323822,0.9781160354614258,true_train_and_true_inner_val_selection
original,20260642,10,,future_arousal_max_delta_rows_4_10_train_q90,binary,short_temporal_conv_residual,real_residual,0.1537715457379818,0.23389773587090748,0.006703524077916245,inner_val_pr_auc_delta_vs_frozen_ar,0.0025458908639848232,0.19787362217903137,0.9806727170944214,true_train_and_true_inner_val_selection
original,20260642,11,,future_arousal_max_delta_rows_4_10_train_q90,binary,short_temporal_conv_residual,real_residual,0.1532106613740325,0.23429811759723973,0.007103905804248495,inner_val_pr_auc_delta_vs_frozen_ar,0.002583394991233945,0.19522053003311157,0.9809614419937134,true_train_and_true_inner_val_selection
original,20260642,12,,future_arousal_max_delta_rows_4_10_train_q90,binary,short_temporal_conv_residual,real_residual,0.15290022641420364,0.23462061002472348,0.007426398231732245,inner_val_pr_auc_delta_vs_frozen_ar,0.0026176702231168747,0.19571679830551147,0.9837726354598999,true_train_and_true_inner_val_selection
original,20260642,13,,future_arousal_max_delta_rows_4_10_train_q90,binary,short_temporal_conv_residual,real_residual,0.1529821353033185,0.23478956071706972,0.007595348924078482,inner_val_pr_auc_delta_vs_frozen_ar,0.002646195702254772,0.19527053833007812,0.9845011234283447,true_train_and_true_inner_val_selection
original,20260642,14,,future_arousal_max_delta_rows_4_10_train_q90,binary,short_temporal_conv_residual,real_residual,0.15252562798559666,0.23481602046827366,0.007621808675282421,inner_val_pr_auc_delta_vs_frozen_ar,0.0026709192898124456,0.19443382322788239,0.9849055409431458,true_train_and_true_inner_val_selection
original,20260642,15,,future_arousal_max_delta_rows_4_10_train_q90,binary,short_temporal_conv_residual,real_residual,0.15206448175013065,0.23486299180316678,0.007668780010175541,inner_val_pr_auc_delta_vs_frozen_ar,0.002692259382456541,0.19415678083896637,0.9864493012428284,true_train_and_true_inner_val_selection
original,20260642,16,,future_arousal_max_delta_rows_4_10_train_q90,binary,short_temporal_conv_residual,real_residual,0.1521447291597724,0.23486258439336394,0.007668372600372703,inner_val_pr_auc_delta_vs_frozen_ar,0.002711743116378784,0.19428610801696777,0.9878674745559692,true_train_and_true_inner_val_selection
original,20260642,17,,future_arousal_max_delta_rows_4_10_train_q90,binary,short_temporal_conv_residual,real_residual,0.15190973225980997,0.2348132481751644,0.007619036382173178,inner_val_pr_auc_delta_vs_frozen_ar,0.0027294193860143423,0.1947297900915146,0.9892744421958923,true_train_and_true_inner_val_selection
original,20260642,18,,future_arousal_max_delta_rows_4_10_train_q90,binary,short_temporal_conv_residual,real_residual,0.1516402792185545,0.23476590106346434,0.007571689270473109,inner_val_pr_auc_delta_vs_frozen_ar,0.0027482800651341677,0.195992112159729,0.9904363751411438,true_train_and_true_inner_val_selection
original,20260642,19,,future_arousal_max_delta_rows_4_10_train_q90,binary,short_temporal_conv_residual,real_residual,0.1514634918421507,0.234582221989763,0.007388010196771766,inner_val_pr_auc_delta_vs_frozen_ar,0.0027646024245768785,0.1936078518629074,0.9908445477485657,true_train_and_true_inner_val_selection
original,20260642,20,,future_arousal_max_delta_rows_4_10_train_q90,binary,short_temporal_conv_residual,real_residual,0.1514208074659109,0.23456757314666893,0.007373361353677693,inner_val_pr_auc_delta_vs_frozen_ar,0.002782218623906374,0.19465889036655426,0.9918006062507629,true_train_and_true_inner_val_selection
original,20260642,21,,future_arousal_max_delta_rows_4_10_train_q90,binary,short_temporal_conv_residual,real_residual,0.151094158180058,0.23427982114957877,0.00708560935658753,inner_val_pr_auc_delta_vs_frozen_ar,0.0028003910556435585,0.1956205517053604,0.9924978613853455,true_train_and_true_inner_val_selection
original,20260642,22,,future_arousal_max_delta_rows_4_10_train_q90,binary,short_temporal_conv_residual,real_residual,0.15083419810980558,0.23411966033530748,0.006925448542316248,inner_val_pr_auc_delta_vs_frozen_ar,0.0028187446296215057,0.1968008577823639,0.9932771325111389,true_train_and_true_inner_val_selection
original,20260642,23,,future_arousal_max_delta_rows_4_10_train_q90,binary,short_temporal_conv_residual,real_residual,0.1506347330287099,0.23401596599691138,0.006821754203920144,inner_val_pr_auc_delta_vs_frozen_ar,0.0028377692215144634,0.1967879980802536,0.9939453601837158,true_train_and_true_inner_val_selection
trial4,20260642,1,,future_arousal_max_delta_rows_4_10_train_q90,binary,short_temporal_conv_residual,real_residual,0.24587537068873644,0.2272908939558167,9.668216282546216e-05,inner_val_pr_auc_delta_vs_frozen_ar,0.0037714350037276745,0.0384504459798336,0.13857488334178925,true_train_and_true_inner_val_selection
trial4,20260642,2,,future_arousal_max_delta_rows_4_10_train_q90,binary,short_temporal_conv_residual,real_residual,0.2464080611243844,0.22755745226243335,0.00036324046944211097,inner_val_pr_auc_delta_vs_frozen_ar,0.0038686618208885193,0.12501756846904755,0.741256594657898,true_train_and_true_inner_val_selection
trial4,20260642,3,,future_arousal_max_delta_rows_4_10_train_q90,binary,short_temporal_conv_residual,real_residual,0.2456243932247162,0.22924704431510207,0.0020528325221108312,inner_val_pr_auc_delta_vs_frozen_ar,0.0039858026430010796,0.18193230032920837,0.9413389563560486,true_train_and_true_inner_val_selection
trial4,20260642,4,,future_arousal_max_delta_rows_4_10_train_q90,binary,short_temporal_conv_residual,real_residual,0.2448741141706705,0.23221109920098526,0.005016887407994025,inner_val_pr_auc_delta_vs_frozen_ar,0.004109642468392849,0.20417234301567078,0.9738539457321167,true_train_and_true_inner_val_selection
trial4,20260642,5,,future_arousal_max_delta_rows_4_10_train_q90,binary,short_temporal_conv_residual,real_residual,0.24302721582353115,0.23407464060866562,0.006880428815674383,inner_val_pr_auc_delta_vs_frozen_ar,0.0042317635379731655,0.20931145548820496,0.9824689030647278,true_train_and_true_inner_val_selection
trial4,20260642,6,,future_arousal_max_delta_rows_4_10_train_q90,binary,short_temporal_conv_residual,real_residual,0.24135332088917494,0.23435647258128156,0.0071622607882903255,inner_val_pr_auc_delta_vs_frozen_ar,0.004334747325628996,0.20729491114616394,0.9851967692375183,true_train_and_true_inner_val_selection
trial4,20260642,7,,future_arousal_max_delta_rows_4_10_train_q90,binary,short_temporal_conv_residual,real_residual,0.24036676436662674,0.23376852727575093,0.006574315482759691,inner_val_pr_auc_delta_vs_frozen_ar,0.004410704597830772,0.21097294986248016,0.9898340702056885,true_train_and_true_inner_val_selection
trial4,20260642,8,,future_arousal_max_delta_rows_4_10_train_q90,binary,short_temporal_conv_residual,real_residual,0.2391731897369027,0.23308517608509155,0.005890964292100315,inner_val_pr_auc_delta_vs_frozen_ar,0.0044787973165512085,0.2131987363100052,0.9925439357757568,true_train_and_true_inner_val_selection
trial4,20260642,9,,future_arousal_max_delta_rows_4_10_train_q90,binary,short_temporal_conv_residual,real_residual,0.2377627193927765,0.23189810475338996,0.00470389296039872,inner_val_pr_auc_delta_vs_frozen_ar,0.00454747723415494,0.21614335477352142,0.9943990111351013,true_train_and_true_inner_val_selection
trial4,20260642,10,,future_arousal_max_delta_rows_4_10_train_q90,binary,short_temporal_conv_residual,real_residual,0.23658150434494019,0.2295949042869615,0.0024006924939702634,inner_val_pr_auc_delta_vs_frozen_ar,0.004617822356522083,0.22287720441818237,0.9962754249572754,true_train_and_true_inner_val_selection
trial4,20260642,11,,future_arousal_max_delta_rows_4_10_train_q90,binary,short_temporal_conv_residual,real_residual,0.23538283165544271,0.22679679734050365,-0.0003974144524875878,inner_val_pr_auc_delta_vs_frozen_ar,0.004679105244576931,0.22198663651943207,0.9968259334564209,true_train_and_true_inner_val_selection
trial4,20260642,12,,future_arousal_max_delta_rows_4_10_train_q90,binary,short_temporal_conv_residual,real_residual,0.23435885645449162,0.2239948376003681,-0.0031993741926231445,inner_val_pr_auc_delta_vs_frozen_ar,0.004750835243612528,0.22383002936840057,0.9973477125167847,true_train_and_true_inner_val_selection
trial4,20260642,13,,future_arousal_max_delta_rows_4_10_train_q90,binary,short_temporal_conv_residual,real_residual,0.23368758615106344,0.2191242593846851,-0.00806995240830613,inner_val_pr_auc_delta_vs_frozen_ar,0.004819734487682581,0.2252562940120697,0.9977431893348694,true_train_and_true_inner_val_selection
trial4,20260642,14,,future_arousal_max_delta_rows_4_10_train_q90,binary,short_temporal_conv_residual,real_residual,0.23222982045263052,0.21576011705133447,-0.01143409474165677,inner_val_pr_auc_delta_vs_frozen_ar,0.004891948774456978,0.2271222323179245,0.9981068968772888,true_train_and_true_inner_val_selection
frozen_ar,20260643,1,0.17010170106369424,,,,,,,,,,,,
frozen_ar,20260643,2,0.21747128355331807,,,,,,,,,,,,
frozen_ar,20260643,3,0.2181201664115729,,,,,,,,,,,,
frozen_ar,20260643,4,0.22041411106125308,,,,,,,,,,,,
frozen_ar,20260643,5,0.22102007753948874,,,,,,,,,,,,
frozen_ar,20260643,6,0.22176724911705128,,,,,,,,,,,,
frozen_ar,20260643,7,0.22246477072262358,,,,,,,,,,,,
frozen_ar,20260643,8,0.22239316715138968,,,,,,,,,,,,
frozen_ar,20260643,9,0.222499766249531,,,,,,,,,,,,
frozen_ar,20260643,10,0.22273467475484188,,,,,,,,,,,,
frozen_ar,20260643,11,0.22322551119451733,,,,,,,,,,,,
frozen_ar,20260643,12,0.22252136512078363,,,,,,,,,,,,
frozen_ar,20260643,13,0.2224473478141248,,,,,,,,,,,,
frozen_ar,20260643,14,0.22271875736625904,,,,,,,,,,,,
frozen_ar,20260643,15,0.22265899422748828,,,,,,,,,,,,
frozen_ar,20260643,16,0.22308335530946335,,,,,,,,,,,,
frozen_ar,20260643,17,0.2226407374160618,,,,,,,,,,,,
frozen_ar,20260643,18,0.2220045092623409,,,,,,,,,,,,
frozen_ar,20260643,19,0.22231749404677525,,,,,,,,,,,,
frozen_ar,20260643,20,0.22296480299738328,,,,,,,,,,,,
frozen_ar,20260643,21,0.22210610860450059,,,,,,,,,,,,
frozen_ar,20260643,22,0.22296947480866636,,,,,,,,,,,,
frozen_ar,20260643,23,0.2225895694052163,,,,,,,,,,,,
original,20260643,1,,future_arousal_max_delta_rows_4_10_train_q90,binary,short_temporal_conv_residual,real_residual,0.1594154629856348,0.22314757165590055,-7.793953861678915e-05,inner_val_pr_auc_delta_vs_frozen_ar,0.0021417313255369663,0.01877434551715851,0.04171033576130867,true_train_and_true_inner_val_selection
original,20260643,2,,future_arousal_max_delta_rows_4_10_train_q90,binary,short_temporal_conv_residual,real_residual,0.15928909741342068,0.22313950759560894,-8.600359890839626e-05,inner_val_pr_auc_delta_vs_frozen_ar,0.002161276526749134,0.029402757063508034,0.10922344028949738,true_train_and_true_inner_val_selection
original,20260643,3,,future_arousal_max_delta_rows_4_10_train_q90,binary,short_temporal_conv_residual,real_residual,0.15909034106880426,0.22329661893400446,7.110773948712512e-05,inner_val_pr_auc_delta_vs_frozen_ar,0.0022068629041314125,0.07374272495508194,0.4311959743499756,true_train_and_true_inner_val_selection
original,20260643,4,,future_arousal_max_delta_rows_4_10_train_q90,binary,short_temporal_conv_residual,real_residual,0.15944322384893894,0.22386564629923977,0.0006401351047224391,inner_val_pr_auc_delta_vs_frozen_ar,0.0022563072852790356,0.08818887919187546,0.6085612773895264,true_train_and_true_inner_val_selection
original,20260643,5,,future_arousal_max_delta_rows_4_10_train_q90,binary,short_temporal_conv_residual,real_residual,0.15934523474425077,0.22539900891817508,0.0021734977236577413,inner_val_pr_auc_delta_vs_frozen_ar,0.002305734669789672,0.08253861218690872,0.5382668375968933,true_train_and_true_inner_val_selection
original,20260643,6,,future_arousal_max_delta_rows_4_10_train_q90,binary,short_temporal_conv_residual,real_residual,0.158628411591053,0.22766968912240954,0.004444177927892201,inner_val_pr_auc_delta_vs_frozen_ar,0.0023533101193606853,0.08461517840623856,0.5629692673683167,true_train_and_true_inner_val_selection
original,20260643,7,,future_arousal_max_delta_rows_4_10_train_q90,binary,short_temporal_conv_residual,real_residual,0.1580679826438427,0.2302225690564405,0.006997057861923173,inner_val_pr_auc_delta_vs_frozen_ar,0.0023996324744075537,0.09288916736841202,0.6417576670646667,true_train_and_true_inner_val_selection
original,20260643,8,,future_arousal_max_delta_rows_4_10_train_q90,binary,short_temporal_conv_residual,real_residual,0.1573598524555564,0.23296919308422442,0.00974368188970709,inner_val_pr_auc_delta_vs_frozen_ar,0.0024468949995934963,0.09617476910352707,0.679243266582489,true_train_and_true_inner_val_selection
original,20260643,9,,future_arousal_max_delta_rows_4_10_train_q90,binary,short_temporal_conv_residual,real_residual,0.15649375692009926,0.235533521030022,0.012308009835504674,inner_val_pr_auc_delta_vs_frozen_ar,0.0024916864931583405,0.09829621762037277,0.7034986019134521,true_train_and_true_inner_val_selection
original,20260643,10,,future_arousal_max_delta_rows_4_10_train_q90,binary,short_temporal_conv_residual,real_residual,0.15575941372662783,0.23635013960185539,0.013124628407338051,inner_val_pr_auc_delta_vs_frozen_ar,0.0025285964366048574,0.10055442154407501,0.7259255647659302,true_train_and_true_inner_val_selection
original,20260643,11,,future_arousal_max_delta_rows_4_10_train_q90,binary,short_temporal_conv_residual,real_residual,0.15555587504059076,0.23653292440843696,0.013307413213919622,inner_val_pr_auc_delta_vs_frozen_ar,0.0025565812829881907,0.10290692746639252,0.7476375102996826,true_train_and_true_inner_val_selection
original,20260643,12,,future_arousal_max_delta_rows_4_10_train_q90,binary,short_temporal_conv_residual,real_residual,0.1551917977631092,0.23590132889291116,0.012675817698393821,inner_val_pr_auc_delta_vs_frozen_ar,0.00257613486610353,0.10314765572547913,0.7466855049133301,true_train_and_true_inner_val_selection
original,20260643,13,,future_arousal_max_delta_rows_4_10_train_q90,binary,short_temporal_conv_residual,real_residual,0.1547296978533268,0.23584588078982982,0.012620369595312486,inner_val_pr_auc_delta_vs_frozen_ar,0.002592038596048951,0.10553435981273651,0.7625865340232849,true_train_and_true_inner_val_selection
original,20260643,14,,future_arousal_max_delta_rows_4_10_train_q90,binary,short_temporal_conv_residual,real_residual,0.15481111593544483,0.235790698212596,0.012565187018078655,inner_val_pr_auc_delta_vs_frozen_ar,0.0026054196059703827,0.1072898879647255,0.7771129012107849,true_train_and_true_inner_val_selection
original,20260643,15,,future_arousal_max_delta_rows_4_10_train_q90,binary,short_temporal_conv_residual,real_residual,0.1543410625308752,0.23556184931175755,0.01233633811724022,inner_val_pr_auc_delta_vs_frozen_ar,0.0026188145857304335,0.10881933569908142,0.7934324145317078,true_train_and_true_inner_val_selection
original,20260643,16,,future_arousal_max_delta_rows_4_10_train_q90,binary,short_temporal_conv_residual,real_residual,0.15419434010982513,0.2355301233029225,0.012304612108405166,inner_val_pr_auc_delta_vs_frozen_ar,0.0026349611580371857,0.11016576737165451,0.8071060180664062,true_train_and_true_inner_val_selection
original,20260643,17,,future_arousal_max_delta_rows_4_10_train_q90,binary,short_temporal_conv_residual,real_residual,0.1537814773619175,0.23543522659490873,0.012209715400391397,inner_val_pr_auc_delta_vs_frozen_ar,0.002649896312505007,0.11123651266098022,0.8132147789001465,true_train_and_true_inner_val_selection
original,20260643,18,,future_arousal_max_delta_rows_4_10_train_q90,binary,short_temporal_conv_residual,real_residual,0.1537590306252241,0.23491726189853102,0.011691750704013681,inner_val_pr_auc_delta_vs_frozen_ar,0.0026665935292840004,0.11227762699127197,0.8183425068855286,true_train_and_true_inner_val_selection
original,20260643,19,,future_arousal_max_delta_rows_4_10_train_q90,binary,short_temporal_conv_residual,real_residual,0.1535627245903015,0.23471441041023777,0.011488899215720438,inner_val_pr_auc_delta_vs_frozen_ar,0.002682801801711321,0.11287207156419754,0.8236100077629089,true_train_and_true_inner_val_selection
trial4,20260643,1,,future_arousal_max_delta_rows_4_10_train_q90,binary,short_temporal_conv_residual,real_residual,0.2515906663611531,0.2231276831145484,-9.782807996894238e-05,inner_val_pr_auc_delta_vs_frozen_ar,0.00374081963673234,0.02113102376461029,0.0572090707719326,true_train_and_true_inner_val_selection
trial4,20260643,2,,future_arousal_max_delta_rows_4_10_train_q90,binary,short_temporal_conv_residual,real_residual,0.25133431423455477,0.2236263592120752,0.00040084801755785326,inner_val_pr_auc_delta_vs_frozen_ar,0.0038323556073009968,0.06704075634479523,0.3627062439918518,true_train_and_true_inner_val_selection
trial4,20260643,3,,future_arousal_max_delta_rows_4_10_train_q90,binary,short_temporal_conv_residual,real_residual,0.2504866011440754,0.22782033901234142,0.004594827817824082,inner_val_pr_auc_delta_vs_frozen_ar,0.0039472030475735664,0.08261941373348236,0.5309324264526367,true_train_and_true_inner_val_selection
trial4,20260643,4,,future_arousal_max_delta_rows_4_10_train_q90,binary,short_temporal_conv_residual,real_residual,0.24927478935569525,0.23546092901919718,0.01223541782467985,inner_val_pr_auc_delta_vs_frozen_ar,0.004066909197717905,0.09232988208532333,0.6251614689826965,true_train_and_true_inner_val_selection
trial4,20260643,5,,future_arousal_max_delta_rows_4_10_train_q90,binary,short_temporal_conv_residual,real_residual,0.2471229936927557,0.23635794097866575,0.013132429784148414,inner_val_pr_auc_delta_vs_frozen_ar,0.0041620973497629166,0.09089244157075882,0.5962954759597778,true_train_and_true_inner_val_selection
trial4,20260643,6,,future_arousal_max_delta_rows_4_10_train_q90,binary,short_temporal_conv_residual,real_residual,0.24544007889926434,0.23538658729585743,0.012161076101340096,inner_val_pr_auc_delta_vs_frozen_ar,0.004200146533548832,0.09585433453321457,0.6439384818077087,true_train_and_true_inner_val_selection
trial4,20260643,7,,future_arousal_max_delta_rows_4_10_train_q90,binary,short_temporal_conv_residual,real_residual,0.24437317438423634,0.23406152934574453,0.0108360181512272,inner_val_pr_auc_delta_vs_frozen_ar,0.004235970322042704,0.09936106204986572,0.6784347891807556,true_train_and_true_inner_val_selection
trial4,20260643,8,,future_arousal_max_delta_rows_4_10_train_q90,binary,short_temporal_conv_residual,real_residual,0.24341435357928276,0.23326208710420804,0.010036575909690704,inner_val_pr_auc_delta_vs_frozen_ar,0.004280166234821081,0.10126231610774994,0.7042805552482605,true_train_and_true_inner_val_selection
trial4,20260643,9,,future_arousal_max_delta_rows_4_10_train_q90,binary,short_temporal_conv_residual,real_residual,0.2423633672297001,0.23208129193685312,0.008855780742335784,inner_val_pr_auc_delta_vs_frozen_ar,0.0043267118744552135,0.10295659303665161,0.7325934767723083,true_train_and_true_inner_val_selection
trial4,20260643,10,,future_arousal_max_delta_rows_4_10_train_q90,binary,short_temporal_conv_residual,real_residual,0.2413557432591915,0.23064117157222705,0.007415660377709715,inner_val_pr_auc_delta_vs_frozen_ar,0.004383702762424946,0.10773822665214539,0.7731396555900574,true_train_and_true_inner_val_selection
trial4,20260643,11,,future_arousal_max_delta_rows_4_10_train_q90,binary,short_temporal_conv_residual,real_residual,0.2407338973134756,0.23076020156526952,0.0075346903707521895,inner_val_pr_auc_delta_vs_frozen_ar,0.0044381520710885525,0.10858746618032455,0.7977774143218994,true_train_and_true_inner_val_selection
trial4,20260643,12,,future_arousal_max_delta_rows_4_10_train_q90,binary,short_temporal_conv_residual,real_residual,0.23960257228463888,0.2304135073216496,0.007187996127132279,inner_val_pr_auc_delta_vs_frozen_ar,0.004498455207794905,0.11011327803134918,0.8195657730102539,true_train_and_true_inner_val_selection
trial4,20260643,13,,future_arousal_max_delta_rows_4_10_train_q90,binary,short_temporal_conv_residual,real_residual,0.2380794482305646,0.23054667055833977,0.007321159363822438,inner_val_pr_auc_delta_vs_frozen_ar,0.004561630077660084,0.11157583445310593,0.8346949219703674,true_train_and_true_inner_val_selection
frozen_ar,20260644,1,0.11885665088102249,,,,,,,,,,,,
frozen_ar,20260644,2,0.19365015188616885,,,,,,,,,,,,
frozen_ar,20260644,3,0.21188054682305715,,,,,,,,,,,,
frozen_ar,20260644,4,0.21526881814239762,,,,,,,,,,,,
frozen_ar,20260644,5,0.21565076789091012,,,,,,,,,,,,
frozen_ar,20260644,6,0.21714740392202211,,,,,,,,,,,,
frozen_ar,20260644,7,0.2183856937279498,,,,,,,,,,,,
frozen_ar,20260644,8,0.22034444246395435,,,,,,,,,,,,
frozen_ar,20260644,9,0.22125087230339455,,,,,,,,,,,,
frozen_ar,20260644,10,0.22204512012410732,,,,,,,,,,,,
frozen_ar,20260644,11,0.22296050904037779,,,,,,,,,,,,
frozen_ar,20260644,12,0.22308087373647723,,,,,,,,,,,,
frozen_ar,20260644,13,0.22314312977848683,,,,,,,,,,,,
frozen_ar,20260644,14,0.22399562725024424,,,,,,,,,,,,
frozen_ar,20260644,15,0.22383338261423247,,,,,,,,,,,,
frozen_ar,20260644,16,0.22335772007848131,,,,,,,,,,,,
frozen_ar,20260644,17,0.2239954989998933,,,,,,,,,,,,
frozen_ar,20260644,18,0.2241469506953836,,,,,,,,,,,,
frozen_ar,20260644,19,0.22371267966485991,,,,,,,,,,,,
frozen_ar,20260644,20,0.2244818036085846,,,,,,,,,,,,
frozen_ar,20260644,21,0.22289248082451465,,,,,,,,,,,,
frozen_ar,20260644,22,0.22421789346321802,,,,,,,,,,,,
frozen_ar,20260644,23,0.2235304554971103,,,,,,,,,,,,
frozen_ar,20260644,24,0.22431784060760085,,,,,,,,,,,,
frozen_ar,20260644,25,0.22351177146908494,,,,,,,,,,,,
frozen_ar,20260644,26,0.22293753048548554,,,,,,,,,,,,
frozen_ar,20260644,27,0.22405442361235303,,,,,,,,,,,,
frozen_ar,20260644,28,0.22333621414085303,,,,,,,,,,,,
frozen_ar,20260644,29,0.22328521587354874,,,,,,,,,,,,
frozen_ar,20260644,30,0.22627879647247598,,,,,,,,,,,,
frozen_ar,20260644,31,0.22399297210122138,,,,,,,,,,,,
frozen_ar,20260644,32,0.224617140484762,,,,,,,,,,,,
frozen_ar,20260644,33,0.2250589116493863,,,,,,,,,,,,
frozen_ar,20260644,34,0.22362648242789618,,,,,,,,,,,,
frozen_ar,20260644,35,0.22508523443223694,,,,,,,,,,,,
frozen_ar,20260644,36,0.22408609987014178,,,,,,,,,,,,
frozen_ar,20260644,37,0.2247597277442197,,,,,,,,,,,,
frozen_ar,20260644,38,0.2243318314074949,,,,,,,,,,,,
frozen_ar,20260644,39,0.22414142228758205,,,,,,,,,,,,
frozen_ar,20260644,40,0.22505227161997757,,,,,,,,,,,,
frozen_ar,20260644,41,0.2240208983020126,,,,,,,,,,,,
frozen_ar,20260644,42,0.22483155184306886,,,,,,,,,,,,
original,20260644,1,,future_arousal_max_delta_rows_4_10_train_q90,binary,short_temporal_conv_residual,real_residual,0.15805615484714508,0.22615050951503507,-0.00012828695744090957,inner_val_pr_auc_delta_vs_frozen_ar,0.002144960220903158,0.022070620208978653,0.04664174094796181,true_train_and_true_inner_val_selection
original,20260644,2,,future_arousal_max_delta_rows_4_10_train_q90,binary,short_temporal_conv_residual,real_residual,0.15786602534353733,0.22615129239672765,-0.00012750407574832479,inner_val_pr_auc_delta_vs_frozen_ar,0.00216378434561193,0.02255854383111,0.051445141434669495,true_train_and_true_inner_val_selection
original,20260644,3,,future_arousal_max_delta_rows_4_10_train_q90,binary,short_temporal_conv_residual,real_residual,0.15787101723253727,0.22620441438082867,-7.438209164731258e-05,inner_val_pr_auc_delta_vs_frozen_ar,0.002203247044235468,0.0369449146091938,0.13339801132678986,true_train_and_true_inner_val_selection
original,20260644,4,,future_arousal_max_delta_rows_4_10_train_q90,binary,short_temporal_conv_residual,real_residual,0.15798069164156914,0.2265322931407946,0.0002534966683186146,inner_val_pr_auc_delta_vs_frozen_ar,0.002252234611660242,0.08431698381900787,0.49816790223121643,true_train_and_true_inner_val_selection
original,20260644,5,,future_arousal_max_delta_rows_4_10_train_q90,binary,short_temporal_conv_residual,real_residual,0.15793114807456732,0.227246094343179,0.0009672978707030155,inner_val_pr_auc_delta_vs_frozen_ar,0.002303139539435506,0.09584258496761322,0.6321078538894653,true_train_and_true_inner_val_selection
original,20260644,6,,future_arousal_max_delta_rows_4_10_train_q90,binary,short_temporal_conv_residual,real_residual,0.15730201452970505,0.22841752297955023,0.002138726507074251,inner_val_pr_auc_delta_vs_frozen_ar,0.0023529876489192247,0.0950075313448906,0.6299676299095154,true_train_and_true_inner_val_selection
original,20260644,7,,future_arousal_max_delta_rows_4_10_train_q90,binary,short_temporal_conv_residual,real_residual,0.15736059099435806,0.2300014925956137,0.00372269612313772,inner_val_pr_auc_delta_vs_frozen_ar,0.002398955635726452,0.10007594525814056,0.6797367930412292,true_train_and_true_inner_val_selection
original,20260644,8,,future_arousal_max_delta_rows_4_10_train_q90,binary,short_temporal_conv_residual,real_residual,0.15685267932713032,0.23228589637188243,0.006007099899406454,inner_val_pr_auc_delta_vs_frozen_ar,0.0024453820660710335,0.1066456288099289,0.7265123724937439,true_train_and_true_inner_val_selection
original,20260644,9,,future_arousal_max_delta_rows_4_10_train_q90,binary,short_temporal_conv_residual,real_residual,0.1564191011711955,0.2349819497824976,0.00870315331002161,inner_val_pr_auc_delta_vs_frozen_ar,0.00249241734854877,0.11500823497772217,0.7810484766960144,true_train_and_true_inner_val_selection
original,20260644,10,,future_arousal_max_delta_rows_4_10_train_q90,binary,short_temporal_conv_residual,real_residual,0.1556358654052019,0.2383732006961526,0.012094404223676608,inner_val_pr_auc_delta_vs_frozen_ar,0.0025385578628629446,0.12066661566495895,0.8246241211891174,true_train_and_true_inner_val_selection
original,20260644,11,,future_arousal_max_delta_rows_4_10_train_q90,binary,short_temporal_conv_residual,real_residual,0.15494592487812042,0.24162217817062492,0.015343381698148945,inner_val_pr_auc_delta_vs_frozen_ar,0.0025807474739849567,0.1229185163974762,0.839576780796051,true_train_and_true_inner_val_selection
original,20260644,12,,future_arousal_max_delta_rows_4_10_train_q90,binary,short_temporal_conv_residual,real_residual,0.15429001208394766,0.2433875187193743,0.017108722246898328,inner_val_pr_auc_delta_vs_frozen_ar,0.002615413861349225,0.12832127511501312,0.863978922367096,true_train_and_true_inner_val_selection
original,20260644,13,,future_arousal_max_delta_rows_4_10_train_q90,binary,short_temporal_conv_residual,real_residual,0.1537615517154336,0.2430409016506932,0.016762105178217218,inner_val_pr_auc_delta_vs_frozen_ar,0.00263910461217165,0.12873348593711853,0.8644282221794128,true_train_and_true_inner_val_selection
original,20260644,14,,future_arousal_max_delta_rows_4_10_train_q90,binary,short_temporal_conv_residual,real_residual,0.15347062051296234,0.24326015484542526,0.016981358372949285,inner_val_pr_auc_delta_vs_frozen_ar,0.0026570335030555725,0.13299764692783356,0.880619466304779,true_train_and_true_inner_val_selection
original,20260644,15,,future_arousal_max_delta_rows_4_10_train_q90,binary,short_temporal_conv_residual,real_residual,0.15336895734071732,0.24345700751127342,0.017178211038797436,inner_val_pr_auc_delta_vs_frozen_ar,0.0026734641287475824,0.1369709074497223,0.8949176073074341,true_train_and_true_inner_val_selection
original,20260644,16,,future_arousal_max_delta_rows_4_10_train_q90,binary,short_temporal_conv_residual,real_residual,0.15306472778320312,0.24296046111206318,0.0166816646395872,inner_val_pr_auc_delta_vs_frozen_ar,0.00269039673730731,0.13814465701580048,0.8979156613349915,true_train_and_true_inner_val_selection
original,20260644,17,,future_arousal_max_delta_rows_4_10_train_q90,binary,short_temporal_conv_residual,real_residual,0.15277760662138462,0.2419986216866447,0.01571982521416873,inner_val_pr_auc_delta_vs_frozen_ar,0.002707847161218524,0.14162279665470123,0.9091057777404785,true_train_and_true_inner_val_selection
original,20260644,18,,future_arousal_max_delta_rows_4_10_train_q90,binary,short_temporal_conv_residual,real_residual,0.15225039329379797,0.2416022110004131,0.015323414527937118,inner_val_pr_auc_delta_vs_frozen_ar,0.002725542290136218,0.143384650349617,0.9139020442962646,true_train_and_true_inner_val_selection
original,20260644,19,,future_arousal_max_delta_rows_4_10_train_q90,binary,short_temporal_conv_residual,real_residual,0.15183947328478098,0.24065684491678815,0.014378048444312175,inner_val_pr_auc_delta_vs_frozen_ar,0.0027429622132331133,0.1440979242324829,0.917535662651062,true_train_and_true_inner_val_selection
original,20260644,20,,future_arousal_max_delta_rows_4_10_train_q90,binary,short_temporal_conv_residual,real_residual,0.15161059331148863,0.240274084985249,0.013995288512773013,inner_val_pr_auc_delta_vs_frozen_ar,0.0027605779469013214,0.14636442065238953,0.9247073531150818,true_train_and_true_inner_val_selection
original,20260644,21,,future_arousal_max_delta_rows_4_10_train_q90,binary,short_temporal_conv_residual,real_residual,0.15149481780827045,0.23942398370391751,0.013145187231441535,inner_val_pr_auc_delta_vs_frozen_ar,0.002779802307486534,0.14825324714183807,0.9329460263252258,true_train_and_true_inner_val_selection
original,20260644,22,,future_arousal_max_delta_rows_4_10_train_q90,binary,short_temporal_conv_residual,real_residual,0.15096259489655495,0.23889323537709836,0.012614438904622383,inner_val_pr_auc_delta_vs_frozen_ar,0.002799366833642125,0.14931049942970276,0.938224732875824,true_train_and_true_inner_val_selection
original,20260644,23,,future_arousal_max_delta_rows_4_10_train_q90,binary,short_temporal_conv_residual,real_residual,0.15088015887886286,0.23851128535300042,0.012232488880524445,inner_val_pr_auc_delta_vs_frozen_ar,0.0028181702364236116,0.15110066533088684,0.9423450827598572,true_train_and_true_inner_val_selection
trial4,20260644,1,,future_arousal_max_delta_rows_4_10_train_q90,binary,short_temporal_conv_residual,real_residual,0.24942504707723856,0.22621890634530195,-5.9890127174028196e-05,inner_val_pr_auc_delta_vs_frozen_ar,0.0037645043339580297,0.02368081919848919,0.05644506216049194,true_train_and_true_inner_val_selection
trial4,20260644,2,,future_arousal_max_delta_rows_4_10_train_q90,binary,short_temporal_conv_residual,real_residual,0.2491166004911065,0.22624340968314055,-3.5386789335428714e-05,inner_val_pr_auc_delta_vs_frozen_ar,0.0038476523477584124,0.03239640220999718,0.11559858173131943,true_train_and_true_inner_val_selection
trial4,20260644,3,,future_arousal_max_delta_rows_4_10_train_q90,binary,short_temporal_conv_residual,real_residual,0.24893513694405556,0.22817778882281192,0.001898992350335943,inner_val_pr_auc_delta_vs_frozen_ar,0.003959438297897577,0.08167817443609238,0.5140451788902283,true_train_and_true_inner_val_selection
trial4,20260644,4,,future_arousal_max_delta_rows_4_10_train_q90,binary,short_temporal_conv_residual,real_residual,0.248066914267838,0.23447797990842462,0.008199183435948637,inner_val_pr_auc_delta_vs_frozen_ar,0.00407940149307251,0.08707981556653976,0.5900112986564636,true_train_and_true_inner_val_selection
trial4,20260644,5,,future_arousal_max_delta_rows_4_10_train_q90,binary,short_temporal_conv_residual,real_residual,0.24546416383236647,0.24140162750214061,0.015122831029664635,inner_val_pr_auc_delta_vs_frozen_ar,0.004198137205094099,0.10299196094274521,0.7219655513763428,true_train_and_true_inner_val_selection
trial4,20260644,6,,future_arousal_max_delta_rows_4_10_train_q90,binary,short_temporal_conv_residual,real_residual,0.24316460825502872,0.24075892164620627,0.01448012517373029,inner_val_pr_auc_delta_vs_frozen_ar,0.004251554142683744,0.10308220982551575,0.7373509407043457,true_train_and_true_inner_val_selection
trial4,20260644,7,,future_arousal_max_delta_rows_4_10_train_q90,binary,short_temporal_conv_residual,real_residual,0.24262069817632437,0.2411419188829568,0.014863122410480822,inner_val_pr_auc_delta_vs_frozen_ar,0.004288297612220049,0.11251374334096909,0.7933709621429443,true_train_and_true_inner_val_selection
trial4,20260644,8,,future_arousal_max_delta_rows_4_10_train_q90,binary,short_temporal_conv_residual,real_residual,0.24137179646641016,0.24093899218245085,0.014660195709974871,inner_val_pr_auc_delta_vs_frozen_ar,0.004328901879489422,0.11367697268724442,0.7972918152809143,true_train_and_true_inner_val_selection
trial4,20260644,9,,future_arousal_max_delta_rows_4_10_train_q90,binary,short_temporal_conv_residual,real_residual,0.24058655090630054,0.2378261309468742,0.011547334474398208,inner_val_pr_auc_delta_vs_frozen_ar,0.004378643352538347,0.11822088062763214,0.822432279586792,true_train_and_true_inner_val_selection
trial4,20260644,10,,future_arousal_max_delta_rows_4_10_train_q90,binary,short_temporal_conv_residual,real_residual,0.23950485698878765,0.23612970945735928,0.009850912984883303,inner_val_pr_auc_delta_vs_frozen_ar,0.004432636313140392,0.12109832465648651,0.8367659449577332,true_train_and_true_inner_val_selection
trial4,20260644,11,,future_arousal_max_delta_rows_4_10_train_q90,binary,short_temporal_conv_residual,real_residual,0.23854726552963257,0.23453250187178468,0.008253705399308697,inner_val_pr_auc_delta_vs_frozen_ar,0.00448381993919611,0.12283939123153687,0.8409249782562256,true_train_and_true_inner_val_selection
trial4,20260644,12,,future_arousal_max_delta_rows_4_10_train_q90,binary,short_temporal_conv_residual,real_residual,0.23753078002482653,0.23319557354673223,0.006916777074256253,inner_val_pr_auc_delta_vs_frozen_ar,0.004540410824120045,0.12440761923789978,0.8491354584693909,true_train_and_true_inner_val_selection
trial4,20260644,13,,future_arousal_max_delta_rows_4_10_train_q90,binary,short_temporal_conv_residual,real_residual,0.23622787185013294,0.23114397853664312,0.0048651820641671395,inner_val_pr_auc_delta_vs_frozen_ar,0.0045954762026667595,0.12654463946819305,0.8577584624290466,true_train_and_true_inner_val_selection
