target_name,validation_protocol,feature_name,model_head,loss_name,control_type,folds,seeds,rows_test_total,mean_pr_auc,std_pr_auc,min_pr_auc,max_pr_auc,mean_roc_auc,std_roc_auc,min_roc_auc,max_roc_auc,mean_f1,std_f1,min_f1,max_f1,mean_balanced_accuracy,std_balanced_accuracy,min_balanced_accuracy,max_balanced_accuracy,mean_precision,std_precision,min_precision,max_precision,mean_recall,std_recall,min_recall,max_recall,mean_top_1pct_recall,std_top_1pct_recall,min_top_1pct_recall,max_top_1pct_recall,mean_top_5pct_recall,std_top_5pct_recall,min_top_5pct_recall,max_top_5pct_recall,mean_top_10pct_recall,std_top_10pct_recall,min_top_10pct_recall,max_top_10pct_recall,mean_continuous_mae,std_continuous_mae,min_continuous_mae,max_continuous_mae,mean_continuous_mse,std_continuous_mse,min_continuous_mse,max_continuous_mse,mean_continuous_pearson,std_continuous_pearson,min_continuous_pearson,max_continuous_pearson
arousal_spike_rows_2_6_train_q90,grouped_video,temporal_mean_2s_then_pca256,gated_ar_pca_mlp,regression_plus_binary,real,5,3,699267,0.21913274912241704,0.005235965747982055,0.21128153883752887,0.22797457194205903,0.6988396481072425,0.007899358090127689,0.6891562310773603,0.717906969643338,0.2755194676386312,0.010668472839046478,0.25441622243127415,0.2923246999368288,0.6048283636222448,0.010897678986702299,0.5816986720191093,0.6186746297311781,0.24480006236929908,0.013266271013959838,0.22817460317460317,0.26661280549383964,0.32109887277917437,0.04153362649494637,0.2443284481027906,0.37576126674786847,0.04034277474555939,0.00468215870805427,0.03111824934752058,0.04584795321637427,0.15841852637433199,0.010052738040130557,0.13993174061433447,0.17473684210526316,0.265240247528197,0.012267187930888806,0.24713912868901827,0.2830409356725146,0.06576188504695893,0.0031487024231140687,0.061037808656692505,0.07200106233358383,0.00920582829664151,0.0006527005384170579,0.008205575868487358,0.010410777293145657,0.2189681826615338,0.0213766696153222,0.18774651129196007,0.26032477197340353
arousal_spike_rows_2_6_train_q90,grouped_video,temporal_mean_2s_then_pca256,gated_ar_pca_mlp,binary,real,5,3,699267,0.21580539991072914,0.007291240755940041,0.2024122742180312,0.22711909076792963,0.6962996246005198,0.00722765788426514,0.6800578084516591,0.711238686489497,0.27224783418030307,0.016802848691033694,0.24167137210615472,0.29250720461095103,0.6011460601038894,0.012706612242230913,0.5753299306834416,0.6166200768665969,0.24935089954611514,0.012306264216618337,0.2302281963113473,0.26937618147448017,0.30789092806891244,0.053223393417597194,0.22121149472813728,0.37190418189200164,0.03944381458475735,0.004802324238828393,0.030315197751455532,0.04631578947368421,0.15542230813284857,0.010184333561669097,0.14073479221039953,0.17483166937543534,0.2631916636924368,0.009969884995577463,0.2437461236303494,0.2834919897840724,3.051615524291992,0.11493275757969257,2.882124185562134,3.2382748126983643,11.26786340077718,0.9134453693321338,9.966421127319336,12.845100402832031,0.25295535768789773,0.010085334592638872,0.22660699955847607,0.2739362846812663
arousal_spike_rows_2_6_train_q90,grouped_video,temporal_mean_2s_then_pca256,gated_ar_pca_mlp,regression,real,5,3,699267,0.1993370056402926,0.008153174351929353,0.1858845858298202,0.208417089851035,0.6555979068933839,0.004470622106885128,0.6483941077375517,0.6630831250540615,0.2421438935420771,0.01122760522903129,0.22408140192198983,0.2563219290691302,0.5801208459977459,0.005192942911062181,0.5736284541533151,0.5916862223951442,0.23452417325704886,0.0164773263333063,0.2086147572320632,0.25874125874125875,0.2533247687485134,0.029572471745677894,0.23157894736842105,0.33231831100284204,0.041856495090719995,0.004212376600977582,0.03392892993374824,0.048654970760233916,0.14619991653675526,0.003595147668195512,0.1412032251395493,0.15184583236591595,0.23979548951949828,0.0032947284465159174,0.23406414941128706,0.24680752263756675,0.06307435035705566,0.0012214337505936986,0.0612817220389843,0.06530269980430603,0.008732360290984313,0.0003362299421711343,0.008244842290878296,0.009213017299771309,0.23522525897444882,0.011428321290293057,0.22184146390684106,0.25854393817660276
arousal_spike_rows_2_6_train_q90,grouped_video,temporal_mean_2s_then_pca256,gated_ar_pca_mlp,binary,ar_plus_shuffled_pca,5,3,699267,0.1940394434400943,0.00925979482924625,0.17881462130749382,0.20618721720685518,0.6621977843472957,0.010208495998811181,0.643029912244409,0.6746950317335775,0.250254447062977,0.00795733071190809,0.23739703459637562,0.2640166637736504,0.5895149962794847,0.007577235900542754,0.5759699339473279,0.5983576490307916,0.21197259079146685,0.009201678990459882,0.19788458963716696,0.2275243081525804,0.30574009239003047,0.008897784439393885,0.28929933748243325,0.3197120965869515,0.03770883039568914,0.006510160115675611,0.02690222846817908,0.047953216374269005,0.14570026773008987,0.014192820607708004,0.11925316201565951,0.16444444444444445,0.2401734463083372,0.017509830217290214,0.20999799237100983,0.26269005847953214,2.6793144226074217,0.05977458007791241,2.5955514907836914,2.816035270690918,8.211938540140787,0.3958128228619991,7.700076580047607,9.205550193786621,0.22173172474850208,0.01579030304480703,0.1967908444652193,0.250281585242273
arousal_spike_rows_2_6_train_q90,grouped_video,temporal_mean_2s_then_pca256,gated_ar_pca_mlp,binary,shuffled_pca,5,3,699267,0.19278321989474273,0.007046562220830947,0.18073776042767403,0.2024379789309754,0.6622296554874747,0.00996480758585574,0.6446935392060695,0.678472251063393,0.2506910890524509,0.004852948528650883,0.24059188892948483,0.25813751087902526,0.5898593912161175,0.005970772127346843,0.5808766138268825,0.5989082991694986,0.2126060389021323,0.00714695038390695,0.19831350700195755,0.22298221614227087,0.3058099643228554,0.007767251912309296,0.2949707602339181,0.3241235198514047,0.03745141318892612,0.004949909162351839,0.02931138325637422,0.043742690058479534,0.1441962057588958,0.012662410254715706,0.12186307970287091,0.1656140350877193,0.2394443568791826,0.015532565476225934,0.21280867295723752,0.2629239766081871,2.6784335136413575,0.06734331959430995,2.6076343059539795,2.8195061683654785,8.198429107666016,0.4694430747391217,7.665004253387451,9.234129905700684,0.22167649918558394,0.01465688964982135,0.19847833705228668,0.2475944170475092
arousal_spike_rows_2_6_train_q90,grouped_video,temporal_mean_2s_then_pca256,gated_ar_pca_mlp,binary,ar_plus_random_pca,5,3,699267,0.19001337381997405,0.008776426131533722,0.17613033885023674,0.2018779338246564,0.6585282403092555,0.00929480798994534,0.640816034437155,0.6724602727552692,0.24577408157141262,0.006720248718664534,0.23385318853596798,0.25544417559626686,0.5868090885944907,0.007105608921380933,0.5736732079258731,0.596913111685464,0.20706335788286478,0.008267882852036204,0.19284116331096196,0.2194506310319228,0.30265461556292994,0.008202957085532894,0.28749247139128686,0.3234269793359647,0.03737422037251841,0.006454718863413091,0.027102991367195343,0.04818713450292398,0.14132108396131732,0.013964292468815198,0.11804858462156194,0.16210526315789472,0.23273766737300428,0.015770756955976333,0.20618349728970087,0.2575438596491228,2.712890640894572,0.07204642985612612,2.6369409561157227,2.8790817260742188,8.407951291402181,0.49968189976851124,7.881508827209473,9.624247550964355,0.21805052720466328,0.01557190089036979,0.19342680484682684,0.24794746672780904
arousal_spike_rows_2_6_train_q90,grouped_video,temporal_mean_2s_then_pca256,gated_ar_pca_mlp,binary,random_pca,5,3,699267,0.18878414033141938,0.00892309053058189,0.17275511288383538,0.20226208793313374,0.6574895313603444,0.0075077996440895195,0.6450180499485052,0.669955095926941,0.2452704700957968,0.008232297945259016,0.22792568473472516,0.25682631073889906,0.5865577933537036,0.005375916214152314,0.5778179914461925,0.5952628221627853,0.2064731843788192,0.009405402337032642,0.18801410105757932,0.22215514639299727,0.30237901656714866,0.009228497266760448,0.2783625730994152,0.3187833758996982,0.03687643017423769,0.005166481651834476,0.02810680586227665,0.04388205247271883,0.1415528211418738,0.011070430623273049,0.12306765709696849,0.15929824561403508,0.2338924290169752,0.011965261493084972,0.21381248745231882,0.2549707602339181,2.7167330423990887,0.0976478239490281,2.616515874862671,2.9526944160461426,8.447175312042237,0.740916769489267,7.798262119293213,10.380790710449219,0.2164774656458632,0.012822257586814345,0.1971582242889245,0.24028042534855024
arousal_spike_rows_2_6_train_q90,grouped_video,temporal_mean_2s_then_pca256,mlp_medium,regression,real,5,3,699267,0.1862254162445146,0.007633185358831873,0.17213458332913933,0.19837473493556582,0.6491941015720332,0.006198258680739735,0.6370226621311745,0.6565673604712516,0.2400064529724911,0.01352215088389045,0.21342870327641902,0.25853051058530513,0.5832628559643299,0.006382668143385787,0.5672203756964883,0.5901485339688144,0.20224220640894003,0.011716472049004377,0.18130760368663595,0.22041336353340885,0.29867562157004507,0.03279287194426659,0.21637426900584794,0.33089727974015426,0.03691395570683889,0.0033113742846927223,0.030315197751455532,0.041403508771929824,0.1326692459090467,0.004073517528816014,0.12545676004872108,0.14035087719298245,0.2235270597681168,0.005852490356200669,0.2095006090133983,0.23125145112607384,0.062109211335579555,0.001586834528466448,0.06017639487981796,0.0651635229587555,0.008548755074540774,0.00036480625576588776,0.007977409288287163,0.009139605797827244,0.22434133658382752,0.013994762922163282,0.20490000375384423,0.25847414939627106
arousal_spike_rows_2_6_train_q90,grouped_video,temporal_mean_2s_then_pca256,mlp_medium,binary,real,5,3,699267,0.18503668483822552,0.008267902089657771,0.16914917689528042,0.19991578222251633,0.6569022723511838,0.011275078073568316,0.6376392224498798,0.6764567430104546,0.23306410745632075,0.01376246066521362,0.21130567634269598,0.25894948143191704,0.5766743222121867,0.010564634100906028,0.5610494906477183,0.5931366441477569,0.21591925377854254,0.013354269643148965,0.19694343784465101,0.23896734333627537,0.25932478336842757,0.042284163719132656,0.19971056439942114,0.3117847821722546,0.03511391669300565,0.0027103848027694648,0.031059683313032885,0.04093567251461988,0.13319378365343199,0.007742848460156151,0.12073599338432912,0.14596491228070174,0.2249003821765467,0.010590522111990573,0.20487905726690098,0.2446783625730994,3.3475868860880533,0.11045112750592895,3.1740057468414307,3.5805962085723877,14.357846895853678,1.1365616666600515,12.30952262878418,16.672149658203125,0.19653677107043546,0.01241086032275167,0.17600683955954752,0.22094599891910816
arousal_spike_rows_2_6_train_q90,grouped_video,temporal_mean_2s_then_pca256,mlp_medium,regression_plus_binary,real,5,3,699267,0.1845019331698521,0.010132214017503268,0.17125883680256637,0.2068996361508566,0.6554416061460467,0.010675143351503595,0.6394418408676151,0.677650155424551,0.22711204997939574,0.016815714030585342,0.20950808068892296,0.2619106597308232,0.572010691098171,0.010883846064858873,0.5592730084641074,0.5926151835898292,0.22253296334928224,0.011074006209369536,0.20050842071814426,0.24295695289610098,0.23741992930769198,0.04540708456830815,0.1908207566673558,0.3184099578397912,0.03499469087036266,0.00254316411969153,0.030856678846934632,0.03953216374269006,0.13289850214329105,0.0064590517460655335,0.12362971985383678,0.14385964912280702,0.2250808347756976,0.0085412316502137,0.2133553855695679,0.24023391812865497,0.06359401792287826,0.0018926554988154692,0.06020887941122055,0.06734827160835266,0.009086219345529873,0.00043830979048253447,0.008330810815095901,0.010013732127845287,0.18286701964655092,0.014281757485049621,0.15963347260154617,0.20796043197317227
arousal_spike_rows_2_6_train_q90,grouped_video,temporal_mean_2s_then_pca256,mlp_medium,binary,ar_plus_shuffled_pca,5,3,699267,0.15859124627396562,0.008291685069469583,0.14149266210084377,0.17336653177078645,0.6232577717768196,0.011182398250178242,0.6016135457141287,0.640780887650411,0.20362543511049921,0.010439855445906485,0.18241103037078443,0.2210242587601078,0.5583277129948364,0.008499207842713439,0.5426733748328206,0.5798704572047455,0.17123768276729473,0.008753283007507147,0.15232612416368446,0.18649609097370293,0.2520875623174475,0.021916788821787783,0.22686207588837584,0.32304093567251463,0.030464041483618826,0.0034512664761285157,0.025095362377032724,0.03859649122807018,0.11357343131311214,0.010472925662314976,0.09857458341698454,0.13894736842105262,0.18866954071361544,0.012259323114865746,0.1682393093756274,0.21309941520467837,2.8188589890797933,0.07664746949352289,2.70076847076416,2.9955568313598633,9.471614837646484,0.6437971126186679,8.480377197265625,11.01744270324707,0.16309629014927254,0.014164213723984298,0.13946369650593,0.19021528796283355
arousal_spike_rows_2_6_train_q90,grouped_video,temporal_mean_2s_then_pca256,mlp_medium,binary,shuffled_pca,5,3,699267,0.15507981096043902,0.009774364995035523,0.12561986828230232,0.16839445989927532,0.6193201048710401,0.01296825056078162,0.5968253626094265,0.6405685503163411,0.20240394535877096,0.009883375520545057,0.18416657387818727,0.22110267508692258,0.557567687830659,0.008240191095221503,0.5476394453438403,0.5721181577517399,0.16688422199028266,0.014133367258589706,0.12112779201757598,0.1817159383033419,0.26454344123591916,0.042094927930710846,0.2274136861691131,0.3840260041792431,0.02962309749437434,0.004515196320982866,0.023218017181332713,0.03929824561403509,0.10815937106386106,0.01339566444000979,0.0838170420246111,0.14011695906432747,0.18378596176654632,0.015919199029811613,0.15114929185047596,0.21801169590643274,2.8171001275380454,0.12280972239475743,2.475738763809204,2.990828514099121,9.479561805725098,1.044022181270382,6.590069770812988,10.848004341125488,0.16013015545887593,0.014874691467463595,0.13896098642857735,0.18723322495522507
arousal_spike_rows_2_6_train_q90,grouped_video,temporal_mean_2s_then_pca256,mlp_medium,binary,random_pca,5,3,699267,0.15037515385974767,0.00580517076343122,0.13810493692001846,0.1591924862406558,0.611211790248811,0.01021119645658505,0.5932800093415419,0.6280554861295039,0.19275130953595535,0.008775168991009804,0.1775372638374632,0.20990862603738789,0.5507302990425388,0.0072927489058472305,0.5420727451738534,0.5626733542015753,0.1635152097152704,0.007905844639732611,0.14697060587882424,0.17878052263315722,0.23492091899194625,0.011784203268314994,0.21871345029239767,0.2541615915550142,0.0295738146548492,0.0035545788228738113,0.024091547881951416,0.03672514619883041,0.10317201792411665,0.007612154981367368,0.08994177875928529,0.11719298245614035,0.17690035674259116,0.012181063502690633,0.16101184501104196,0.1974269005847953,2.9236122608184814,0.06885712927576217,2.7623019218444824,3.0869688987731934,10.265867805480957,0.5989924700218623,8.940688133239746,11.733233451843262,0.1489206899407173,0.01285524517864142,0.12810712980085184,0.17299255354622514
arousal_spike_rows_2_6_train_q90,grouped_video,temporal_mean_2s_then_pca256,linear,binary,real,5,3,699267,0.15023472770562069,0.014650853897715426,0.12773441472914857,0.16741926928493173,0.6078680377895552,0.013430931415981243,0.5894165370842981,0.631895816022106,0.21810488520766788,0.01826241570598552,0.19755868544600938,0.24311370329733786,0.5733415121380354,0.011504871679498044,0.5555253718265843,0.5903081603218483,0.15383943088685317,0.013329768269276723,0.13049333711369435,0.1707419544576086,0.38160806839882505,0.056171461423042204,0.29637426900584796,0.4585424613531419,0.026099747328097,0.0037554993197932676,0.020199674947759462,0.03266487492247261,0.10037366613379801,0.006819856124499341,0.08428140236823775,0.1072073880746838,0.18215751559153961,0.009888403933329324,0.16368702112839564,0.200160610319213,0.39819169640541074,0.07375115917680711,0.2549058496952057,0.4813401997089386,0.22195707609256107,0.06377870249646012,0.10034245997667313,0.30028480291366577,0.152439147423736,0.0127647085518042,0.13393784420225283,0.17229013479796684
arousal_spike_rows_2_6_train_q90,grouped_video,temporal_mean_2s_then_pca256,mlp_medium,binary,ar_plus_random_pca,5,3,699267,0.15023317302402667,0.005363214607884099,0.1409903585472394,0.15840763059600976,0.6111535235980269,0.012079177706264816,0.5920433411352493,0.6287857064774208,0.19181900984301273,0.008124325933600804,0.17884517118037813,0.20648478314951488,0.5500912224907861,0.00783800043441334,0.5384773235328599,0.5635361972617658,0.16237102564904182,0.006322158491962091,0.15206372194062273,0.17454086639562597,0.2344940700883744,0.012746774300637028,0.21459582385776307,0.2567912700255398,0.02816004417876385,0.004390028115013648,0.021682393093756275,0.03625730994152047,0.10346912961344085,0.010506768562018811,0.08632804657699257,0.12257309941520468,0.17563234956321777,0.013631628398283439,0.15739811282874924,0.19990712793127466,2.9082059542338055,0.09100095972978257,2.759566068649292,3.1276283264160156,10.162718772888184,0.7594309392613667,8.953167915344238,12.060440063476562,0.1500517194797056,0.013417615155619362,0.13100506668950973,0.17425500552926307
arousal_spike_rows_2_6_train_q90,grouped_video,temporal_mean_2s_then_pca256,linear,regression_plus_binary,real,5,3,699267,0.1499014274439926,0.014070913054987462,0.1274514788324041,0.16773184220116513,0.6078119687868407,0.012186250101012546,0.5925596684782595,0.6294263779250102,0.21837974066384674,0.017960637840261542,0.19732113688337144,0.24279247081248512,0.5745225468105338,0.011864026312664214,0.5581062884570936,0.5927278052840641,0.15282112579634713,0.01396146441051692,0.12888541148019061,0.17260946895909207,0.39480255381029905,0.07067910614252558,0.2780649162704156,0.5410069021518473,0.025781484674085316,0.00433541938880845,0.018473406414941128,0.03225139549307422,0.09965716950295755,0.006595185657299175,0.08497794288367773,0.10573099415204679,0.1814016069201661,0.010314266406119587,0.1641513814720223,0.20236900220839188,0.06171589642763138,0.0021538889460215056,0.05878795310854912,0.06683806329965591,0.008621122874319553,0.00048662672708652563,0.008065070025622845,0.009606294333934784,0.1354986803529353,0.023992326430551762,0.09749949444667878,0.17472859907671684
arousal_spike_rows_2_6_train_q90,grouped_video,temporal_mean_2s_then_pca256,linear,regression,real,5,3,699267,0.14453307109907657,0.013846856077430759,0.12400758310594652,0.1759310724496368,0.6098429755665303,0.012779262579810048,0.5941000345817726,0.6406473237680528,0.2176571744043789,0.013641448876866118,0.19346631386118462,0.24779919105400905,0.5748200222692949,0.007587309363436213,0.5631500112532376,0.5920099047660055,0.1461167890961666,0.014755937785222604,0.12362619496650842,0.17606288563942185,0.4352625608321824,0.033998142995040004,0.3508372958445317,0.4905967030415603,0.01914279601744971,0.004703034995379162,0.013651877133105802,0.026701465569162818,0.0949864963729881,0.010337181500989018,0.07869905641437462,0.11262798634812286,0.17553077260806063,0.012417145842109864,0.16113303923844904,0.20236900220839188,0.06131233448783557,0.0018594517648990098,0.05751767382025719,0.06456135958433151,0.00846249982714653,0.0003635126106529973,0.00781993381679058,0.008984636515378952,0.14557047020348543,0.023384957902558616,0.12002382664173827,0.19707988813553878
arousal_spike_rows_2_6_train_q90,grouped_video,temporal_mean_2s_then_pca256,linear,binary,ar_plus_random_pca,5,3,699267,0.1402148898666026,0.010616071386241313,0.12591162332197164,0.15509549703197378,0.5913243804286246,0.010478667938652474,0.5797093170838276,0.6107026863285497,0.20302931838104074,0.011687739158399508,0.18832660172645918,0.22380213719407102,0.5608860945431146,0.008076964363971359,0.5503303889643097,0.5755001791364813,0.12842009158256276,0.012533224909894579,0.11352460972931684,0.149678763674249,0.509191458637474,0.08099666099744646,0.3461152379040353,0.6285117250986766,0.027450755484617537,0.002574792774972185,0.02369002208391889,0.032514619883040934,0.09285019232939944,0.005860093066440308,0.085383502170767,0.10158602690222847,0.15915497061680778,0.00998274969687685,0.14699193715112674,0.17566753663922907,0.3290782848993937,0.07330134425247274,0.20579208433628082,0.44099074602127075,0.14121166318655015,0.0490698565338774,0.06522160768508911,0.23244555294513702,0.1330656924336427,0.010174628275084974,0.12055708089309601,0.152839777039998
arousal_spike_rows_2_6_train_q90,grouped_video,temporal_mean_2s_then_pca256,linear,binary,shuffled_pca,5,3,699267,0.13986328277107488,0.011666910833800672,0.12502877499339948,0.15675777729317028,0.5905971551213324,0.011472549411988477,0.5760880868026762,0.6113722607214798,0.20318121564985472,0.012239136357106514,0.18873584086513795,0.22424762313246122,0.5618137544393572,0.01031046177427119,0.5473126422263233,0.5798939771647753,0.12689095484183252,0.011389470875495807,0.11345780180789052,0.14566523605150214,0.538307592474786,0.10150139983391863,0.34069463963059626,0.6879821356069834,0.027073091929551305,0.002312315057407757,0.021592755978639425,0.03064327485380117,0.09316503032710802,0.007817231995611462,0.08414306388257184,0.10600281068058623,0.15955361417673955,0.011877203881717792,0.14285714285714285,0.17661388550548113,0.34386931856473285,0.078778393912437,0.20684492588043213,0.4460606276988983,0.15254561007022857,0.053416192788130284,0.06582758575677872,0.23408178985118866,0.131925062799753,0.011935115473694302,0.11403407572715231,0.15395476549904252
arousal_spike_rows_2_6_train_q90,grouped_video,temporal_mean_2s_then_pca256,linear,binary,random_pca,5,3,699267,0.13971762784210437,0.01077246487408095,0.12537715019404802,0.15491227959528886,0.591379409358952,0.011592226484586651,0.5730663571648373,0.6116692983286695,0.20265017220905437,0.012650533267328947,0.1848997109573443,0.22522099663615738,0.5607731316027847,0.010491066003366968,0.5395111359034944,0.5792275432961691,0.12892071574130617,0.01393130761623619,0.11278195488721804,0.15209653615765256,0.5075396431689646,0.09976881856513013,0.34189921702469384,0.6261899233805434,0.027188109542488445,0.003370009197922077,0.021592755978639425,0.03368421052631579,0.09082072371388233,0.006267736884090403,0.08042174901798635,0.09797229471993575,0.15878452893049014,0.011149342643409436,0.1414099648542485,0.1749898497766951,0.35905927121639253,0.07044808194754325,0.20701037347316742,0.4451553225517273,0.1627698466181755,0.04706221883240531,0.06594065576791763,0.22991009056568146,0.13182680179486925,0.010865966197873512,0.11899515370046204,0.15178342616140628
arousal_spike_rows_2_6_train_q90,grouped_video,temporal_mean_2s_then_pca256,linear,binary,ar_plus_shuffled_pca,5,3,699267,0.13937555584985215,0.010905278327507232,0.12470389457177392,0.15667721671333146,0.5900897076515382,0.013311345000101919,0.574593776993578,0.6142903434116118,0.2032934688884956,0.013742349798452104,0.18618458948114672,0.22720314033366046,0.5612735985807653,0.011132124249598556,0.549250763933986,0.5820212733956525,0.12762150826163954,0.012214788184135131,0.11359204368174727,0.1465021966880703,0.5206927686008244,0.07959142923809871,0.34812286689419797,0.6199210587415834,0.026842827584871786,0.0026898557935576177,0.02275365683770606,0.032280701754385965,0.09221242067390618,0.007063164233471265,0.08010215927559787,0.1023142509135201,0.15967470629123187,0.011080515367857776,0.14616497829232997,0.1758018676410881,0.34262318710486095,0.06274387876313794,0.20848257839679718,0.4441782832145691,0.14988048275311788,0.04158227295035307,0.06696505844593048,0.228563591837883,0.13175739694751967,0.012114477157366351,0.116286237070922,0.15422362332152967
arousal_spike_rows_2_6_train_q90,grouped_video,temporal_mean_2s_then_pca256,gated_ar_pca_mlp,binary,time_only,5,3,699267,0.11149571492096477,0.006532633291552284,0.10099089390659674,0.11927957716863334,0.5288917869635817,0.004434518288369819,0.5210017341384915,0.5362679970180892,0.18180208543284254,0.01061906650741747,0.1665901087122952,0.19342582177227846,0.5135347448797805,0.005235487708010169,0.5045542788212417,0.5216603394415971,0.10357403873137114,0.006598799364535254,0.09349488699836728,0.11155600774557747,0.7521457344282202,0.08112894000188653,0.6396563733457162,0.9591961023142509,0.014080133804832803,0.0014383619903842637,0.011929824561403509,0.016849370686155097,0.06659188988456614,0.004060007565885777,0.06143344709897611,0.07569073601114465,0.12536433569937164,0.005985730081595481,0.11383256374222044,0.13977246343162295,2.2580700874328614,0.012324192799894173,2.2360358238220215,2.276535987854004,5.137504800160726,0.05675295546509989,5.031564235687256,5.218327522277832,0.041839599746156135,0.0051543806010038145,0.030980248804305884,0.0496506822564284
arousal_spike_rows_2_6_train_q90,grouped_video,temporal_mean_2s_then_pca256,mlp_medium,binary,time_only,5,3,699267,0.10896742258503052,0.007056096269862968,0.09888845779666083,0.11778448925142909,0.5235322141729883,0.0042378043441621055,0.5174912167919655,0.530931990567832,0.18179417842075332,0.010711046410822012,0.16798288072553116,0.193923145665773,0.5071943374868652,0.002618254639415919,0.5036880279229508,0.5115421411989113,0.10162660994240331,0.0067160050634039745,0.09238099539337007,0.10947204968944099,0.8698645614694198,0.06640965173947155,0.759887572776551,0.9607615509635478,0.013061044576776922,0.0014189973357497372,0.010760233918128656,0.0162526120269329,0.06214569919427993,0.00317987291839297,0.057016663320618347,0.0675644299976782,0.11886587326831517,0.005314896661105696,0.10801043967074885,0.1274669143255166,2.256288210550944,0.012521333774199396,2.2298715114593506,2.271320104598999,5.150606218973795,0.05928794516324254,5.022189140319824,5.22182035446167,0.03266683134779137,0.0056641341260839275,0.024074200685236562,0.043310977331856175
arousal_spike_rows_2_6_train_q90,grouped_video,temporal_mean_2s_then_pca256,mlp_medium,binary,quality_only,5,3,699267,0.10505036023404542,0.008421714130604243,0.0960347898512432,0.1260192803266997,0.5094287570433259,0.016400628789134508,0.48598682738747817,0.5439109352543606,0.17652011599331655,0.010554197088263401,0.1667661782942176,0.19615458483600434,0.5010872615884814,0.007084836840011563,0.49098684606505205,0.5136422050375457,0.10004956704859652,0.0066963553018786984,0.09168467495047722,0.109926665154608,0.7898019827871114,0.1599651153623439,0.5373165185032045,0.9527485380116959,0.013802272335511094,0.0030463964987672253,0.009510026876162911,0.019875527002609916,0.05747690023298817,0.007510114888311701,0.0427951209427331,0.07087719298245614,0.11010420890092693,0.012719494004984252,0.0888980773206533,0.1312280701754386,2.267488431930542,0.018147162429293803,2.241457939147949,2.2899186611175537,5.2152505874633786,0.08901216176910835,5.082803249359131,5.336148262023926,0.0251126721672947,0.013778869854641804,0.006454648334761823,0.060817945624945254
arousal_spike_rows_2_6_train_q90,grouped_video,temporal_mean_2s_then_pca256,gated_ar_pca_mlp,binary,quality_only,5,3,699267,0.10270706585802324,0.010174726328059346,0.09120162411855051,0.12565584642398517,0.5027234676756885,0.02270225213759631,0.46757285719555014,0.5428573761421489,0.17747947050297264,0.010948332928577583,0.16707179442659953,0.19727543635589612,0.5002589690253297,0.009955656147531303,0.4809684106812072,0.5163711538843281,0.09977823925635564,0.00656291162616853,0.09191309051568698,0.11033596038000905,0.8381304783073211,0.1529318746833127,0.5006090133982948,0.9602489459947802,0.014007380816757608,0.0030194995002291447,0.00933820544051969,0.02148163019474001,0.05399981592008511,0.008391242599164744,0.04155468265453793,0.07167235494880546,0.10272841801501062,0.014955072696733709,0.07628695472400249,0.1276852037743425,2.2638993422190348,0.01717865409927878,2.23962140083313,2.294990062713623,5.165912787119548,0.08237327739327586,5.041098117828369,5.308948516845703,0.021064467598131624,0.016268062992394913,0.0017196871782975283,0.06308740590992418
arousal_spike_rows_2_6_train_q90,grouped_video,temporal_mean_2s_then_pca256,linear,binary,quality_only,5,3,699267,0.10217470854679185,0.009645249661100164,0.08520664322997282,0.11990456803211723,0.49704250601718475,0.027786084402174133,0.4571126840078201,0.5400941148434141,0.17714058742718286,0.011215106907305927,0.16583971413986728,0.19114965352352392,0.49395235287675404,0.009255508691004341,0.4749853504737882,0.5032309616862947,0.09859089438632103,0.0065366602636217665,0.09085011185682326,0.10634631951756485,0.8894474803124177,0.11272916835030819,0.627455034112053,0.9640120733689342,0.012055145476208994,0.002747015598803337,0.007917174177831911,0.018342233573252844,0.05667611586735477,0.013148652792738642,0.036491228070175435,0.08683538425818435,0.1077318091039016,0.02113478297514059,0.06947368421052631,0.1446482470397028,0.257830618818601,0.11558003869268903,0.14293740689754486,0.5452271103858948,0.1109175148109595,0.07172624474253397,0.049703311175107956,0.30941858887672424,-0.0036141580591067626,0.021288086454920762,-0.03190600853288242,0.0362091134714151
arousal_spike_rows_2_6_train_q90,grouped_video,temporal_mean_2s_then_pca256,mlp_medium,binary,shuffled_temporal_diagnostics,5,3,699267,0.10051891855394009,0.006321655401375689,0.09215438537588005,0.10845082415180027,0.5004670023486839,0.004499404557939689,0.4914261933108701,0.5059711057727406,0.1810984088728502,0.010690193406997154,0.16748223828340944,0.1924295345625863,0.5003747039821915,0.0018145135691355959,0.49589704130375717,0.5029864140318221,0.10013748767969018,0.006524553155348616,0.09177399811515505,0.10704199896075729,0.9494129221855824,0.004407987056063281,0.9412584165312282,0.9567251461988304,0.010342975122021083,0.0013586009846130293,0.00782975306163421,0.012992285830288266,0.050766759818496036,0.002375402941277113,0.04697851836980526,0.05549106106338519,0.1002210199420595,0.003551998446732258,0.0949616902716508,0.10667769278478395,2.2396533807118733,0.018105839593818517,2.1998109817504883,2.2713639736175537,5.089381345113119,0.06964765403632057,4.896733283996582,5.196444034576416,0.0010337253018475724,0.0053896666782761865,-0.007192461984291125,0.009469732305806661
arousal_spike_rows_2_6_train_q90,grouped_video,temporal_mean_2s_then_pca256,gated_ar_pca_mlp,binary,shuffled_temporal_diagnostics,5,3,699267,0.09968822452201956,0.006738639475221689,0.08921641086135731,0.1071721711179007,0.49808075303250643,0.003189888267975612,0.49092105919424056,0.5040460231859525,0.1809916577087477,0.010819728870431545,0.16646755921730175,0.19260522628982152,0.5002415720706783,0.0014032643994087877,0.4973557502800875,0.5026982155225046,0.10011537748159001,0.006548482918636879,0.091270468661773,0.10713801671560877,0.9451615358746166,0.015547687570117394,0.8894822382168562,0.9588304093567251,0.009460089760343899,0.0012247740716321155,0.007714169711733658,0.011990903452553235,0.04888105820224147,0.0025424866649024426,0.04491228070175438,0.05309941520467836,0.09977789308113573,0.003985225013231563,0.09310424889714418,0.10877192982456141,2.2538447856903074,0.014675160621737854,2.2350142002105713,2.2791411876678467,5.103836504618327,0.06628409912661143,5.021553039550781,5.222151279449463,-0.0011553345110155058,0.004431865969998918,-0.008034321511973124,0.005397695505980676
arousal_spike_rows_2_6_train_q90,grouped_video,temporal_mean_2s_then_pca256,linear,binary,shuffled_temporal_diagnostics,5,3,699267,0.09965933621312935,0.006619676723357951,0.09027645237606483,0.10703393520261863,0.4978558802285837,0.0030724042799876506,0.4925837198741019,0.502401827910119,0.18100023308140167,0.010758563077957372,0.16729508196721313,0.19212878695951138,0.5000081511374491,0.001505160256538913,0.49655377279052926,0.5027387211017423,0.1000713231528054,0.0065710769342084575,0.09167883211678832,0.10682559316316204,0.9500919192060494,0.0038882382011791246,0.9421802850833166,0.9576608187134503,0.009704578925218598,0.001273444089024629,0.007442629729170974,0.012073368934293012,0.04940640029106646,0.0017816285443144622,0.04630969609261939,0.05280064244127685,0.09978784952515801,0.0024060125768362826,0.09556313993174062,0.10373528217620788,0.21388888309399287,0.0961774736839287,0.12398850172758102,0.46615108847618103,0.06867714785039425,0.054601101511734106,0.027948491275310516,0.2292790412902832,-0.0024512344364011037,0.004089309045009141,-0.00838343097949201,0.00798072521928335
arousal_spike_rows_2_6_train_q90,grouped_video,temporal_mean_2s_then_pca256,linear,binary,time_only,5,3,699267,0.09897362203763703,0.0078084513303040585,0.08583204106176298,0.11009922367833033,0.4939767283595777,0.009469490333172846,0.4760073678656442,0.5102412498200041,0.18062422492327054,0.011114922430081485,0.16587716768958274,0.19199967560772865,0.49881325503031404,0.0031974356456965997,0.49412229862600593,0.5054056065227926,0.09985561271814973,0.006756785466320159,0.09094604665868697,0.10678363628162915,0.9487316564687654,0.005929820127577314,0.9400454827372339,0.9600992350630556,0.009483579521713848,0.0024998888545477295,0.0062021914409758115,0.01787787322962619,0.048694306929717414,0.0067188788728197585,0.0383625730994152,0.0650104481077316,0.09752467834338643,0.009468806618722798,0.08140350877192983,0.11585790573485025,0.2973991612593333,0.0778379415399474,0.18391133844852448,0.45592305064201355,0.1315780386328697,0.05649407163510855,0.051537513732910156,0.2286141812801361,-0.0013284252151667924,0.012340038387982023,-0.019650712556209753,0.0251569071209066
