ar_accuracy,ar_balanced_accuracy,ar_decision_threshold,ar_event_count,ar_f1,ar_fn,ar_fp,ar_positive_class_rate,ar_pr_auc,ar_precision,ar_predicted_positive_count,ar_predicted_positive_rate,ar_recall,ar_tn,ar_top_10pct_recall,ar_top_1pct_recall,ar_top_5pct_recall,ar_top_event_count_recall,ar_tp,event_count,feature_mode,horizon_seconds,n,offset_seconds,onset_definition,random_accuracy,random_balanced_accuracy,random_decision_threshold,random_event_count,random_f1,random_fn,random_fp,random_positive_class_rate,random_pr_auc,random_precision,random_predicted_positive_count,random_predicted_positive_rate,random_recall,random_tn,random_top_10pct_recall,random_top_1pct_recall,random_top_5pct_recall,random_top_event_count_recall,random_tp,real_accuracy,real_balanced_accuracy,real_decision_threshold,real_event_count,real_f1,real_fn,real_fp,real_positive_class_rate,real_pr_auc,real_precision,real_predicted_positive_count,real_predicted_positive_rate,real_recall,real_tn,real_top_10pct_recall,real_top_1pct_recall,real_top_5pct_recall,real_top_event_count_recall,real_tp,real_vs_ar_f1_delta,real_vs_ar_pr_auc_delta,real_vs_random_f1_delta,real_vs_random_pr_auc_delta,real_vs_shuffled_f1_delta,real_vs_shuffled_pr_auc_delta,real_vs_timestamp_pr_auc_delta,real_vs_video_time_pr_auc_delta,shuffled_accuracy,shuffled_balanced_accuracy,shuffled_decision_threshold,shuffled_event_count,shuffled_f1,shuffled_fn,shuffled_fp,shuffled_positive_class_rate,shuffled_pr_auc,shuffled_precision,shuffled_predicted_positive_count,shuffled_predicted_positive_rate,shuffled_recall,shuffled_tn,shuffled_top_10pct_recall,shuffled_top_1pct_recall,shuffled_top_5pct_recall,shuffled_top_event_count_recall,shuffled_tp,split,success_all_controls,target,threshold,timestamp_accuracy,timestamp_balanced_accuracy,timestamp_decision_threshold,timestamp_event_count,timestamp_f1,timestamp_fn,timestamp_fp,timestamp_positive_class_rate,timestamp_pr_auc,timestamp_precision,timestamp_predicted_positive_count,timestamp_predicted_positive_rate,timestamp_recall,timestamp_tn,timestamp_top_10pct_recall,timestamp_top_1pct_recall,timestamp_top_5pct_recall,timestamp_top_event_count_recall,timestamp_tp,video_time_accuracy,video_time_balanced_accuracy,video_time_decision_threshold,video_time_event_count,video_time_f1,video_time_fn,video_time_fp,video_time_positive_class_rate,video_time_pr_auc,video_time_precision,video_time_predicted_positive_count,video_time_predicted_positive_rate,video_time_recall,video_time_tn,video_time_top_10pct_recall,video_time_top_1pct_recall,video_time_top_5pct_recall,video_time_top_event_count_recall,video_time_tp
0.13870094722598106,0.5002686331943074,0.19100423814519887,392.0,0.2340553549939832,3.0,2543.0,0.13261163734776726,0.19692347474408667,0.13267394270122784,2932.0,0.9918809201623816,0.9923469387755102,21.0,0.16071428571428573,0.03571428571428571,0.11479591836734694,0.18877551020408162,389.0,392,cortical_pca_64,,2956,0,simple_threshold,0.15493910690121787,0.5053069979942054,0.2000425682704377,392.0,0.2356181150550795,7.0,2491.0,0.13261163734776726,0.19996327159976193,0.1338664812239221,2876.0,0.972936400541272,0.9821428571428571,73.0,0.16581632653061223,0.03571428571428571,0.1096938775510204,0.1913265306122449,385.0,0.2428958051420839,0.5452040020376325,0.23239252669533234,392.0,0.25100401606425704,17.0,2221.0,0.13261163734776726,0.24550366205249566,0.14445300462249616,2596.0,0.878213802435724,0.9566326530612245,343.0,0.21683673469387754,0.04336734693877551,0.14795918367346939,0.25255102040816324,375.0,0.016948661070273846,0.04858018730840899,0.015385901009177527,0.045540390452733726,0.016496118129870646,0.04675619696359293,0.11738818189312347,0.10276038535245863,0.14749661705006767,0.5020973287911108,0.18931965502141843,392.0,0.2345078979343864,6.0,2514.0,0.13261163734776726,0.19874746508890273,0.13310344827586207,2900.0,0.9810554803788903,0.9846938775510204,50.0,0.1683673469387755,0.04081632653061224,0.10714285714285714,0.19642857142857142,386.0,blocked,True,arousal__future_spike_1_3s,0.05,0.8017591339648173,0.5053885828902545,0.1779151943863055,392.0,0.12012012012012012,352.0,234.0,0.13261163734776726,0.12811548015937219,0.145985401459854,274.0,0.09269282814614344,0.10204081632653061,2330.0,0.1096938775510204,0.002551020408163265,0.04336734693877551,0.14285714285714285,40.0,0.6525710419485792,0.5371649049635455,0.25135544917862906,392.0,0.22490566037735846,243.0,784.0,0.13261163734776726,0.14274327670003703,0.15969989281886388,933.0,0.31562922868741544,0.38010204081632654,1780.0,0.07908163265306123,0.0,0.04336734693877551,0.10204081632653061,149.0
0.08085250338294993,0.49799673303493336,0.1386223696085902,228.0,0.1426317450299779,2.0,2715.0,0.07713125845737483,0.11514677325127667,0.0768446106766406,2941.0,0.9949255751014885,0.9912280701754386,13.0,0.13596491228070176,0.039473684210526314,0.08771929824561403,0.11403508771929824,226.0,228,cortical_pca_64,,2956,0,simple_threshold,0.09675236806495263,0.5005820085404127,0.1661989105531172,228.0,0.14313222079589216,5.0,2665.0,0.07713125845737483,0.11198008597288625,0.07721606648199446,2888.0,0.9769959404600812,0.9780701754385965,63.0,0.13157894736842105,0.03508771929824561,0.09649122807017543,0.10087719298245613,223.0,0.2510148849797023,0.5479851571744611,0.23944583590168605,228.0,0.15625000000000003,23.0,2191.0,0.07713125845737483,0.15752967860337994,0.08555926544240401,2396.0,0.8105548037889039,0.8991228070175439,537.0,0.2149122807017544,0.05701754385964912,0.13157894736842105,0.17543859649122806,205.0,0.013618254970022114,0.04238290535210326,0.013117779204107866,0.045549592630493685,0.012621147124245335,0.04418567365160031,0.08407151066717466,0.05480113327284812,0.08829499323410013,0.5020289910994495,0.1578028733117258,228.0,0.1436288528757547,2.0,2693.0,0.07713125845737483,0.11334400495177963,0.07742377526550188,2919.0,0.9874830852503383,0.9912280701754386,35.0,0.14473684210526316,0.03508771929824561,0.08771929824561403,0.11842105263157894,226.0,blocked,True,arousal__future_spike_1_3s,0.075,0.8893775372124493,0.49190332870298914,0.1145239259058014,228.0,0.02967359050445104,223.0,104.0,0.07713125845737483,0.07345816793620527,0.045871559633027525,109.0,0.03687415426251692,0.021929824561403508,2624.0,0.12719298245614036,0.0,0.043859649122807015,0.08771929824561403,5.0,0.7144790257104194,0.5840471780624582,0.175946024782087,228.0,0.18846153846153846,130.0,714.0,0.07713125845737483,0.10272854533053181,0.1206896551724138,812.0,0.2746955345060893,0.4298245614035088,2014.0,0.14035087719298245,0.021929824561403508,0.07894736842105263,0.10526315789473684,98.0
0.7596011816838996,0.5253096747681109,0.24293227028555497,668.0,0.11428571428571428,626.0,25.0,0.2466765140324963,0.3375655719523798,0.6268656716417911,67.0,0.024741506646971934,0.06287425149700598,2015.0,0.17365269461077845,0.02694610778443114,0.10329341317365269,0.31736526946107785,42.0,668,cortical_pca_64,3,2708,0,simple_threshold,0.7596011816838996,0.5363845837736292,0.24934353798684675,668.0,0.16431322207958923,604.0,47.0,0.2466765140324963,0.3421310641433615,0.5765765765765766,111.0,0.04098966026587888,0.09580838323353294,1993.0,0.16467065868263472,0.02844311377245509,0.1092814371257485,0.3278443113772455,64.0,0.7573855243722304,0.5444786896794646,0.2633961838689926,668.0,0.20170109356014582,585.0,72.0,0.2466765140324963,0.38581406501614784,0.535483870967742,155.0,0.05723781388478582,0.12425149700598802,1968.0,0.18263473053892215,0.03143712574850299,0.1122754491017964,0.38323353293413176,83.0,0.08741537927443153,0.04824849306376805,0.037387871480556584,0.04368300087278637,0.09658352786166725,0.052123151105263,0.11175760708315935,0.04527989970236562,0.7610782865583456,0.5242764471057885,0.2515192220535107,668.0,0.10511756569847856,630.0,17.0,0.2466765140324963,0.33369091391088485,0.6909090909090909,55.0,0.02031019202363368,0.05688622754491018,2023.0,0.1601796407185629,0.02694610778443114,0.10329341317365269,0.3143712574850299,38.0,blocked,True,arousal__future_change_p3s_movement,0.05,0.24741506646971936,0.4989799812140425,0.21794876539552183,668.0,0.3948931116389549,3.0,2035.0,0.2466765140324963,0.2740564579329885,0.2462962962962963,2700.0,0.9970457902511078,0.9955089820359282,5.0,0.1317365269461078,0.01347305389221557,0.06736526946107785,0.2634730538922156,665.0,0.46454948301329396,0.5816822237877186,0.26197777541834466,668.0,0.42823343848580436,125.0,1325.0,0.2466765140324963,0.3405341653137822,0.2906852248394004,1868.0,0.689807976366322,0.812874251497006,715.0,0.1601796407185629,0.017964071856287425,0.08832335329341318,0.33682634730538924,543.0
0.4911373707533235,0.5979136196232533,0.16910912965865874,363.0,0.28154327424400416,93.0,1285.0,0.13404726735598227,0.27288642023704773,0.17363344051446947,1555.0,0.5742245199409158,0.743801652892562,1060.0,0.26721763085399447,0.046831955922865015,0.15426997245179064,0.2975206611570248,270.0,363,cortical_pca_64,3,2708,0,simple_threshold,0.7186115214180206,0.6268081082192344,0.21461566975430024,363.0,0.32326820603907636,181.0,581.0,0.13404726735598227,0.27473623285539434,0.23853211009174313,763.0,0.28175775480059084,0.5013774104683195,1764.0,0.2369146005509642,0.0440771349862259,0.15151515151515152,0.3002754820936639,182.0,0.6488183161004432,0.612121799503075,0.1860216878797707,363.0,0.30022075055187636,159.0,792.0,0.13404726735598227,0.2852639343855053,0.20481927710843373,996.0,0.36779911373707536,0.5619834710743802,1553.0,0.256198347107438,0.05234159779614325,0.17079889807162535,0.3002754820936639,204.0,0.0186774763078722,0.012377514148457558,-0.023047455487199997,0.010527701530110956,0.008100314933682906,0.01249511121877006,0.11553655449102562,0.05966102138275359,0.5919497784342689,0.6072265590583095,0.18655554494548013,363.0,0.29212043561819345,135.0,970.0,0.13404726735598227,0.27276882316673523,0.19031719532554256,1198.0,0.4423929098966027,0.628099173553719,1375.0,0.26170798898071623,0.049586776859504134,0.15702479338842976,0.3278236914600551,228.0,blocked,True,arousal__future_change_p3s_movement,0.075,0.5406203840472673,0.5135585355395396,0.1416798783796075,363.0,0.2176100628930818,190.0,1054.0,0.13404726735598227,0.16972737989447967,0.14099429502852487,1227.0,0.4531019202363368,0.4765840220385675,1291.0,0.1349862258953168,0.03305785123966942,0.0881542699724518,0.1652892561983471,173.0,0.6432791728212703,0.5914606424782816,0.25744130812307675,363.0,0.28125000000000006,174.0,792.0,0.13404726735598227,0.2256029130027517,0.1926605504587156,981.0,0.36225997045790254,0.5206611570247934,1553.0,0.21212121212121213,0.030303030303030304,0.12947658402203857,0.2727272727272727,189.0
0.4912043301759134,0.4813286611789587,0.08922377246007727,119.0,0.06930693069306931,63.0,1441.0,0.040257104194857916,0.03879985318196412,0.03740814963259853,1497.0,0.5064276048714479,0.47058823529411764,1396.0,0.07563025210084033,0.01680672268907563,0.03361344537815126,0.025210084033613446,56.0,119,cortical_pca_64,,2956,0,rising_edge,0.7100811907983762,0.4947216108861592,0.1155880069939018,119.0,0.06746463547334058,88.0,769.0,0.040257104194857916,0.04302831506036118,0.03875,800.0,0.2706359945872801,0.2605042016806723,2068.0,0.12605042016806722,0.01680672268907563,0.058823529411764705,0.03361344537815126,31.0,0.9161028416779432,0.5295954123630418,0.11398349593402711,119.0,0.09489051094890513,106.0,142.0,0.040257104194857916,0.07256475553881402,0.08387096774193549,155.0,0.05243572395128552,0.1092436974789916,2695.0,0.19327731092436976,0.03361344537815126,0.1092436974789916,0.10084033613445378,13.0,0.02558358025583582,0.033764902356849896,0.02742587547556455,0.029536440478452837,0.023711981193945963,0.03507741033516375,0.03762087192081735,0.028195707676023286,0.4614343707713126,0.4859465111388228,0.09807366227078546,119.0,0.07117852975495917,58.0,1534.0,0.040257104194857916,0.03748734520365027,0.03824451410658307,1595.0,0.5395805142083897,0.5126050420168067,1303.0,0.07563025210084033,0.01680672268907563,0.04201680672268908,0.04201680672268908,61.0,blocked,True,arousal__future_spike_1_3s,0.05,0.959742895805142,0.5,0.11199851140796091,119.0,,119.0,0.0,0.040257104194857916,0.03494388361799666,,0.0,0.0,0.0,2837.0,0.008403361344537815,0.0,0.008403361344537815,0.008403361344537815,0.0,0.8237483085250338,0.5016083980296383,0.10252465901185923,119.0,0.06463195691202872,101.0,420.0,0.040257104194857916,0.04436904786279073,0.0410958904109589,438.0,0.14817320703653586,0.15126050420168066,2417.0,0.10084033613445378,0.01680672268907563,0.05042016806722689,0.05042016806722689,18.0
0.15155615696887687,0.5032162726008345,0.11752798714705648,80.0,0.052870090634441085,10.0,2498.0,0.02706359945872801,0.02530150709475711,0.027258566978193146,2568.0,0.8687415426251691,0.875,378.0,0.0375,0.0,0.025,0.0125,70.0,80,cortical_pca_64,,2956,0,rising_edge,0.12483085250338295,0.5077103616133518,0.09958913153915176,80.0,0.05342114892060007,7.0,2580.0,0.02706359945872801,0.026001298518398108,0.02751601960045232,2653.0,0.8974966170500677,0.9125,296.0,0.05,0.0125,0.025,0.0125,73.0,0.13734776725304465,0.5141429068150208,0.08903162100737995,80.0,0.05415430267062315,7.0,2543.0,0.02706359945872801,0.03089890420985513,0.02790519877675841,2616.0,0.8849797023004059,0.9125,333.0,0.1625,0.0125,0.075,0.025,73.0,0.0012842120361820641,0.005597397115098022,0.0007331537500230786,0.004897605691457023,0.0019803896271448906,0.005461379793453715,0.007112745637348213,0.0011415811181934403,0.07814614343707713,0.4958710013908206,0.09533510581912938,80.0,0.05217391304347826,5.0,2720.0,0.02706359945872801,0.025437524416401416,0.026833631484794274,2795.0,0.9455345060893099,0.9375,156.0,0.0375,0.0125,0.025,0.025,75.0,blocked,True,arousal__future_spike_1_3s,0.075,0.972936400541272,0.5,0.10097744760599661,80.0,,80.0,0.0,0.02706359945872801,0.02378615857250692,,0.0,0.0,0.0,2876.0,0.0125,0.0,0.0,0.0,0.0,0.9140730717185386,0.49405424200278164,0.09932858750389313,80.0,0.03053435114503817,76.0,178.0,0.02706359945872801,0.02975732309166169,0.02197802197802198,182.0,0.061569688768606225,0.05,2698.0,0.1375,0.0125,0.05,0.025,4.0
0.3999261447562777,0.48755821502159247,0.16335760842680813,213.0,0.1342567927543953,87.0,1538.0,0.07865583456425407,0.0756489590208982,0.07572115384615384,1664.0,0.6144756277695717,0.5915492957746479,957.0,0.09859154929577464,0.014084507042253521,0.03755868544600939,0.07511737089201878,126.0,213,cortical_pca_64,3,2708,0,rising_edge,0.17946824224519942,0.5053280269459106,0.0902772583995299,213.0,0.1460415065334358,23.0,2199.0,0.07865583456425407,0.07767575945141399,0.0795311845960653,2389.0,0.8822008862629247,0.892018779342723,296.0,0.08450704225352113,0.014084507042253521,0.051643192488262914,0.06572769953051644,190.0,0.6713441654357459,0.49529669667974446,0.1311129501026569,213.0,0.12055335968379446,152.0,738.0,0.07865583456425407,0.08369357607660506,0.07634543178973717,799.0,0.2950516986706056,0.2863849765258216,1757.0,0.10328638497652583,0.004694835680751174,0.056338028169014086,0.09859154929577464,61.0,-0.013703433070600846,0.00804461705570686,-0.025488146849641347,0.006017816625191075,-0.017644065208909404,0.009661010644547968,0.002983004334376954,-0.018969688312069133,0.258493353028065,0.48595030436459774,0.11997304821572316,213.0,0.13819742489270387,52.0,1956.0,0.07865583456425407,0.07403256543205709,0.07605101558809636,2117.0,0.7817577548005908,0.755868544600939,539.0,0.08450704225352113,0.014084507042253521,0.03755868544600939,0.06572769953051644,161.0,blocked,True,arousal__future_change_p3s_movement,0.05,0.9213441654357459,0.5,0.17727317501587098,213.0,,213.0,0.0,0.07865583456425407,0.08071057174222811,,0.0,0.0,0.0,2495.0,0.107981220657277,0.018779342723004695,0.056338028169014086,0.07981220657276995,0.0,0.6333087149187593,0.5777122319756884,0.13316209064620152,213.0,0.18001651527663087,104.0,889.0,0.07865583456425407,0.1026632643886742,0.1092184368737475,998.0,0.3685376661742984,0.5117370892018779,1606.0,0.13615023474178403,0.018779342723004695,0.06103286384976526,0.10328638497652583,109.0
0.0775480059084195,0.4899685118206566,0.12843727909970765,131.0,0.09031318281136198,7.0,2491.0,0.0483751846381093,0.05094864950861147,0.047418738049713194,2615.0,0.9656573116691285,0.9465648854961832,86.0,0.10687022900763359,0.015267175572519083,0.04580152671755725,0.04580152671755725,124.0,131,cortical_pca_64,3,2708,0,rising_edge,0.07348596750369277,0.4950797868401331,0.11036780173500614,131.0,0.09127127852227455,5.0,2504.0,0.0483751846381093,0.05146179213236182,0.04790874524714829,2630.0,0.9711964549483013,0.9618320610687023,73.0,0.09923664122137404,0.022900763358778626,0.05343511450381679,0.04580152671755725,126.0,0.129615952732644,0.510080364469011,0.10289185226874811,131.0,0.09381007304882738,9.0,2348.0,0.0483751846381093,0.052892903841991176,0.04939271255060729,2470.0,0.9121122599704579,0.9312977099236641,229.0,0.11450381679389313,0.015267175572519083,0.08396946564885496,0.07633587786259542,122.0,0.003496890237465397,0.0019442543333797052,0.002538794526552826,0.001431111709629354,0.002574440864919328,0.0019352120670676348,0.001085769341294729,-0.01982856392783776,0.06573116691285082,0.4946280514356299,0.11957994852492362,131.0,0.09123563218390805,4.0,2526.0,0.0483751846381093,0.05095769177492354,0.04787033546928006,2653.0,0.9796898079763663,0.9694656488549618,51.0,0.10687022900763359,0.022900763358778626,0.061068702290076333,0.05343511450381679,127.0,blocked,True,arousal__future_change_p3s_movement,0.075,0.9516248153618907,0.5,0.14435009229895843,131.0,,131.0,0.0,0.0483751846381093,0.05180713450069645,,0.0,0.0,0.0,2577.0,0.13740458015267176,0.007633587786259542,0.05343511450381679,0.03816793893129771,0.0,0.8253323485967504,0.5640634858569791,0.11885737648268035,131.0,0.13211009174311927,95.0,378.0,0.0483751846381093,0.07272146776982893,0.08695652173913043,414.0,0.15288035450516987,0.2748091603053435,2199.0,0.19083969465648856,0.015267175572519083,0.10687022900763359,0.10687022900763359,36.0
0.13261163734776726,0.5,0.16871452813136847,392.0,0.23416965352449226,0.0,2564.0,0.13261163734776726,0.1474357677238412,0.13261163734776726,2956.0,1.0,1.0,0.0,0.09183673469387756,0.012755102040816327,0.0663265306122449,0.13010204081632654,392.0,392,cortical_pca_64,,2956,0,peak_approach,0.13261163734776726,0.5,0.2019730485753561,392.0,0.23416965352449226,0.0,2564.0,0.13261163734776726,0.14587432342045425,0.13261163734776726,2956.0,1.0,1.0,0.0,0.08928571428571429,0.012755102040816327,0.06887755102040816,0.125,392.0,0.13836265223274696,0.5033151326053042,0.2478339351234918,392.0,0.23536475532873008,0.0,2547.0,0.13261163734776726,0.168727229767811,0.13337870023817625,2939.0,0.9942489851150202,1.0,17.0,0.125,0.02806122448979592,0.08163265306122448,0.15816326530612246,392.0,0.0011951018042378192,0.021291462043969783,0.0011951018042378192,0.022852906347356733,0.0011951018042378192,0.022931054335087825,0.046623911248564465,0.023904004738974666,0.13261163734776726,0.5,0.19406150538400996,392.0,0.23416965352449226,0.0,2564.0,0.13261163734776726,0.14579617543272316,0.13261163734776726,2956.0,1.0,1.0,0.0,0.10204081632653061,0.017857142857142856,0.058673469387755105,0.13010204081632654,392.0,blocked,True,arousal__future_spike_1_3s,0.05,0.7073748308525034,0.49528200515775733,0.17240126920411325,392.0,0.15774099318403118,311.0,554.0,0.13261163734776726,0.12210331851924652,0.12755905511811025,635.0,0.21481732070365359,0.2066326530612245,2010.0,0.08163265306122448,0.00510204081632653,0.02295918367346939,0.12244897959183673,81.0,0.543978349120433,0.5588465885574199,0.19700710019261164,392.0,0.2519422863485017,165.0,1183.0,0.13261163734776726,0.14482322502883632,0.16099290780141845,1410.0,0.4769959404600812,0.5790816326530612,1381.0,0.07908163265306123,0.002551020408163265,0.04846938775510204,0.11479591836734694,227.0
0.07713125845737483,0.5,0.12695458411994512,228.0,0.14321608040201003,0.0,2728.0,0.07713125845737483,0.08187189964872542,0.07713125845737483,2956.0,1.0,1.0,0.0,0.08771929824561403,0.008771929824561403,0.04824561403508772,0.07456140350877193,228.0,228,cortical_pca_64,,2956,0,peak_approach,0.07713125845737483,0.5,0.13755497918450937,228.0,0.14321608040201003,0.0,2728.0,0.07713125845737483,0.08115097155040302,0.07713125845737483,2956.0,1.0,1.0,0.0,0.08771929824561403,0.008771929824561403,0.043859649122807015,0.07456140350877193,228.0,0.08660351826792964,0.5051319648093842,0.2107865307386173,228.0,0.14448669201520914,0.0,2700.0,0.07713125845737483,0.09808104406083665,0.0778688524590164,2928.0,0.9905277401894452,1.0,28.0,0.12280701754385964,0.013157894736842105,0.07456140350877193,0.09210526315789473,228.0,0.0012706116131991074,0.01620914441211123,0.0012706116131991074,0.01693007251043363,0.0012706116131991074,0.016685882222224238,0.027924104845196224,-0.003332222500890769,0.07713125845737483,0.5,0.14587703359960083,228.0,0.14321608040201003,0.0,2728.0,0.07713125845737483,0.08139516183861241,0.07713125845737483,2956.0,1.0,1.0,0.0,0.09210526315789473,0.008771929824561403,0.04824561403508772,0.07017543859649122,228.0,blocked,True,arousal__future_spike_1_3s,0.075,0.7347767253044655,0.49656904357668363,0.09861406128238046,228.0,0.11111111111111112,179.0,605.0,0.07713125845737483,0.07015693921564042,0.07492354740061162,654.0,0.22124492557510148,0.2149122807017544,2123.0,0.08333333333333333,0.008771929824561403,0.013157894736842105,0.04824561403508772,49.0,0.722936400541272,0.5363771415341874,0.16808099487754793,228.0,0.14953271028037382,156.0,663.0,0.07713125845737483,0.10141326656172742,0.09795918367346938,735.0,0.2486468200270636,0.3157894736842105,2065.0,0.12280701754385964,0.008771929824561403,0.06140350877192982,0.10964912280701754,72.0
0.2466765140324963,0.5,0.22585990544977083,668.0,0.3957345971563981,0.0,2040.0,0.2466765140324963,0.3094843685717663,0.2466765140324963,2708.0,1.0,1.0,0.0,0.13922155688622753,0.03143712574850299,0.08682634730538923,0.3068862275449102,668.0,668,cortical_pca_64,3,2708,0,peak_approach,0.2466765140324963,0.5,0.23792184049658335,668.0,0.3957345971563981,0.0,2040.0,0.2466765140324963,0.31155984620708704,0.2466765140324963,2708.0,1.0,1.0,0.0,0.14520958083832336,0.02844311377245509,0.08083832335329341,0.2964071856287425,668.0,0.2466765140324963,0.5,0.26660462055334433,668.0,0.3957345971563981,0.0,2040.0,0.2466765140324963,0.30565981087491184,0.2466765140324963,2708.0,1.0,1.0,0.0,0.14221556886227546,0.025449101796407185,0.08532934131736528,0.29191616766467066,668.0,0.0,-0.0038245576968544692,0.0,-0.005900035332175202,0.0,-0.004159349155295866,0.03380857249617936,-0.029191422335388573,0.2466765140324963,0.5,0.2359537541339412,668.0,0.3957345971563981,0.0,2040.0,0.2466765140324963,0.3098191600302077,0.2466765140324963,2708.0,1.0,1.0,0.0,0.13922155688622753,0.02694610778443114,0.08233532934131736,0.31137724550898205,668.0,blocked,False,arousal__future_change_p3s_movement,0.05,0.2466765140324963,0.5,0.22534460733626235,668.0,0.3957345971563981,0.0,2040.0,0.2466765140324963,0.2718512383787325,0.2466765140324963,2708.0,1.0,1.0,0.0,0.11976047904191617,0.017964071856287425,0.0688622754491018,0.2694610778443114,668.0,0.4966765140324963,0.5979717036515205,0.2806696437715146,668.0,0.4388637299300124,135.0,1228.0,0.2466765140324963,0.3348512332103004,0.3026689381033504,1761.0,0.6502954209748892,0.7979041916167665,812.0,0.17065868263473055,0.019461077844311378,0.08083832335329341,0.33682634730538924,533.0
0.13404726735598227,0.5,0.1843401742789716,363.0,0.23640507977857375,0.0,2345.0,0.13404726735598227,0.16300364198743278,0.13404726735598227,2708.0,1.0,1.0,0.0,0.14325068870523416,0.01928374655647383,0.09366391184573003,0.17355371900826447,363.0,363,cortical_pca_64,3,2708,0,peak_approach,0.13404726735598227,0.5,0.15252985087029197,363.0,0.23640507977857375,0.0,2345.0,0.13404726735598227,0.1642796144710941,0.13404726735598227,2708.0,1.0,1.0,0.0,0.13774104683195593,0.01928374655647383,0.08539944903581267,0.1763085399449036,363.0,0.13404726735598227,0.5,0.20180870537786105,363.0,0.23640507977857375,0.0,2345.0,0.13404726735598227,0.17378170021546943,0.13404726735598227,2708.0,1.0,1.0,0.0,0.15977961432506887,0.027548209366391185,0.09090909090909091,0.19559228650137742,363.0,0.0,0.010778058228036652,0.0,0.009502085744375333,0.0,0.013013645319287892,0.032474921239358495,-0.060477239726645704,0.13404726735598227,0.5,0.1703783972958134,363.0,0.23640507977857375,0.0,2345.0,0.13404726735598227,0.16076805489618154,0.13404726735598227,2708.0,1.0,1.0,0.0,0.14049586776859505,0.013774104683195593,0.0881542699724518,0.17079889807162535,363.0,blocked,True,arousal__future_change_p3s_movement,0.075,0.40251107828655835,0.5176361404312557,0.13263812022233562,363.0,0.23244781783681218,118.0,1500.0,0.13404726735598227,0.14130677897611094,0.14040114613180515,1745.0,0.6443870014771049,0.6749311294765841,845.0,0.10743801652892562,0.0027548209366391185,0.03856749311294766,0.1349862258953168,245.0,0.6107828655834564,0.5889959881818769,0.2268164540072825,363.0,0.27808219178082194,160.0,894.0,0.13404726735598227,0.23425893994211514,0.18505013673655424,1097.0,0.405096011816839,0.559228650137741,1451.0,0.22865013774104684,0.030303030303030304,0.12121212121212122,0.2892561983471074,203.0
0.4150879566982409,0.5774323204438747,0.14604837840860266,273.0,0.19693450998606596,61.0,1668.0,0.09235453315290934,0.15158238574419108,0.1127659574468085,1880.0,0.6359945872801083,0.7765567765567766,1015.0,0.20512820512820512,0.040293040293040296,0.1391941391941392,0.1978021978021978,212.0,273,cortical_pca_64,,2956,0,sustained_2frame,0.48883626522327467,0.5818653330766637,0.17806158810161446,273.0,0.20095187731359068,83.0,1428.0,0.09235453315290934,0.14742855580380326,0.11742892459826947,1618.0,0.547361299052774,0.6959706959706959,1255.0,0.20512820512820512,0.03296703296703297,0.13186813186813187,0.19047619047619047,190.0,0.7269959404600812,0.6456108806090171,0.2344430103744531,273.0,0.269683257918552,124.0,683.0,0.09235453315290934,0.20399701989133526,0.17908653846153846,832.0,0.2814614343707713,0.5457875457875457,2000.0,0.27472527472527475,0.040293040293040296,0.16117216117216118,0.2564102564102564,149.0,0.07274874793248606,0.05241463414714417,0.06873138060496134,0.056568464087531994,0.07171371477134392,0.055522576217386016,0.11094610184583444,0.10513933606415131,0.4654939106901218,0.5772323092487088,0.1697632459020965,273.0,0.1979695431472081,78.0,1502.0,0.09235453315290934,0.14847444367394924,0.11490866234531526,1697.0,0.5740866035182679,0.7142857142857143,1181.0,0.20512820512820512,0.03663003663003663,0.13186813186813187,0.19047619047619047,195.0,blocked,True,arousal__future_spike_1_3s,0.05,0.8721244925575101,0.49688378462139177,0.13160611531920727,273.0,0.05025125628140704,263.0,115.0,0.09235453315290934,0.09305091804550082,0.08,125.0,0.042286874154262515,0.03663003663003663,2568.0,0.10989010989010989,0.014652014652014652,0.054945054945054944,0.08791208791208792,10.0,0.6025033829499323,0.5490634970694606,0.1575166412111979,273.0,0.18346073662265464,141.0,1034.0,0.09235453315290934,0.09885768382718395,0.11320754716981132,1166.0,0.3944519621109608,0.4835164835164835,1649.0,0.10256410256410256,0.0,0.029304029304029304,0.0989010989010989,132.0
0.8521650879566982,0.5637512512512513,0.16628479753267203,148.0,0.1414538310412574,112.0,325.0,0.05006765899864682,0.09225014515956509,0.0997229916897507,361.0,0.12212449255751015,0.24324324324324326,2483.0,0.20945945945945946,0.0472972972972973,0.16216216216216217,0.16216216216216217,36.0,148,cortical_pca_64,,2956,0,sustained_2frame,0.7537212449255751,0.5663403788403789,0.1249735077131175,148.0,0.12709832134292567,95.0,633.0,0.05006765899864682,0.09380010797642363,0.07725947521865889,686.0,0.23207036535859268,0.3581081081081081,2175.0,0.22972972972972974,0.05405405405405406,0.16891891891891891,0.16891891891891891,53.0,0.9269282814614344,0.5743002618002618,0.19409921075092887,148.0,0.19999999999999998,121.0,95.0,0.05006765899864682,0.14929393037210326,0.22131147540983606,122.0,0.041271989174560215,0.18243243243243243,2713.0,0.33783783783783783,0.06756756756756757,0.20945945945945946,0.20945945945945946,27.0,0.058546168958742595,0.05704378521253817,0.07290167865707431,0.055493822395679626,0.07638376383763837,0.06554836509343148,0.09691620656789224,0.08163138858317778,0.6786197564276049,0.5716148841148841,0.13357494608201842,148.0,0.12361623616236161,81.0,869.0,0.05006765899864682,0.08374556527867177,0.07158119658119658,936.0,0.3166441136671177,0.4527027027027027,1939.0,0.20270270270270271,0.04054054054054054,0.12837837837837837,0.12837837837837837,67.0,blocked,True,arousal__future_spike_1_3s,0.075,0.939106901217862,0.5135038885038885,0.0760377129055457,148.0,0.0625,142.0,38.0,0.05006765899864682,0.05237772380421102,0.13636363636363635,44.0,0.014884979702300407,0.04054054054054054,2770.0,0.08783783783783784,0.033783783783783786,0.04054054054054054,0.04054054054054054,6.0,0.7449255751014885,0.5457091707091708,0.13329510166750586,148.0,0.11294117647058825,100.0,654.0,0.05006765899864682,0.06766254178892547,0.06837606837606838,702.0,0.2374830852503383,0.32432432432432434,2154.0,0.14864864864864866,0.0,0.08783783783783784,0.08783783783783784,48.0
0.8323485967503693,0.509868648883296,0.17483906184614706,455.0,0.04621848739495798,444.0,10.0,0.16802067946824226,0.21592196461926824,0.5238095238095238,21.0,0.00775480059084195,0.024175824175824177,2243.0,0.14285714285714285,0.03076923076923077,0.09010989010989011,0.20659340659340658,11.0,455,cortical_pca_64,3,2708,0,sustained_2frame,0.8319793205317577,0.5087697477843949,0.1923827622051856,455.0,0.042105263157894736,445.0,10.0,0.16802067946824226,0.21536028000900406,0.5,20.0,0.007385524372230428,0.02197802197802198,2243.0,0.14505494505494507,0.035164835164835165,0.09230769230769231,0.21318681318681318,10.0,0.8353028064992615,0.5169059081176258,0.24147285127475732,455.0,0.07083333333333333,438.0,8.0,0.16802067946824226,0.24475030840643494,0.68,25.0,0.009231905465288036,0.03736263736263736,2245.0,0.15384615384615385,0.041758241758241756,0.1076923076923077,0.23736263736263735,17.0,0.024614845938375353,0.0288283437871667,0.028728070175438596,0.02939002839743088,0.0367181947405828,0.03526959344528771,0.0695747806554802,0.022641346536205892,0.8327178729689808,0.5074596508684391,0.20817476418056463,455.0,0.03411513859275053,447.0,6.0,0.16802067946824226,0.20948071496114723,0.5714285714285714,14.0,0.0051698670605613,0.017582417582417582,2247.0,0.14065934065934066,0.03076923076923077,0.08351648351648351,0.2021978021978022,8.0,blocked,True,arousal__future_change_p3s_movement,0.05,0.5505908419497785,0.529088443735581,0.18056909200190283,455.0,0.2708208508088676,229.0,988.0,0.16802067946824226,0.17517552775095474,0.18616144975288304,1214.0,0.448301329394387,0.4967032967032967,1265.0,0.08571428571428572,0.015384615384615385,0.046153846153846156,0.14945054945054945,226.0,0.5036927621861153,0.5772006067611927,0.23931558878909803,455.0,0.317766497461929,142.0,1202.0,0.16802067946824226,0.22210896187022905,0.2066006600660066,1515.0,0.5594534711964549,0.6879120879120879,1051.0,0.12307692307692308,0.017582417582417582,0.0989010989010989,0.24175824175824176,313.0
0.912850812407681,0.5089584145730043,0.160249497092644,232.0,0.04065040650406505,227.0,9.0,0.08567208271787297,0.12642924982160247,0.35714285714285715,14.0,0.0051698670605613,0.021551724137931036,2467.0,0.1853448275862069,0.03879310344827586,0.10344827586206896,0.15948275862068967,5.0,232,cortical_pca_64,3,2708,0,sustained_2frame,0.9098966026587888,0.5092961394908362,0.15246337937183363,232.0,0.046875,226.0,18.0,0.08567208271787297,0.13162783434261577,0.25,24.0,0.008862629246676515,0.02586206896551724,2458.0,0.1810344827586207,0.03017241379310345,0.1206896551724138,0.15948275862068967,6.0,0.912850812407681,0.510911648376135,0.17865943131029924,232.0,0.04838709677419355,226.0,10.0,0.08567208271787297,0.13358487321738546,0.375,16.0,0.005908419497784343,0.02586206896551724,2466.0,0.1724137931034483,0.04310344827586207,0.11206896551724138,0.16379310344827586,6.0,0.0077366902701285,0.0071556233957829896,0.001512096774193547,0.0019570388747696954,-0.015357923146125177,0.003863963245033325,0.05201762082973098,-0.0036599439633052677,0.9132200886262924,0.5150200545930589,0.12638837829438943,232.0,0.06374501992031872,224.0,11.0,0.08567208271787297,0.12972090997235214,0.42105263157894735,19.0,0.007016248153618907,0.034482758620689655,2465.0,0.17672413793103448,0.04310344827586207,0.1206896551724138,0.15086206896551724,8.0,blocked,True,arousal__future_change_p3s_movement,0.075,0.7248892171344166,0.4784413124617013,0.10491537462592228,232.0,0.10132689987937274,190.0,555.0,0.08567208271787297,0.08156725238765448,0.07035175879396985,597.0,0.22045790251107827,0.1810344827586207,1921.0,0.04741379310344827,0.021551724137931036,0.02586206896551724,0.04310344827586207,42.0,0.6454948301329394,0.5951896830260153,0.1796532427621553,232.0,0.2052980132450331,108.0,852.0,0.08567208271787297,0.13724481718069073,0.12704918032786885,976.0,0.3604135893648449,0.5344827586206896,1624.0,0.1939655172413793,0.03017241379310345,0.11206896551724138,0.1939655172413793,124.0
0.13870094722598106,0.5002686331943074,0.19100423814519887,392.0,0.2340553549939832,3.0,2543.0,0.13261163734776726,0.19692347474408667,0.13267394270122784,2932.0,0.9918809201623816,0.9923469387755102,21.0,0.16071428571428573,0.03571428571428571,0.11479591836734694,0.18877551020408162,389.0,392,cortical_pca_64,,2956,0,local_baseline,0.15832205683355885,0.5040155687860167,0.20017816261431565,392.0,0.2349323493234933,10.0,2478.0,0.13261163734776726,0.2050002142326053,0.13356643356643358,2860.0,0.9675236806495264,0.9744897959183674,86.0,0.18622448979591838,0.03826530612244898,0.13010204081632654,0.20918367346938777,382.0,0.2428958051420839,0.5452040020376325,0.23239252669533234,392.0,0.25100401606425704,17.0,2221.0,0.13261163734776726,0.24550366205249566,0.14445300462249616,2596.0,0.878213802435724,0.9566326530612245,343.0,0.21683673469387754,0.04336734693877551,0.14795918367346939,0.25255102040816324,375.0,0.016948661070273846,0.04858018730840899,0.01607166674076374,0.04050344781989035,0.015315830924183954,0.0533288503121615,0.11738818189312347,0.10276038535245863,0.15087956698240865,0.5051279091980005,0.21352381334561166,392.0,0.2356881851400731,5.0,2505.0,0.13261163734776726,0.19217481174033416,0.1338174273858921,2892.0,0.9783491204330176,0.9872448979591837,59.0,0.15306122448979592,0.03316326530612245,0.10714285714285714,0.18622448979591838,387.0,blocked,True,arousal__future_spike_1_3s,0.05,0.8017591339648173,0.5053885828902545,0.1779151943863055,392.0,0.12012012012012012,352.0,234.0,0.13261163734776726,0.12811548015937219,0.145985401459854,274.0,0.09269282814614344,0.10204081632653061,2330.0,0.1096938775510204,0.002551020408163265,0.04336734693877551,0.14285714285714285,40.0,0.6525710419485792,0.5371649049635455,0.25135544917862906,392.0,0.22490566037735846,243.0,784.0,0.13261163734776726,0.14274327670003703,0.15969989281886388,933.0,0.31562922868741544,0.38010204081632654,1780.0,0.07908163265306123,0.0,0.04336734693877551,0.10204081632653061,149.0
0.08085250338294993,0.49799673303493336,0.1386223696085902,228.0,0.1426317450299779,2.0,2715.0,0.07713125845737483,0.11514677325127667,0.0768446106766406,2941.0,0.9949255751014885,0.9912280701754386,13.0,0.13596491228070176,0.039473684210526314,0.08771929824561403,0.11403508771929824,226.0,228,cortical_pca_64,,2956,0,local_baseline,0.08694181326116374,0.49526675927355046,0.15602059782407837,228.0,0.14181240063593004,5.0,2694.0,0.07713125845737483,0.11671219591811417,0.07644840589646898,2917.0,0.9868064952638701,0.9780701754385965,34.0,0.13596491228070176,0.03508771929824561,0.10526315789473684,0.12719298245614036,223.0,0.2510148849797023,0.5479851571744611,0.23944583590168605,228.0,0.15625000000000003,23.0,2191.0,0.07713125845737483,0.15752967860337994,0.08555926544240401,2396.0,0.8105548037889039,0.8991228070175439,537.0,0.2149122807017544,0.05701754385964912,0.13157894736842105,0.17543859649122806,205.0,0.013618254970022114,0.04238290535210326,0.014437599364069992,0.04081748268526576,0.011284437520498541,0.03868574936439352,0.08407151066717466,0.05480113327284812,0.11806495263870095,0.5081095333642023,0.17329938355972507,228.0,0.1449655624795015,7.0,2600.0,0.07713125845737483,0.11884392923898641,0.07834101382488479,2821.0,0.9543301759133965,0.9692982456140351,128.0,0.14035087719298245,0.039473684210526314,0.10526315789473684,0.12280701754385964,221.0,blocked,True,arousal__future_spike_1_3s,0.075,0.8893775372124493,0.49190332870298914,0.1145239259058014,228.0,0.02967359050445104,223.0,104.0,0.07713125845737483,0.07345816793620527,0.045871559633027525,109.0,0.03687415426251692,0.021929824561403508,2624.0,0.12719298245614036,0.0,0.043859649122807015,0.08771929824561403,5.0,0.7144790257104194,0.5840471780624582,0.175946024782087,228.0,0.18846153846153846,130.0,714.0,0.07713125845737483,0.10272854533053181,0.1206896551724138,812.0,0.2746955345060893,0.4298245614035088,2014.0,0.14035087719298245,0.021929824561403508,0.07894736842105263,0.10526315789473684,98.0
0.7596011816838996,0.5253096747681109,0.24293227028555497,668.0,0.11428571428571428,626.0,25.0,0.2466765140324963,0.3375655719523798,0.6268656716417911,67.0,0.024741506646971934,0.06287425149700598,2015.0,0.17365269461077845,0.02694610778443114,0.10329341317365269,0.31736526946107785,42.0,668,cortical_pca_64,3,2708,0,local_baseline,0.7559084194977843,0.5168178349183985,0.24234938139189452,668.0,0.08321775312066575,638.0,23.0,0.2466765140324963,0.3239423190543473,0.5660377358490566,53.0,0.019571639586410634,0.04491017964071856,2017.0,0.16467065868263472,0.02694610778443114,0.09431137724550898,0.2949101796407186,30.0,0.7573855243722304,0.5444786896794646,0.2633961838689926,668.0,0.20170109356014582,585.0,72.0,0.2466765140324963,0.38581406501614784,0.535483870967742,155.0,0.05723781388478582,0.12425149700598802,1968.0,0.18263473053892215,0.03143712574850299,0.1122754491017964,0.38323353293413176,83.0,0.08741537927443153,0.04824849306376805,0.11848334043948007,0.06187174596180056,0.10738764002339131,0.05016568191632881,0.11175760708315935,0.04527989970236562,0.7588626292466765,0.5207922390513091,0.26508240152434476,668.0,0.09431345353675451,634.0,19.0,0.2466765140324963,0.33564838309981904,0.6415094339622641,53.0,0.019571639586410634,0.05089820359281437,2021.0,0.16467065868263472,0.02694610778443114,0.09580838323353294,0.3248502994011976,34.0,blocked,True,arousal__future_change_p3s_movement,0.05,0.24741506646971936,0.4989799812140425,0.21794876539552183,668.0,0.3948931116389549,3.0,2035.0,0.2466765140324963,0.2740564579329885,0.2462962962962963,2700.0,0.9970457902511078,0.9955089820359282,5.0,0.1317365269461078,0.01347305389221557,0.06736526946107785,0.2634730538922156,665.0,0.46454948301329396,0.5816822237877186,0.26197777541834466,668.0,0.42823343848580436,125.0,1325.0,0.2466765140324963,0.3405341653137822,0.2906852248394004,1868.0,0.689807976366322,0.812874251497006,715.0,0.1601796407185629,0.017964071856287425,0.08832335329341318,0.33682634730538924,543.0
0.4911373707533235,0.5979136196232533,0.16910912965865874,363.0,0.28154327424400416,93.0,1285.0,0.13404726735598227,0.27288642023704773,0.17363344051446947,1555.0,0.5742245199409158,0.743801652892562,1060.0,0.26721763085399447,0.046831955922865015,0.15426997245179064,0.2975206611570248,270.0,363,cortical_pca_64,3,2708,0,local_baseline,0.611890694239291,0.6140836549249032,0.17800144515357305,363.0,0.29886591060707135,139.0,912.0,0.13404726735598227,0.2743743023110372,0.19718309859154928,1136.0,0.4194977843426883,0.6170798898071626,1433.0,0.26170798898071623,0.0440771349862259,0.162534435261708,0.3002754820936639,224.0,0.6488183161004432,0.612121799503075,0.1860216878797707,363.0,0.30022075055187636,159.0,792.0,0.13404726735598227,0.2852639343855053,0.20481927710843373,996.0,0.36779911373707536,0.5619834710743802,1553.0,0.256198347107438,0.05234159779614325,0.17079889807162535,0.3002754820936639,204.0,0.0186774763078722,0.012377514148457558,0.0013548399448050086,0.01088963207446808,-0.010124077034330548,0.007339885405201363,0.11553655449102562,0.05966102138275359,0.7193500738552437,0.6144284480783802,0.2253638708498789,363.0,0.3103448275862069,192.0,568.0,0.13404726735598227,0.27792404898030393,0.2313937753721245,739.0,0.2728951255539143,0.47107438016528924,1777.0,0.27548209366391185,0.04132231404958678,0.15977961432506887,0.3085399449035813,171.0,blocked,True,arousal__future_change_p3s_movement,0.075,0.5406203840472673,0.5135585355395396,0.1416798783796075,363.0,0.2176100628930818,190.0,1054.0,0.13404726735598227,0.16972737989447967,0.14099429502852487,1227.0,0.4531019202363368,0.4765840220385675,1291.0,0.1349862258953168,0.03305785123966942,0.0881542699724518,0.1652892561983471,173.0,0.6432791728212703,0.5914606424782816,0.25744130812307675,363.0,0.28125000000000006,174.0,792.0,0.13404726735598227,0.2256029130027517,0.1926605504587156,981.0,0.36225997045790254,0.5206611570247934,1553.0,0.21212121212121213,0.030303030303030304,0.12947658402203857,0.2727272727272727,189.0
0.13870094722598106,0.5002686331943074,0.19100423814519887,392.0,0.2340553549939832,3.0,2543.0,0.13261163734776726,0.19692347474408667,0.13267394270122784,2932.0,0.9918809201623816,0.9923469387755102,21.0,0.16071428571428573,0.03571428571428571,0.11479591836734694,0.18877551020408162,389.0,392,cortical_pca_64,,2956,0,volatility_normalized,0.15629228687415425,0.5071675315992231,0.2060830377639436,392.0,0.23637477036129823,6.0,2488.0,0.13261163734776726,0.1998594363241351,0.13430758524704245,2874.0,0.9722598105548038,0.9846938775510204,76.0,0.15816326530612246,0.03571428571428571,0.11734693877551021,0.19642857142857142,386.0,0.2428958051420839,0.5452040020376325,0.23239252669533234,392.0,0.25100401606425704,17.0,2221.0,0.13261163734776726,0.24550366205249566,0.14445300462249616,2596.0,0.878213802435724,0.9566326530612245,343.0,0.21683673469387754,0.04336734693877551,0.14795918367346939,0.25255102040816324,375.0,0.016948661070273846,0.04858018730840899,0.014629245702958815,0.04564422572836055,0.01680774875540697,0.04830926157861484,0.11738818189312347,0.10276038535245863,0.13937753721244925,0.5006586487949314,0.20006088528574673,392.0,0.23419626730885007,3.0,2541.0,0.13261163734776726,0.19719440047388082,0.13276450511945392,2930.0,0.9912043301759134,0.9923469387755102,23.0,0.16326530612244897,0.03826530612244898,0.11224489795918367,0.1913265306122449,389.0,blocked,True,arousal__future_spike_1_3s,0.05,0.8017591339648173,0.5053885828902545,0.1779151943863055,392.0,0.12012012012012012,352.0,234.0,0.13261163734776726,0.12811548015937219,0.145985401459854,274.0,0.09269282814614344,0.10204081632653061,2330.0,0.1096938775510204,0.002551020408163265,0.04336734693877551,0.14285714285714285,40.0,0.6525710419485792,0.5371649049635455,0.25135544917862906,392.0,0.22490566037735846,243.0,784.0,0.13261163734776726,0.14274327670003703,0.15969989281886388,933.0,0.31562922868741544,0.38010204081632654,1780.0,0.07908163265306123,0.0,0.04336734693877551,0.10204081632653061,149.0
0.08085250338294993,0.49799673303493336,0.1386223696085902,228.0,0.1426317450299779,2.0,2715.0,0.07713125845737483,0.11514677325127667,0.0768446106766406,2941.0,0.9949255751014885,0.9912280701754386,13.0,0.13596491228070176,0.039473684210526314,0.08771929824561403,0.11403508771929824,226.0,228,cortical_pca_64,,2956,0,volatility_normalized,0.09066305818673884,0.4992925863044708,0.14912221119426652,228.0,0.14285714285714288,4.0,2684.0,0.07713125845737483,0.11541170104185193,0.07702888583218707,2908.0,0.9837618403247632,0.9824561403508771,44.0,0.14035087719298245,0.03508771929824561,0.10087719298245613,0.11403508771929824,224.0,0.2510148849797023,0.5479851571744611,0.23944583590168605,228.0,0.15625000000000003,23.0,2191.0,0.07713125845737483,0.15752967860337994,0.08555926544240401,2396.0,0.8105548037889039,0.8991228070175439,537.0,0.2149122807017544,0.05701754385964912,0.13157894736842105,0.17543859649122806,205.0,0.013618254970022114,0.04238290535210326,0.01339285714285715,0.042117977561528006,0.012798190842139012,0.037879995614676365,0.08407151066717466,0.05480113327284812,0.09506089309878214,0.501675284251685,0.14279671679693462,228.0,0.14345180915786102,4.0,2671.0,0.07713125845737483,0.11964968298870357,0.0773747841105354,2895.0,0.9793640054127198,0.9824561403508771,57.0,0.14912280701754385,0.03508771929824561,0.09210526315789473,0.12280701754385964,224.0,blocked,True,arousal__future_spike_1_3s,0.075,0.8893775372124493,0.49190332870298914,0.1145239259058014,228.0,0.02967359050445104,223.0,104.0,0.07713125845737483,0.07345816793620527,0.045871559633027525,109.0,0.03687415426251692,0.021929824561403508,2624.0,0.12719298245614036,0.0,0.043859649122807015,0.08771929824561403,5.0,0.7144790257104194,0.5840471780624582,0.175946024782087,228.0,0.18846153846153846,130.0,714.0,0.07713125845737483,0.10272854533053181,0.1206896551724138,812.0,0.2746955345060893,0.4298245614035088,2014.0,0.14035087719298245,0.021929824561403508,0.07894736842105263,0.10526315789473684,98.0
0.7596011816838996,0.5253096747681109,0.24293227028555497,668.0,0.11428571428571428,626.0,25.0,0.2466765140324963,0.3375655719523798,0.6268656716417911,67.0,0.024741506646971934,0.06287425149700598,2015.0,0.17365269461077845,0.02694610778443114,0.10329341317365269,0.31736526946107785,42.0,668,cortical_pca_64,3,2708,0,volatility_normalized,0.7573855243722304,0.5223288716684279,0.2509911210622186,668.0,0.10612244897959183,629.0,28.0,0.2466765140324963,0.3317670765153219,0.582089552238806,67.0,0.024741506646971934,0.058383233532934134,2012.0,0.1631736526946108,0.02694610778443114,0.10179640718562874,0.3158682634730539,39.0,0.7573855243722304,0.5444786896794646,0.2633961838689926,668.0,0.20170109356014582,585.0,72.0,0.2466765140324963,0.38581406501614784,0.535483870967742,155.0,0.05723781388478582,0.12425149700598802,1968.0,0.18263473053892215,0.03143712574850299,0.1122754491017964,0.38323353293413176,83.0,0.08741537927443153,0.04824849306376805,0.09557864458055398,0.054046988500825954,0.10501601068721765,0.05082896296858869,0.11175760708315935,0.04527989970236562,0.758493353028065,0.5210505459668897,0.2459217879165919,668.0,0.09668508287292817,633.0,21.0,0.2466765140324963,0.33498510204755916,0.625,56.0,0.0206794682422452,0.05239520958083832,2019.0,0.16766467065868262,0.02844311377245509,0.09880239520958084,0.3188622754491018,35.0,blocked,True,arousal__future_change_p3s_movement,0.05,0.24741506646971936,0.4989799812140425,0.21794876539552183,668.0,0.3948931116389549,3.0,2035.0,0.2466765140324963,0.2740564579329885,0.2462962962962963,2700.0,0.9970457902511078,0.9955089820359282,5.0,0.1317365269461078,0.01347305389221557,0.06736526946107785,0.2634730538922156,665.0,0.46454948301329396,0.5816822237877186,0.26197777541834466,668.0,0.42823343848580436,125.0,1325.0,0.2466765140324963,0.3405341653137822,0.2906852248394004,1868.0,0.689807976366322,0.812874251497006,715.0,0.1601796407185629,0.017964071856287425,0.08832335329341318,0.33682634730538924,543.0
0.4911373707533235,0.5979136196232533,0.16910912965865874,363.0,0.28154327424400416,93.0,1285.0,0.13404726735598227,0.27288642023704773,0.17363344051446947,1555.0,0.5742245199409158,0.743801652892562,1060.0,0.26721763085399447,0.046831955922865015,0.15426997245179064,0.2975206611570248,270.0,363,cortical_pca_64,3,2708,0,volatility_normalized,0.491506646971935,0.6016194117958026,0.17443888748208428,363.0,0.28393135725429014,90.0,1287.0,0.13404726735598227,0.2729790290142606,0.175,1560.0,0.5760709010339734,0.7520661157024794,1058.0,0.24793388429752067,0.0440771349862259,0.15977961432506887,0.2892561983471074,273.0,0.6488183161004432,0.612121799503075,0.1860216878797707,363.0,0.30022075055187636,159.0,792.0,0.13404726735598227,0.2852639343855053,0.20481927710843373,996.0,0.36779911373707536,0.5619834710743802,1553.0,0.256198347107438,0.05234159779614325,0.17079889807162535,0.3002754820936639,204.0,0.0186774763078722,0.012377514148457558,0.01628939329758622,0.012284905371244714,0.012032748078159572,0.0223591951982387,0.11553655449102562,0.05966102138275359,0.5749630723781388,0.603239410973468,0.2022649203256457,363.0,0.2881880024737168,130.0,1021.0,0.13404726735598227,0.2629047391872666,0.18580542264752792,1254.0,0.4630723781388479,0.6418732782369146,1324.0,0.24793388429752067,0.046831955922865015,0.15151515151515152,0.3002754820936639,233.0,blocked,True,arousal__future_change_p3s_movement,0.075,0.5406203840472673,0.5135585355395396,0.1416798783796075,363.0,0.2176100628930818,190.0,1054.0,0.13404726735598227,0.16972737989447967,0.14099429502852487,1227.0,0.4531019202363368,0.4765840220385675,1291.0,0.1349862258953168,0.03305785123966942,0.0881542699724518,0.1652892561983471,173.0,0.6432791728212703,0.5914606424782816,0.25744130812307675,363.0,0.28125000000000006,174.0,792.0,0.13404726735598227,0.2256029130027517,0.1926605504587156,981.0,0.36225997045790254,0.5206611570247934,1553.0,0.21212121212121213,0.030303030303030304,0.12947658402203857,0.2727272727272727,189.0
0.13870094722598106,0.5002686331943074,0.19100423814519887,392.0,0.2340553549939832,3.0,2543.0,0.13261163734776726,0.19692347474408667,0.13267394270122784,2932.0,0.9918809201623816,0.9923469387755102,21.0,0.16071428571428573,0.03571428571428571,0.11479591836734694,0.18877551020408162,389.0,392,cortical_pca64_delta,,2956,0,simple_threshold,0.2689445196211096,0.5288850329523385,0.2459593881310261,392.0,0.24255169996494919,46.0,2115.0,0.13261163734776726,0.21287587656249315,0.14059325477448192,2461.0,0.8325439783491204,0.8826530612244898,449.0,0.1836734693877551,0.03826530612244898,0.11989795918367346,0.22704081632653061,346.0,0.36705006765899867,0.5811152854277437,0.3033525534015416,392.0,0.2677103718199609,50.0,1821.0,0.13261163734776726,0.2535945140320483,0.15811373092926492,2163.0,0.7317320703653586,0.8724489795918368,743.0,0.24489795918367346,0.04081632653061224,0.1556122448979592,0.288265306122449,342.0,0.033655016825977685,0.05667103928796163,0.025158671855011694,0.04071863746955515,0.033325708863869374,0.07323646126691544,0.12547903387267612,0.11085123733201127,0.16238159675236807,0.503114155178452,0.24110246482188533,392.0,0.2343846629560915,13.0,2463.0,0.13261163734776726,0.18035805276513286,0.13335679099225897,2842.0,0.9614343707713126,0.9668367346938775,101.0,0.15306122448979592,0.030612244897959183,0.10204081632653061,0.1760204081632653,379.0,blocked,True,arousal__future_spike_1_3s,0.05,0.8017591339648173,0.5053885828902545,0.1779151943863055,392.0,0.12012012012012012,352.0,234.0,0.13261163734776726,0.12811548015937219,0.145985401459854,274.0,0.09269282814614344,0.10204081632653061,2330.0,0.1096938775510204,0.002551020408163265,0.04336734693877551,0.14285714285714285,40.0,0.6525710419485792,0.5371649049635455,0.25135544917862906,392.0,0.22490566037735846,243.0,784.0,0.13261163734776726,0.14274327670003703,0.15969989281886388,933.0,0.31562922868741544,0.38010204081632654,1780.0,0.07908163265306123,0.0,0.04336734693877551,0.10204081632653061,149.0
0.08085250338294993,0.49799673303493336,0.1386223696085902,228.0,0.1426317450299779,2.0,2715.0,0.07713125845737483,0.11514677325127667,0.0768446106766406,2941.0,0.9949255751014885,0.9912280701754386,13.0,0.13596491228070176,0.039473684210526314,0.08771929824561403,0.11403508771929824,226.0,228,cortical_pca64_delta,,2956,0,simple_threshold,0.16644113667117727,0.5282901167875701,0.20516675345595653,228.0,0.1503448275862069,10.0,2454.0,0.07713125845737483,0.1168035643338283,0.0815868263473054,2672.0,0.9039242219215156,0.956140350877193,274.0,0.16666666666666666,0.03508771929824561,0.10087719298245613,0.12719298245614036,218.0,0.34100135317997293,0.5806612388743119,0.24802345999377337,228.0,0.16823228010247654,31.0,1917.0,0.07713125845737483,0.16139440204096872,0.09318826868495743,2114.0,0.7151556156968877,0.8640350877192983,811.0,0.2324561403508772,0.05263157894736842,0.14035087719298245,0.18859649122807018,197.0,0.025600535072498626,0.04624762878969205,0.017887452516269636,0.044590837707140424,0.020927291819918786,0.050524965248002984,0.08793623410476345,0.058665856710436906,0.13836265223274696,0.5170969028142203,0.1956706887714106,228.0,0.14730498828255775,8.0,2539.0,0.07713125845737483,0.11086943679296574,0.07973903588256614,2759.0,0.9333558863328822,0.9649122807017544,189.0,0.14473684210526316,0.03070175438596491,0.07894736842105263,0.11403508771929824,220.0,blocked,True,arousal__future_spike_1_3s,0.075,0.8893775372124493,0.49190332870298914,0.1145239259058014,228.0,0.02967359050445104,223.0,104.0,0.07713125845737483,0.07345816793620527,0.045871559633027525,109.0,0.03687415426251692,0.021929824561403508,2624.0,0.12719298245614036,0.0,0.043859649122807015,0.08771929824561403,5.0,0.7144790257104194,0.5840471780624582,0.175946024782087,228.0,0.18846153846153846,130.0,714.0,0.07713125845737483,0.10272854533053181,0.1206896551724138,812.0,0.2746955345060893,0.4298245614035088,2014.0,0.14035087719298245,0.021929824561403508,0.07894736842105263,0.10526315789473684,98.0
0.7596011816838996,0.5253096747681109,0.24293227028555497,668.0,0.11428571428571428,626.0,25.0,0.2466765140324963,0.3375655719523798,0.6268656716417911,67.0,0.024741506646971934,0.06287425149700598,2015.0,0.17365269461077845,0.02694610778443114,0.10329341317365269,0.31736526946107785,42.0,668,cortical_pca64_delta,3,2708,0,simple_threshold,0.7555391432791728,0.5271442409299049,0.26893424080623846,668.0,0.1335078534031414,617.0,45.0,0.2466765140324963,0.3264631752295373,0.53125,96.0,0.03545051698670606,0.07634730538922156,1995.0,0.15269461077844312,0.03143712574850299,0.09431137724550898,0.312874251497006,51.0,0.7112259970457903,0.5802908888106141,0.28750771909005113,668.0,0.3547854785478548,453.0,329.0,0.2466765140324963,0.3762385240677223,0.3952205882352941,544.0,0.20088626292466766,0.3218562874251497,1711.0,0.19461077844311378,0.029940119760479042,0.10778443113772455,0.3652694610778443,215.0,0.24049976426214054,0.038672952115342496,0.2212776251447134,0.04977534883818502,0.16919329295566923,0.03866323941219052,0.1021820661347338,0.03570435875394007,0.7536927621861153,0.5385038746037337,0.2706344116961176,668.0,0.18559218559218557,592.0,75.0,0.2466765140324963,0.33757528465553177,0.5033112582781457,151.0,0.055760709010339735,0.11377245508982035,1965.0,0.17065868263473055,0.020958083832335328,0.1062874251497006,0.3338323353293413,76.0,blocked,True,arousal__future_change_p3s_movement,0.05,0.24741506646971936,0.4989799812140425,0.21794876539552183,668.0,0.3948931116389549,3.0,2035.0,0.2466765140324963,0.2740564579329885,0.2462962962962963,2700.0,0.9970457902511078,0.9955089820359282,5.0,0.1317365269461078,0.01347305389221557,0.06736526946107785,0.2634730538922156,665.0,0.46454948301329396,0.5816822237877186,0.26197777541834466,668.0,0.42823343848580436,125.0,1325.0,0.2466765140324963,0.3405341653137822,0.2906852248394004,1868.0,0.689807976366322,0.812874251497006,715.0,0.1601796407185629,0.017964071856287425,0.08832335329341318,0.33682634730538924,543.0
0.4911373707533235,0.5979136196232533,0.16910912965865874,363.0,0.28154327424400416,93.0,1285.0,0.13404726735598227,0.27288642023704773,0.17363344051446947,1555.0,0.5742245199409158,0.743801652892562,1060.0,0.26721763085399447,0.046831955922865015,0.15426997245179064,0.2975206611570248,270.0,363,cortical_pca64_delta,3,2708,0,simple_threshold,0.707533234859675,0.5947993209865665,0.24522809456069464,363.0,0.28776978417266186,203.0,589.0,0.13404726735598227,0.2401859103833744,0.2136181575433912,749.0,0.2765878877400295,0.44077134986225897,1756.0,0.2231404958677686,0.03305785123966942,0.1349862258953168,0.2837465564738292,160.0,0.6602658788774003,0.5838058820419744,0.2389917881865592,363.0,0.2744479495268139,189.0,731.0,0.13404726735598227,0.250297780771678,0.19226519337016573,905.0,0.3341949778434269,0.4793388429752066,1614.0,0.23415977961432508,0.04132231404958678,0.162534435261708,0.2727272727272727,174.0,-0.007095324717190266,-0.02258863946536971,-0.013321834645847963,0.010111870388303634,-0.02565482539610492,-0.0039739503352463346,0.08057040087719836,0.02469486776892632,0.7485228951255539,0.6021680264556791,0.22152030654267058,363.0,0.3001027749229188,217.0,464.0,0.13404726735598227,0.25427173110692436,0.23934426229508196,610.0,0.22525849335302806,0.4022038567493113,1881.0,0.22589531680440772,0.049586776859504134,0.14049586776859505,0.2837465564738292,146.0,blocked,False,arousal__future_change_p3s_movement,0.075,0.5406203840472673,0.5135585355395396,0.1416798783796075,363.0,0.2176100628930818,190.0,1054.0,0.13404726735598227,0.16972737989447967,0.14099429502852487,1227.0,0.4531019202363368,0.4765840220385675,1291.0,0.1349862258953168,0.03305785123966942,0.0881542699724518,0.1652892561983471,173.0,0.6432791728212703,0.5914606424782816,0.25744130812307675,363.0,0.28125000000000006,174.0,792.0,0.13404726735598227,0.2256029130027517,0.1926605504587156,981.0,0.36225997045790254,0.5206611570247934,1553.0,0.21212121212121213,0.030303030303030304,0.12947658402203857,0.2727272727272727,189.0
0.4912043301759134,0.4813286611789587,0.08922377246007727,119.0,0.06930693069306931,63.0,1441.0,0.040257104194857916,0.03879985318196412,0.03740814963259853,1497.0,0.5064276048714479,0.47058823529411764,1396.0,0.07563025210084033,0.01680672268907563,0.03361344537815126,0.025210084033613446,56.0,119,cortical_pca64_delta,,2956,0,rising_edge,0.7949932341001353,0.4785769083805535,0.161611002336449,119.0,0.050156739811912224,103.0,503.0,0.040257104194857916,0.03660783993010208,0.030828516377649325,519.0,0.17557510148849798,0.13445378151260504,2334.0,0.08403361344537816,0.0,0.025210084033613446,0.01680672268907563,16.0,0.9336941813261164,0.49850564124133967,0.14299507266833392,119.0,0.029702970297029705,116.0,80.0,0.040257104194857916,0.05942480593828746,0.03614457831325301,83.0,0.02807848443843031,0.025210084033613446,2757.0,0.18487394957983194,0.008403361344537815,0.09243697478991597,0.07563025210084033,3.0,-0.03960396039603961,0.02062495275632334,-0.02045376951488252,0.022816966008185377,-0.02224508165102224,0.011977786192035121,0.024480922320290796,0.01505575807549673,0.9259133964817321,0.5065283780061196,0.15890190806056517,119.0,0.051948051948051945,113.0,106.0,0.040257104194857916,0.04744701974625234,0.05357142857142857,112.0,0.037889039242219216,0.05042016806722689,2731.0,0.15966386554621848,0.01680672268907563,0.058823529411764705,0.05042016806722689,6.0,blocked,True,arousal__future_spike_1_3s,0.05,0.959742895805142,0.5,0.11199851140796091,119.0,,119.0,0.0,0.040257104194857916,0.03494388361799666,,0.0,0.0,0.0,2837.0,0.008403361344537815,0.0,0.008403361344537815,0.008403361344537815,0.0,0.8237483085250338,0.5016083980296383,0.10252465901185923,119.0,0.06463195691202872,101.0,420.0,0.040257104194857916,0.04436904786279073,0.0410958904109589,438.0,0.14817320703653586,0.15126050420168066,2417.0,0.10084033613445378,0.01680672268907563,0.05042016806722689,0.05042016806722689,18.0
0.15155615696887687,0.5032162726008345,0.11752798714705648,80.0,0.052870090634441085,10.0,2498.0,0.02706359945872801,0.02530150709475711,0.027258566978193146,2568.0,0.8687415426251691,0.875,378.0,0.0375,0.0,0.025,0.0125,70.0,80,cortical_pca64_delta,,2956,0,rising_edge,0.2422192151556157,0.5011995827538248,0.12827348160314284,80.0,0.05245346869712352,18.0,2222.0,0.02706359945872801,0.024940612292744836,0.02714535901926445,2284.0,0.7726657645466847,0.775,654.0,0.05,0.0,0.025,0.0125,62.0,0.3332205683355886,0.5358136300417247,0.11200544110984044,80.0,0.05738880918220947,20.0,1951.0,0.02706359945872801,0.03452323693771772,0.029835902536051714,2011.0,0.6803112313937754,0.75,925.0,0.1875,0.025,0.0875,0.05,60.0,0.004518718547768384,0.009221729842960612,0.004935340485085947,0.009582624644972886,0.0032055422499385547,0.006789433910409828,0.010737078365210803,0.004765913846056031,0.19688768606224627,0.5143602225312934,0.11388879482809426,80.0,0.054183266932270914,12.0,2362.0,0.02706359945872801,0.027733803027307893,0.027983539094650206,2430.0,0.8220568335588633,0.85,514.0,0.0625,0.0125,0.05,0.025,68.0,blocked,True,arousal__future_spike_1_3s,0.075,0.972936400541272,0.5,0.10097744760599661,80.0,,80.0,0.0,0.02706359945872801,0.02378615857250692,,0.0,0.0,0.0,2876.0,0.0125,0.0,0.0,0.0,0.0,0.9140730717185386,0.49405424200278164,0.09932858750389313,80.0,0.03053435114503817,76.0,178.0,0.02706359945872801,0.02975732309166169,0.02197802197802198,182.0,0.061569688768606225,0.05,2698.0,0.1375,0.0125,0.05,0.025,4.0
0.3999261447562777,0.48755821502159247,0.16335760842680813,213.0,0.1342567927543953,87.0,1538.0,0.07865583456425407,0.0756489590208982,0.07572115384615384,1664.0,0.6144756277695717,0.5915492957746479,957.0,0.09859154929577464,0.014084507042253521,0.03755868544600939,0.07511737089201878,126.0,213,cortical_pca64_delta,3,2708,0,rising_edge,0.37259970457902514,0.4727285557029552,0.15048874888039426,213.0,0.1291645310097386,87.0,1612.0,0.07865583456425407,0.07549952794891199,0.07249712313003452,1738.0,0.6418020679468243,0.5915492957746479,883.0,0.09859154929577464,0.009389671361502348,0.046948356807511735,0.06572769953051644,126.0,0.6100443131462334,0.5006764703115151,0.1438290411091446,213.0,0.13014827018121913,134.0,922.0,0.07865583456425407,0.08042301691615628,0.07892107892107893,1001.0,0.3696454948301329,0.37089201877934275,1573.0,0.11737089201877934,0.0,0.04225352112676056,0.07981220657276995,79.0,-0.0041085225731761765,0.004774057895258074,0.0009837391714805355,0.004923488967244288,-0.006148026115077143,0.008634228485406917,-0.00028755482607183136,-0.02224024747251792,0.35413589364844905,0.4884727200880635,0.15980284011754436,213.0,0.13629629629629628,75.0,1674.0,0.07865583456425407,0.07178878843074936,0.076158940397351,1812.0,0.6691285081240768,0.647887323943662,821.0,0.06572769953051644,0.0,0.03286384976525822,0.056338028169014086,138.0,blocked,True,arousal__future_change_p3s_movement,0.05,0.9213441654357459,0.5,0.17727317501587098,213.0,,213.0,0.0,0.07865583456425407,0.08071057174222811,,0.0,0.0,0.0,2495.0,0.107981220657277,0.018779342723004695,0.056338028169014086,0.07981220657276995,0.0,0.6333087149187593,0.5777122319756884,0.13316209064620152,213.0,0.18001651527663087,104.0,889.0,0.07865583456425407,0.1026632643886742,0.1092184368737475,998.0,0.3685376661742984,0.5117370892018779,1606.0,0.13615023474178403,0.018779342723004695,0.06103286384976526,0.10328638497652583,109.0
0.0775480059084195,0.4899685118206566,0.12843727909970765,131.0,0.09031318281136198,7.0,2491.0,0.0483751846381093,0.05094864950861147,0.047418738049713194,2615.0,0.9656573116691285,0.9465648854961832,86.0,0.10687022900763359,0.015267175572519083,0.04580152671755725,0.04580152671755725,124.0,131,cortical_pca64_delta,3,2708,0,rising_edge,0.24963072378138848,0.5115510964580983,0.15038438554488087,131.0,0.09366636931311328,26.0,2006.0,0.0483751846381093,0.05086830752024139,0.04973945997157745,2111.0,0.7795420974889217,0.8015267175572519,571.0,0.09923664122137404,0.015267175572519083,0.061068702290076333,0.05343511450381679,105.0,0.30465288035450516,0.500610213071001,0.14593978526565932,131.0,0.0907774022211492,37.0,1846.0,0.0483751846381093,0.05480980253452181,0.04845360824742268,1940.0,0.7163958641063516,0.7175572519083969,731.0,0.13740458015267176,0.007633587786259542,0.0916030534351145,0.0916030534351145,94.0,0.00046421940978721987,0.0038611530259103424,-0.0028889670919640814,0.00394149501428042,-0.0018082206618015018,0.004925524224855461,0.003002668033825366,-0.01791166523530712,0.10967503692762186,0.5032258351180585,0.1264665291006136,131.0,0.0925856228829507,8.0,2403.0,0.0483751846381093,0.04988427830966635,0.048693586698337295,2526.0,0.9327917282127031,0.9389312977099237,174.0,0.09923664122137404,0.007633587786259542,0.061068702290076333,0.061068702290076333,123.0,blocked,True,arousal__future_change_p3s_movement,0.075,0.9516248153618907,0.5,0.14435009229895843,131.0,,131.0,0.0,0.0483751846381093,0.05180713450069645,,0.0,0.0,0.0,2577.0,0.13740458015267176,0.007633587786259542,0.05343511450381679,0.03816793893129771,0.0,0.8253323485967504,0.5640634858569791,0.11885737648268035,131.0,0.13211009174311927,95.0,378.0,0.0483751846381093,0.07272146776982893,0.08695652173913043,414.0,0.15288035450516987,0.2748091603053435,2199.0,0.19083969465648856,0.015267175572519083,0.10687022900763359,0.10687022900763359,36.0
0.13261163734776726,0.5,0.16871452813136847,392.0,0.23416965352449226,0.0,2564.0,0.13261163734776726,0.1474357677238412,0.13261163734776726,2956.0,1.0,1.0,0.0,0.09183673469387756,0.012755102040816327,0.0663265306122449,0.13010204081632654,392.0,392,cortical_pca64_delta,,2956,0,peak_approach,0.13734776725304465,0.5016496068005986,0.22669491780336865,392.0,0.23469387755102045,1.0,2549.0,0.13261163734776726,0.1453472760111917,0.13299319727891157,2940.0,0.9945872801082544,0.9974489795918368,15.0,0.09948979591836735,0.025510204081632654,0.05612244897959184,0.12755102040816327,391.0,0.15223274695534506,0.5091494476105575,0.2539817056339873,392.0,0.2373706634205721,2.0,2504.0,0.13261163734776726,0.181376609281549,0.13476157567380787,2894.0,0.9790257104194858,0.9948979591836735,60.0,0.15816326530612246,0.025510204081632654,0.09183673469387756,0.1913265306122449,390.0,0.003201009896079826,0.033940841557707796,0.00267678586955164,0.03602933327035729,0.0028175740384485115,0.03988472068539506,0.05927329076230248,0.03655338425271268,0.13667117726657646,0.5012595911999745,0.22060689122974192,392.0,0.23455308938212358,1.0,2551.0,0.13261163734776726,0.14149188859615394,0.13290278721957852,2942.0,0.9952638700947226,0.9974489795918368,13.0,0.08673469387755102,0.012755102040816327,0.05357142857142857,0.12244897959183673,391.0,blocked,True,arousal__future_spike_1_3s,0.05,0.7073748308525034,0.49528200515775733,0.17240126920411325,392.0,0.15774099318403118,311.0,554.0,0.13261163734776726,0.12210331851924652,0.12755905511811025,635.0,0.21481732070365359,0.2066326530612245,2010.0,0.08163265306122448,0.00510204081632653,0.02295918367346939,0.12244897959183673,81.0,0.543978349120433,0.5588465885574199,0.19700710019261164,392.0,0.2519422863485017,165.0,1183.0,0.13261163734776726,0.14482322502883632,0.16099290780141845,1410.0,0.4769959404600812,0.5790816326530612,1381.0,0.07908163265306123,0.002551020408163265,0.04846938775510204,0.11479591836734694,227.0
0.07713125845737483,0.5,0.12695458411994512,228.0,0.14321608040201003,0.0,2728.0,0.07713125845737483,0.08187189964872542,0.07713125845737483,2956.0,1.0,1.0,0.0,0.08771929824561403,0.008771929824561403,0.04824561403508772,0.07456140350877193,228.0,228,cortical_pca64_delta,,2956,0,peak_approach,0.08288227334235454,0.5031158357771262,0.17445557862801458,228.0,0.1439848437006631,0.0,2711.0,0.07713125845737483,0.08144452141438412,0.07757740728138823,2939.0,0.9942489851150202,1.0,17.0,0.07894736842105263,0.008771929824561403,0.043859649122807015,0.06578947368421052,228.0,0.13464140730717186,0.519100169779287,0.23406136683121426,228.0,0.14790139906728847,6.0,2552.0,0.07713125845737483,0.1128429107815275,0.08002883922134102,2774.0,0.9384303112313938,0.9736842105263158,176.0,0.16228070175438597,0.02631578947368421,0.08771929824561403,0.13157894736842105,222.0,0.004685318665278437,0.03097101113280208,0.003916555366625357,0.031398389367143384,0.005225432041289724,0.030370829054279846,0.042685971565887076,0.011429644219800084,0.08525033829499323,0.4983697329834851,0.1905646559236818,228.0,0.14267596702599875,3.0,2701.0,0.07713125845737483,0.08247208172724765,0.07689678742310321,2926.0,0.989851150202977,0.9868421052631579,27.0,0.10526315789473684,0.013157894736842105,0.04824561403508772,0.07456140350877193,225.0,blocked,True,arousal__future_spike_1_3s,0.075,0.7347767253044655,0.49656904357668363,0.09861406128238046,228.0,0.11111111111111112,179.0,605.0,0.07713125845737483,0.07015693921564042,0.07492354740061162,654.0,0.22124492557510148,0.2149122807017544,2123.0,0.08333333333333333,0.008771929824561403,0.013157894736842105,0.04824561403508772,49.0,0.722936400541272,0.5363771415341874,0.16808099487754793,228.0,0.14953271028037382,156.0,663.0,0.07713125845737483,0.10141326656172742,0.09795918367346938,735.0,0.2486468200270636,0.3157894736842105,2065.0,0.12280701754385964,0.008771929824561403,0.06140350877192982,0.10964912280701754,72.0
0.2466765140324963,0.5,0.22585990544977083,668.0,0.3957345971563981,0.0,2040.0,0.2466765140324963,0.3094843685717663,0.2466765140324963,2708.0,1.0,1.0,0.0,0.13922155688622753,0.03143712574850299,0.08682634730538923,0.3068862275449102,668.0,668,cortical_pca64_delta,3,2708,0,peak_approach,0.2588626292466765,0.5055712105201362,0.29036502782166507,668.0,0.39783978397839787,5.0,2002.0,0.2466765140324963,0.30383191814905564,0.24878048780487805,2665.0,0.9841211225997046,0.9925149700598802,38.0,0.14520958083832336,0.023952095808383235,0.08083832335329341,0.2964071856287425,663.0,0.2518463810930576,0.5034313725490196,0.31915884299574254,668.0,0.39738251041046996,0.0,2026.0,0.2466765140324963,0.3058770364054467,0.2479584261321455,2694.0,0.9948301329394387,1.0,14.0,0.14820359281437126,0.023952095808383235,0.08832335329341318,0.28293413173652693,668.0,0.0016479132540718755,-0.003607332166319588,-0.0004572735679279072,0.0020451182563910875,0.0020129645511645644,0.009467826966515325,0.03402579802671424,-0.02897419680485369,0.24778434268833088,0.4997284842080545,0.27984349806283765,668.0,0.3953695458593054,2.0,2035.0,0.2466765140324963,0.2964092094389314,0.2465753424657534,2701.0,0.9974150664697193,0.9970059880239521,5.0,0.1377245508982036,0.019461077844311378,0.07784431137724551,0.2964071856287425,666.0,blocked,False,arousal__future_change_p3s_movement,0.05,0.2466765140324963,0.5,0.22534460733626235,668.0,0.3957345971563981,0.0,2040.0,0.2466765140324963,0.2718512383787325,0.2466765140324963,2708.0,1.0,1.0,0.0,0.11976047904191617,0.017964071856287425,0.0688622754491018,0.2694610778443114,668.0,0.4966765140324963,0.5979717036515205,0.2806696437715146,668.0,0.4388637299300124,135.0,1228.0,0.2466765140324963,0.3348512332103004,0.3026689381033504,1761.0,0.6502954209748892,0.7979041916167665,812.0,0.17065868263473055,0.019461077844311378,0.08083832335329341,0.33682634730538924,533.0
0.13404726735598227,0.5,0.1843401742789716,363.0,0.23640507977857375,0.0,2345.0,0.13404726735598227,0.16300364198743278,0.13404726735598227,2708.0,1.0,1.0,0.0,0.14325068870523416,0.01928374655647383,0.09366391184573003,0.17355371900826447,363.0,363,cortical_pca64_delta,3,2708,0,peak_approach,0.1377400295420975,0.500968005309932,0.23842800729488106,363.0,0.2366786531546257,1.0,2334.0,0.13404726735598227,0.1667995400547205,0.13427299703264095,2696.0,0.9955686853766618,0.9972451790633609,11.0,0.12672176308539945,0.027548209366391185,0.07988980716253444,0.17079889807162535,362.0,0.14217134416543575,0.5023624498522735,0.23803293059649744,363.0,0.23711001642036122,2.0,2321.0,0.13404726735598227,0.17839429814141244,0.13460104399701714,2682.0,0.9903988183161004,0.9944903581267218,24.0,0.15977961432506887,0.027548209366391185,0.09917355371900827,0.18732782369146006,361.0,0.0007049366417874736,0.015390656153979665,0.00043136326573553485,0.011594758086691942,0.0002765195279830768,0.022490198751458745,0.03708751916530151,-0.05586464180070269,0.13847858197932053,0.5013944445423414,0.2406251950681087,363.0,0.23683349689237815,1.0,2332.0,0.13404726735598227,0.1559040993899537,0.13437268002969563,2694.0,0.9948301329394387,0.9972451790633609,13.0,0.13774104683195593,0.008264462809917356,0.08539944903581267,0.18181818181818182,362.0,blocked,True,arousal__future_change_p3s_movement,0.075,0.40251107828655835,0.5176361404312557,0.13263812022233562,363.0,0.23244781783681218,118.0,1500.0,0.13404726735598227,0.14130677897611094,0.14040114613180515,1745.0,0.6443870014771049,0.6749311294765841,845.0,0.10743801652892562,0.0027548209366391185,0.03856749311294766,0.1349862258953168,245.0,0.6107828655834564,0.5889959881818769,0.2268164540072825,363.0,0.27808219178082194,160.0,894.0,0.13404726735598227,0.23425893994211514,0.18505013673655424,1097.0,0.405096011816839,0.559228650137741,1451.0,0.22865013774104684,0.030303030303030304,0.12121212121212122,0.2892561983471074,203.0
0.4150879566982409,0.5774323204438747,0.14604837840860266,273.0,0.19693450998606596,61.0,1668.0,0.09235453315290934,0.15158238574419108,0.1127659574468085,1880.0,0.6359945872801083,0.7765567765567766,1015.0,0.20512820512820512,0.040293040293040296,0.1391941391941392,0.1978021978021978,212.0,273,cortical_pca64_delta,,2956,0,sustained_2frame,0.8386332882273342,0.5722074546152071,0.21459236750751687,273.0,0.21931260229132568,206.0,271.0,0.09235453315290934,0.16225890089800818,0.19822485207100593,338.0,0.11434370771312584,0.2454212454212454,2412.0,0.21978021978021978,0.03296703296703297,0.14285714285714285,0.21611721611721613,67.0,0.8914073071718539,0.5601508070758909,0.28067278072328555,273.0,0.2074074074074074,231.0,90.0,0.09235453315290934,0.2026914973653457,0.3181818181818182,132.0,0.044654939106901215,0.15384615384615385,2593.0,0.27106227106227104,0.04395604395604396,0.1684981684981685,0.2673992673992674,42.0,0.010472897421341443,0.05110911162115461,-0.01190519488391828,0.04043259646733752,0.019853388392714222,0.06288502495984016,0.10964057931984487,0.10383381353816175,0.36400541271989173,0.5575178951995947,0.17900001452229122,273.0,0.18755401901469318,56.0,1824.0,0.09235453315290934,0.13980647240550553,0.1063204311611955,2041.0,0.6904600811907984,0.7948717948717948,859.0,0.17582417582417584,0.040293040293040296,0.10622710622710622,0.16483516483516483,217.0,blocked,True,arousal__future_spike_1_3s,0.05,0.8721244925575101,0.49688378462139177,0.13160611531920727,273.0,0.05025125628140704,263.0,115.0,0.09235453315290934,0.09305091804550082,0.08,125.0,0.042286874154262515,0.03663003663003663,2568.0,0.10989010989010989,0.014652014652014652,0.054945054945054944,0.08791208791208792,10.0,0.6025033829499323,0.5490634970694606,0.1575166412111979,273.0,0.18346073662265464,141.0,1034.0,0.09235453315290934,0.09885768382718395,0.11320754716981132,1166.0,0.3944519621109608,0.4835164835164835,1649.0,0.10256410256410256,0.0,0.029304029304029304,0.0989010989010989,132.0
0.8521650879566982,0.5637512512512513,0.16628479753267203,148.0,0.1414538310412574,112.0,325.0,0.05006765899864682,0.09225014515956509,0.0997229916897507,361.0,0.12212449255751015,0.24324324324324326,2483.0,0.20945945945945946,0.0472972972972973,0.16216216216216217,0.16216216216216217,36.0,148,cortical_pca64_delta,,2956,0,sustained_2frame,0.9336941813261164,0.5426580426580427,0.18760911898083665,148.0,0.14035087719298245,132.0,64.0,0.05006765899864682,0.08671031088978025,0.2,80.0,0.02706359945872801,0.10810810810810811,2744.0,0.19594594594594594,0.05405405405405406,0.12837837837837837,0.12837837837837837,16.0,0.9455345060893099,0.5296883421883422,0.22763085358659357,148.0,0.11049723756906078,138.0,23.0,0.05006765899864682,0.11745514256917033,0.30303030303030304,33.0,0.011163734776725304,0.06756756756756757,2785.0,0.28378378378378377,0.06756756756756757,0.14864864864864866,0.14864864864864866,10.0,-0.030956593472196606,0.025204997409605245,-0.029853639623921666,0.030744831679390086,-0.013880871883675538,0.0365092857178457,0.06507741876495932,0.04979260078024486,0.7618403247631935,0.561012936012936,0.15584348823957075,148.0,0.12437810945273632,98.0,606.0,0.05006765899864682,0.08094585685132463,0.07621951219512195,656.0,0.2219215155615697,0.33783783783783783,2202.0,0.20945945945945946,0.033783783783783786,0.13513513513513514,0.13513513513513514,50.0,blocked,True,arousal__future_spike_1_3s,0.075,0.939106901217862,0.5135038885038885,0.0760377129055457,148.0,0.0625,142.0,38.0,0.05006765899864682,0.05237772380421102,0.13636363636363635,44.0,0.014884979702300407,0.04054054054054054,2770.0,0.08783783783783784,0.033783783783783786,0.04054054054054054,0.04054054054054054,6.0,0.7449255751014885,0.5457091707091708,0.13329510166750586,148.0,0.11294117647058825,100.0,654.0,0.05006765899864682,0.06766254178892547,0.06837606837606838,702.0,0.2374830852503383,0.32432432432432434,2154.0,0.14864864864864866,0.0,0.08783783783783784,0.08783783783783784,48.0
0.8323485967503693,0.509868648883296,0.17483906184614706,455.0,0.04621848739495798,444.0,10.0,0.16802067946824226,0.21592196461926824,0.5238095238095238,21.0,0.00775480059084195,0.024175824175824177,2243.0,0.14285714285714285,0.03076923076923077,0.09010989010989011,0.20659340659340658,11.0,455,cortical_pca64_delta,3,2708,0,sustained_2frame,0.8319793205317577,0.5061388234490765,0.2576392211100025,455.0,0.029850746268656723,448.0,7.0,0.16802067946824226,0.21542712732827698,0.5,14.0,0.0051698670605613,0.015384615384615385,2246.0,0.15164835164835164,0.02197802197802198,0.08571428571428572,0.22637362637362637,7.0,0.8238552437223042,0.513534091297074,0.25641932032074805,455.0,0.0809248554913295,434.0,43.0,0.16802067946824226,0.22257371091920547,0.328125,64.0,0.023633677991137372,0.046153846153846156,2210.0,0.14505494505494507,0.03076923076923077,0.08351648351648351,0.23516483516483516,21.0,0.034706368096371516,0.006651746299937228,0.051074109222672776,0.007146583590928485,0.018813054249093464,0.0019719180669248437,0.04739818316825073,0.00046474904897642055,0.8327178729689808,0.5135984743175156,0.22557090433147434,455.0,0.06211180124223603,440.0,13.0,0.16802067946824226,0.22060179285228063,0.5357142857142857,28.0,0.0103397341211226,0.03296703296703297,2240.0,0.14065934065934066,0.03296703296703297,0.08791208791208792,0.22197802197802197,15.0,blocked,True,arousal__future_change_p3s_movement,0.05,0.5505908419497785,0.529088443735581,0.18056909200190283,455.0,0.2708208508088676,229.0,988.0,0.16802067946824226,0.17517552775095474,0.18616144975288304,1214.0,0.448301329394387,0.4967032967032967,1265.0,0.08571428571428572,0.015384615384615385,0.046153846153846156,0.14945054945054945,226.0,0.5036927621861153,0.5772006067611927,0.23931558878909803,455.0,0.317766497461929,142.0,1202.0,0.16802067946824226,0.22210896187022905,0.2066006600660066,1515.0,0.5594534711964549,0.6879120879120879,1051.0,0.12307692307692308,0.017582417582417582,0.0989010989010989,0.24175824175824176,313.0
0.912850812407681,0.5089584145730043,0.160249497092644,232.0,0.04065040650406505,227.0,9.0,0.08567208271787297,0.12642924982160247,0.35714285714285715,14.0,0.0051698670605613,0.021551724137931036,2467.0,0.1853448275862069,0.03879310344827586,0.10344827586206896,0.15948275862068967,5.0,232,cortical_pca64_delta,3,2708,0,sustained_2frame,0.9121122599704579,0.5046480697454181,0.20468408067722382,232.0,0.02459016393442623,229.0,9.0,0.08567208271787297,0.10482357307139084,0.25,12.0,0.004431314623338257,0.01293103448275862,2467.0,0.14224137931034483,0.021551724137931036,0.08620689655172414,0.11637931034482758,3.0,0.9132200886262924,0.5072071193805359,0.24138432154182238,232.0,0.03292181069958848,228.0,7.0,0.08567208271787297,0.11093656173772411,0.36363636363636365,11.0,0.004062038404726735,0.017241379310344827,2469.0,0.15517241379310345,0.02586206896551724,0.08620689655172414,0.13793103448275862,4.0,-0.0077285958044765665,-0.015492688083878367,0.008331646765162251,0.006112988666333266,-0.006603881000016264,-0.0011738572363742816,0.029369309350069622,-0.026308255442966624,0.9102658788774003,0.5075448442983678,0.1664247951737842,232.0,0.039525691699604744,227.0,16.0,0.08567208271787297,0.11211041897409839,0.23809523809523808,21.0,0.00775480059084195,0.021551724137931036,2460.0,0.14224137931034483,0.03017241379310345,0.09051724137931035,0.12931034482758622,5.0,blocked,False,arousal__future_change_p3s_movement,0.075,0.7248892171344166,0.4784413124617013,0.10491537462592228,232.0,0.10132689987937274,190.0,555.0,0.08567208271787297,0.08156725238765448,0.07035175879396985,597.0,0.22045790251107827,0.1810344827586207,1921.0,0.04741379310344827,0.021551724137931036,0.02586206896551724,0.04310344827586207,42.0,0.6454948301329394,0.5951896830260153,0.1796532427621553,232.0,0.2052980132450331,108.0,852.0,0.08567208271787297,0.13724481718069073,0.12704918032786885,976.0,0.3604135893648449,0.5344827586206896,1624.0,0.1939655172413793,0.03017241379310345,0.11206896551724138,0.1939655172413793,124.0
0.13870094722598106,0.5002686331943074,0.19100423814519887,392.0,0.2340553549939832,3.0,2543.0,0.13261163734776726,0.19692347474408667,0.13267394270122784,2932.0,0.9918809201623816,0.9923469387755102,21.0,0.16071428571428573,0.03571428571428571,0.11479591836734694,0.18877551020408162,389.0,392,cortical_pca64_delta,,2956,0,local_baseline,0.21921515561569688,0.5229094367856346,0.2622653821753454,392.0,0.24128862590401054,25.0,2283.0,0.13261163734776726,0.19618540311081376,0.13849056603773585,2650.0,0.8964817320703654,0.9362244897959183,281.0,0.15816326530612246,0.03826530612244898,0.10714285714285714,0.1913265306122449,367.0,0.36705006765899867,0.5811152854277437,0.3033525534015416,392.0,0.2677103718199609,50.0,1821.0,0.13261163734776726,0.2535945140320483,0.15811373092926492,2163.0,0.7317320703653586,0.8724489795918368,743.0,0.24489795918367346,0.04081632653061224,0.1556122448979592,0.288265306122449,342.0,0.033655016825977685,0.05667103928796163,0.02642174591595034,0.057409110921234546,0.03234376676758871,0.07467843301230856,0.12547903387267612,0.11085123733201127,0.16035182679296348,0.5051856155878889,0.24370855833908175,392.0,0.23536660505237217,10.0,2472.0,0.13261163734776726,0.17891608101973974,0.13384723195515066,2854.0,0.9654939106901218,0.9744897959183674,92.0,0.1377551020408163,0.030612244897959183,0.09948979591836735,0.18112244897959184,382.0,blocked,True,arousal__future_spike_1_3s,0.05,0.8017591339648173,0.5053885828902545,0.1779151943863055,392.0,0.12012012012012012,352.0,234.0,0.13261163734776726,0.12811548015937219,0.145985401459854,274.0,0.09269282814614344,0.10204081632653061,2330.0,0.1096938775510204,0.002551020408163265,0.04336734693877551,0.14285714285714285,40.0,0.6525710419485792,0.5371649049635455,0.25135544917862906,392.0,0.22490566037735846,243.0,784.0,0.13261163734776726,0.14274327670003703,0.15969989281886388,933.0,0.31562922868741544,0.38010204081632654,1780.0,0.07908163265306123,0.0,0.04336734693877551,0.10204081632653061,149.0
0.08085250338294993,0.49799673303493336,0.1386223696085902,228.0,0.1426317450299779,2.0,2715.0,0.07713125845737483,0.11514677325127667,0.0768446106766406,2941.0,0.9949255751014885,0.9912280701754386,13.0,0.13596491228070176,0.039473684210526314,0.08771929824561403,0.11403508771929824,226.0,228,cortical_pca64_delta,,2956,0,local_baseline,0.18369418132611637,0.5175406441323249,0.22425916820296393,228.0,0.14704842700600917,20.0,2393.0,0.07713125845737483,0.1121587321101485,0.07996924259900039,2601.0,0.8799052774018945,0.9122807017543859,335.0,0.15350877192982457,0.03070175438596491,0.09649122807017543,0.12280701754385964,208.0,0.34100135317997293,0.5806612388743119,0.24802345999377337,228.0,0.16823228010247654,31.0,1917.0,0.07713125845737483,0.16139440204096872,0.09318826868495743,2114.0,0.7151556156968877,0.8640350877192983,811.0,0.2324561403508772,0.05263157894736842,0.14035087719298245,0.18859649122807018,197.0,0.025600535072498626,0.04624762878969205,0.021183853096467364,0.04923566993082022,0.018026518785604073,0.046538236346131204,0.08793623410476345,0.058665856710436906,0.16170500676589986,0.5277338323815404,0.18679074993246284,228.0,0.15020576131687247,9.0,2469.0,0.07713125845737483,0.11485616569483752,0.08147321428571429,2688.0,0.9093369418132612,0.9605263157894737,259.0,0.14912280701754385,0.043859649122807015,0.08771929824561403,0.11842105263157894,219.0,blocked,True,arousal__future_spike_1_3s,0.075,0.8893775372124493,0.49190332870298914,0.1145239259058014,228.0,0.02967359050445104,223.0,104.0,0.07713125845737483,0.07345816793620527,0.045871559633027525,109.0,0.03687415426251692,0.021929824561403508,2624.0,0.12719298245614036,0.0,0.043859649122807015,0.08771929824561403,5.0,0.7144790257104194,0.5840471780624582,0.175946024782087,228.0,0.18846153846153846,130.0,714.0,0.07713125845737483,0.10272854533053181,0.1206896551724138,812.0,0.2746955345060893,0.4298245614035088,2014.0,0.14035087719298245,0.021929824561403508,0.07894736842105263,0.10526315789473684,98.0
0.7596011816838996,0.5253096747681109,0.24293227028555497,668.0,0.11428571428571428,626.0,25.0,0.2466765140324963,0.3375655719523798,0.6268656716417911,67.0,0.024741506646971934,0.06287425149700598,2015.0,0.17365269461077845,0.02694610778443114,0.10329341317365269,0.31736526946107785,42.0,668,cortical_pca64_delta,3,2708,0,local_baseline,0.7533234859675036,0.5151021486438887,0.2967588251834858,668.0,0.08241758241758242,638.0,30.0,0.2466765140324963,0.31353651387471243,0.5,60.0,0.022156573116691284,0.04491017964071856,2010.0,0.14520958083832336,0.02694610778443114,0.08233532934131736,0.3068862275449102,30.0,0.7112259970457903,0.5802908888106141,0.28750771909005113,668.0,0.3547854785478548,453.0,329.0,0.2466765140324963,0.3762385240677223,0.3952205882352941,544.0,0.20088626292466766,0.3218562874251497,1711.0,0.19461077844311378,0.029940119760479042,0.10778443113772455,0.3652694610778443,215.0,0.24049976426214054,0.038672952115342496,0.2723678961302724,0.06270201019300986,0.26782895680872437,0.06111870255951457,0.1021820661347338,0.03570435875394007,0.7518463810930576,0.5151285663966185,0.2769025759278952,668.0,0.08695652173913043,636.0,36.0,0.2466765140324963,0.3151198215082077,0.47058823529411764,68.0,0.025110782865583457,0.04790419161676647,2004.0,0.1497005988023952,0.023952095808383235,0.08832335329341318,0.3203592814371258,32.0,blocked,True,arousal__future_change_p3s_movement,0.05,0.24741506646971936,0.4989799812140425,0.21794876539552183,668.0,0.3948931116389549,3.0,2035.0,0.2466765140324963,0.2740564579329885,0.2462962962962963,2700.0,0.9970457902511078,0.9955089820359282,5.0,0.1317365269461078,0.01347305389221557,0.06736526946107785,0.2634730538922156,665.0,0.46454948301329396,0.5816822237877186,0.26197777541834466,668.0,0.42823343848580436,125.0,1325.0,0.2466765140324963,0.3405341653137822,0.2906852248394004,1868.0,0.689807976366322,0.812874251497006,715.0,0.1601796407185629,0.017964071856287425,0.08832335329341318,0.33682634730538924,543.0
0.4911373707533235,0.5979136196232533,0.16910912965865874,363.0,0.28154327424400416,93.0,1285.0,0.13404726735598227,0.27288642023704773,0.17363344051446947,1555.0,0.5742245199409158,0.743801652892562,1060.0,0.26721763085399447,0.046831955922865015,0.15426997245179064,0.2975206611570248,270.0,363,cortical_pca64_delta,3,2708,0,local_baseline,0.6429098966026587,0.5935758045663067,0.2530789387609017,363.0,0.28317272053372866,172.0,795.0,0.13404726735598227,0.2271608616256673,0.19371196754563894,986.0,0.3641063515509601,0.5261707988980716,1550.0,0.2066115702479339,0.0440771349862259,0.11019283746556474,0.256198347107438,191.0,0.6602658788774003,0.5838058820419744,0.2389917881865592,363.0,0.2744479495268139,189.0,731.0,0.13404726735598227,0.250297780771678,0.19226519337016573,905.0,0.3341949778434269,0.4793388429752066,1614.0,0.23415977961432508,0.04132231404958678,0.162534435261708,0.2727272727272727,174.0,-0.007095324717190266,-0.02258863946536971,-0.008724771006914767,0.023136919146010737,-0.01750463936900648,0.002935355538194795,0.08057040087719836,0.02469486776892632,0.5808714918759232,0.6078151156848579,0.1980503288006737,363.0,0.2919525888958204,129.0,1006.0,0.13404726735598227,0.24736242523348323,0.18870967741935485,1240.0,0.45790251107828656,0.6446280991735537,1339.0,0.2369146005509642,0.04132231404958678,0.1349862258953168,0.3002754820936639,234.0,blocked,False,arousal__future_change_p3s_movement,0.075,0.5406203840472673,0.5135585355395396,0.1416798783796075,363.0,0.2176100628930818,190.0,1054.0,0.13404726735598227,0.16972737989447967,0.14099429502852487,1227.0,0.4531019202363368,0.4765840220385675,1291.0,0.1349862258953168,0.03305785123966942,0.0881542699724518,0.1652892561983471,173.0,0.6432791728212703,0.5914606424782816,0.25744130812307675,363.0,0.28125000000000006,174.0,792.0,0.13404726735598227,0.2256029130027517,0.1926605504587156,981.0,0.36225997045790254,0.5206611570247934,1553.0,0.21212121212121213,0.030303030303030304,0.12947658402203857,0.2727272727272727,189.0
0.13870094722598106,0.5002686331943074,0.19100423814519887,392.0,0.2340553549939832,3.0,2543.0,0.13261163734776726,0.19692347474408667,0.13267394270122784,2932.0,0.9918809201623816,0.9923469387755102,21.0,0.16071428571428573,0.03571428571428571,0.11479591836734694,0.18877551020408162,389.0,392,cortical_pca64_delta,,2956,0,volatility_normalized,0.2344384303112314,0.5316847877996752,0.2270387103981371,392.0,0.24491157824491158,25.0,2238.0,0.13261163734776726,0.2003309659569833,0.14088291746641074,2605.0,0.8812584573748309,0.9362244897959183,326.0,0.1683673469387755,0.03826530612244898,0.09948979591836735,0.1989795918367347,367.0,0.36705006765899867,0.5811152854277437,0.3033525534015416,392.0,0.2677103718199609,50.0,1821.0,0.13261163734776726,0.2535945140320483,0.15811373092926492,2163.0,0.7317320703653586,0.8724489795918368,743.0,0.24489795918367346,0.04081632653061224,0.1556122448979592,0.288265306122449,342.0,0.033655016825977685,0.05667103928796163,0.022798793575049298,0.053263548075065004,0.03068282537537409,0.0605632690742354,0.12547903387267612,0.11085123733201127,0.19418132611637348,0.5117203667738546,0.23163737604042284,392.0,0.2370275464445868,22.0,2360.0,0.13261163734776726,0.1930312449578129,0.13553113553113552,2730.0,0.9235453315290933,0.9438775510204082,204.0,0.1683673469387755,0.03316326530612245,0.10204081632653061,0.20408163265306123,370.0,blocked,True,arousal__future_spike_1_3s,0.05,0.8017591339648173,0.5053885828902545,0.1779151943863055,392.0,0.12012012012012012,352.0,234.0,0.13261163734776726,0.12811548015937219,0.145985401459854,274.0,0.09269282814614344,0.10204081632653061,2330.0,0.1096938775510204,0.002551020408163265,0.04336734693877551,0.14285714285714285,40.0,0.6525710419485792,0.5371649049635455,0.25135544917862906,392.0,0.22490566037735846,243.0,784.0,0.13261163734776726,0.14274327670003703,0.15969989281886388,933.0,0.31562922868741544,0.38010204081632654,1780.0,0.07908163265306123,0.0,0.04336734693877551,0.10204081632653061,149.0
0.08085250338294993,0.49799673303493336,0.1386223696085902,228.0,0.1426317450299779,2.0,2715.0,0.07713125845737483,0.11514677325127667,0.0768446106766406,2941.0,0.9949255751014885,0.9912280701754386,13.0,0.13596491228070176,0.039473684210526314,0.08771929824561403,0.11403508771929824,226.0,228,cortical_pca64_delta,,2956,0,volatility_normalized,0.15493910690121787,0.5220584452333179,0.20700113916250187,228.0,0.1486025903203817,10.0,2488.0,0.07713125845737483,0.10895326382055527,0.08056171470805618,2706.0,0.915426251691475,0.956140350877193,240.0,0.12719298245614036,0.03508771929824561,0.07456140350877193,0.10526315789473684,218.0,0.34100135317997293,0.5806612388743119,0.24802345999377337,228.0,0.16823228010247654,31.0,1917.0,0.07713125845737483,0.16139440204096872,0.09318826868495743,2114.0,0.7151556156968877,0.8640350877192983,811.0,0.2324561403508772,0.05263157894736842,0.14035087719298245,0.18859649122807018,197.0,0.025600535072498626,0.04624762878969205,0.01962968978209484,0.05244113822041345,0.018927902769595634,0.051789971329011905,0.08793623410476345,0.058665856710436906,0.15189445196211096,0.5244282811133405,0.20309608031324966,228.0,0.1493043773328809,8.0,2499.0,0.07713125845737483,0.10960443071195682,0.08091210003677823,2719.0,0.9198240866035182,0.9649122807017544,229.0,0.12280701754385964,0.02631578947368421,0.07894736842105263,0.10087719298245613,220.0,blocked,True,arousal__future_spike_1_3s,0.075,0.8893775372124493,0.49190332870298914,0.1145239259058014,228.0,0.02967359050445104,223.0,104.0,0.07713125845737483,0.07345816793620527,0.045871559633027525,109.0,0.03687415426251692,0.021929824561403508,2624.0,0.12719298245614036,0.0,0.043859649122807015,0.08771929824561403,5.0,0.7144790257104194,0.5840471780624582,0.175946024782087,228.0,0.18846153846153846,130.0,714.0,0.07713125845737483,0.10272854533053181,0.1206896551724138,812.0,0.2746955345060893,0.4298245614035088,2014.0,0.14035087719298245,0.021929824561403508,0.07894736842105263,0.10526315789473684,98.0
0.7596011816838996,0.5253096747681109,0.24293227028555497,668.0,0.11428571428571428,626.0,25.0,0.2466765140324963,0.3375655719523798,0.6268656716417911,67.0,0.024741506646971934,0.06287425149700598,2015.0,0.17365269461077845,0.02694610778443114,0.10329341317365269,0.31736526946107785,42.0,668,cortical_pca64_delta,3,2708,0,volatility_normalized,0.7540620384047267,0.5271706586826347,0.2838024307939272,668.0,0.13730569948186527,615.0,51.0,0.2466765140324963,0.33428177453087954,0.5096153846153846,104.0,0.03840472673559823,0.07934131736526946,1989.0,0.15868263473053892,0.02694610778443114,0.09281437125748503,0.3263473053892216,53.0,0.7112259970457903,0.5802908888106141,0.28750771909005113,668.0,0.3547854785478548,453.0,329.0,0.2466765140324963,0.3762385240677223,0.3952205882352941,544.0,0.20088626292466766,0.3218562874251497,1711.0,0.19461077844311378,0.029940119760479042,0.10778443113772455,0.3652694610778443,215.0,0.24049976426214054,0.038672952115342496,0.21747977906598953,0.04195674953684275,0.2697374675739179,0.06459517314141683,0.1021820661347338,0.03570435875394007,0.7536927621861153,0.5158506516379007,0.2762307951585784,668.0,0.0850480109739369,637.0,30.0,0.2466765140324963,0.31164335092630546,0.5081967213114754,61.0,0.022525849335302807,0.04640718562874251,2010.0,0.15269461077844312,0.023952095808383235,0.09431137724550898,0.28892215568862273,31.0,blocked,True,arousal__future_change_p3s_movement,0.05,0.24741506646971936,0.4989799812140425,0.21794876539552183,668.0,0.3948931116389549,3.0,2035.0,0.2466765140324963,0.2740564579329885,0.2462962962962963,2700.0,0.9970457902511078,0.9955089820359282,5.0,0.1317365269461078,0.01347305389221557,0.06736526946107785,0.2634730538922156,665.0,0.46454948301329396,0.5816822237877186,0.26197777541834466,668.0,0.42823343848580436,125.0,1325.0,0.2466765140324963,0.3405341653137822,0.2906852248394004,1868.0,0.689807976366322,0.812874251497006,715.0,0.1601796407185629,0.017964071856287425,0.08832335329341318,0.33682634730538924,543.0
0.4911373707533235,0.5979136196232533,0.16910912965865874,363.0,0.28154327424400416,93.0,1285.0,0.13404726735598227,0.27288642023704773,0.17363344051446947,1555.0,0.5742245199409158,0.743801652892562,1060.0,0.26721763085399447,0.046831955922865015,0.15426997245179064,0.2975206611570248,270.0,363,cortical_pca64_delta,3,2708,0,volatility_normalized,0.6746676514032496,0.5979424013345316,0.22418967352908348,363.0,0.2889426957223567,184.0,697.0,0.13404726735598227,0.251617269605338,0.204337899543379,876.0,0.32348596750369274,0.4931129476584022,1648.0,0.23415977961432508,0.046831955922865015,0.14325068870523416,0.26721763085399447,179.0,0.6602658788774003,0.5838058820419744,0.2389917881865592,363.0,0.2744479495268139,189.0,731.0,0.13404726735598227,0.250297780771678,0.19226519337016573,905.0,0.3341949778434269,0.4793388429752066,1614.0,0.23415977961432508,0.04132231404958678,0.162534435261708,0.2727272727272727,174.0,-0.007095324717190266,-0.02258863946536971,-0.014494746195542807,-0.0013194888336599542,-0.012290401727666378,-0.0005005193469254099,0.08057040087719836,0.02469486776892632,0.6325701624815362,0.5980833729816091,0.2313071884077083,363.0,0.2867383512544803,163.0,832.0,0.13404726735598227,0.25079830011860343,0.1937984496124031,1032.0,0.3810930576070901,0.5509641873278237,1513.0,0.23415977961432508,0.0440771349862259,0.14049586776859505,0.2727272727272727,200.0,blocked,False,arousal__future_change_p3s_movement,0.075,0.5406203840472673,0.5135585355395396,0.1416798783796075,363.0,0.2176100628930818,190.0,1054.0,0.13404726735598227,0.16972737989447967,0.14099429502852487,1227.0,0.4531019202363368,0.4765840220385675,1291.0,0.1349862258953168,0.03305785123966942,0.0881542699724518,0.1652892561983471,173.0,0.6432791728212703,0.5914606424782816,0.25744130812307675,363.0,0.28125000000000006,174.0,792.0,0.13404726735598227,0.2256029130027517,0.1926605504587156,981.0,0.36225997045790254,0.5206611570247934,1553.0,0.21212121212121213,0.030303030303030304,0.12947658402203857,0.2727272727272727,189.0
