actual_positive_rate,aggregation,ar_accuracy,ar_balanced_accuracy,ar_decision_threshold,ar_event_count,ar_f1,ar_fn,ar_fp,ar_positive_class_rate,ar_pr_auc,ar_precision,ar_precision_at_10pct,ar_predicted_positive_count,ar_predicted_positive_rate,ar_recall,ar_recall_at_10pct,ar_roc_auc,ar_tn,ar_top_10pct_recall,ar_top_1pct_recall,ar_top_5pct_recall,ar_top_event_count_recall,ar_tp,arm,context_type,event_count,feature_mode,fold,horizon_seconds,majority_accuracy,majority_balanced_accuracy,majority_decision_threshold,majority_event_count,majority_f1,majority_fn,majority_fp,majority_positive_class_rate,majority_pr_auc,majority_precision,majority_precision_at_10pct,majority_predicted_positive_count,majority_predicted_positive_rate,majority_recall,majority_recall_at_10pct,majority_roc_auc,majority_tn,majority_tp,n_test,n_train,offset_seconds,random_accuracy,random_balanced_accuracy,random_decision_threshold,random_event_count,random_f1,random_fn,random_fp,random_positive_class_rate,random_pr_auc,random_precision,random_precision_at_10pct,random_predicted_positive_count,random_predicted_positive_rate,random_recall,random_recall_at_10pct,random_roc_auc,random_tn,random_top_10pct_recall,random_top_1pct_recall,random_top_5pct_recall,random_top_event_count_recall,random_tp,real_accuracy,real_balanced_accuracy,real_decision_threshold,real_event_count,real_f1,real_fn,real_fp,real_minus_ar,real_minus_random,real_minus_shuffled,real_minus_timestamp,real_minus_video_time,real_positive_class_rate,real_pr_auc,real_precision,real_precision_at_10pct,real_predicted_positive_count,real_predicted_positive_rate,real_recall,real_recall_at_10pct,real_roc_auc,real_tn,real_top_10pct_recall,real_top_1pct_recall,real_top_5pct_recall,real_top_event_count_recall,real_tp,shuffled_accuracy,shuffled_balanced_accuracy,shuffled_decision_threshold,shuffled_event_count,shuffled_f1,shuffled_fn,shuffled_fp,shuffled_positive_class_rate,shuffled_pr_auc,shuffled_precision,shuffled_precision_at_10pct,shuffled_predicted_positive_count,shuffled_predicted_positive_rate,shuffled_recall,shuffled_recall_at_10pct,shuffled_roc_auc,shuffled_tn,shuffled_top_10pct_recall,shuffled_top_1pct_recall,shuffled_top_5pct_recall,shuffled_top_event_count_recall,shuffled_tp,target,threshold,timestamp_accuracy,timestamp_balanced_accuracy,timestamp_decision_threshold,timestamp_event_count,timestamp_f1,timestamp_fn,timestamp_fp,timestamp_positive_class_rate,timestamp_pr_auc,timestamp_precision,timestamp_precision_at_10pct,timestamp_predicted_positive_count,timestamp_predicted_positive_rate,timestamp_recall,timestamp_recall_at_10pct,timestamp_roc_auc,timestamp_tn,timestamp_top_10pct_recall,timestamp_top_1pct_recall,timestamp_top_5pct_recall,timestamp_top_event_count_recall,timestamp_tp,video_time_accuracy,video_time_balanced_accuracy,video_time_decision_threshold,video_time_event_count,video_time_f1,video_time_fn,video_time_fp,video_time_positive_class_rate,video_time_pr_auc,video_time_precision,video_time_precision_at_10pct,video_time_predicted_positive_count,video_time_predicted_positive_rate,video_time_recall,video_time_recall_at_10pct,video_time_roc_auc,video_time_tn,video_time_top_10pct_recall,video_time_top_1pct_recall,video_time_top_5pct_recall,video_time_top_event_count_recall,video_time_tp,window_end_seconds,window_name,window_start_seconds
0.15129903209373408,last,0.8003056546102904,0.6527115896863795,0.20490295804089056,297.0,0.40061162079510704,166.0,226.0,0.15129903209373408,0.37174280955537997,0.36694677871148457,0.49238578680203043,357.0,0.18186449312277128,0.44107744107744107,0.3265993265993266,0.7078669851779096,1440.0,0.3265993265993266,0.04040404040404041,0.1919191919191919,0.3872053872053872,131.0,zero_offset,causal,297,cortical_pca_64,grouped_0,,0.8487009679062659,0.5,,297.0,,297.0,0.0,0.15129903209373408,,,,0.0,0.0,0.0,,,1666.0,0.0,1963,8270,0.0,0.7870606214977076,0.6545921398862575,0.20341753991338468,297.0,0.3976945244956772,159.0,259.0,0.15129903209373408,0.3610226085459319,0.34760705289672544,0.4720812182741117,397.0,0.2022414671421294,0.46464646464646464,0.31313131313131315,0.6913937292088552,1407.0,0.31313131313131315,0.04040404040404041,0.19528619528619529,0.3872053872053872,138.0,0.7875700458481916,0.7074607620826108,0.2130036069847104,297.0,0.4577373211963589,121.0,296.0,0.056288599422776864,0.06700880043222496,0.06899779279787249,0.1863048140626531,0.19264731047316963,0.15129903209373408,0.42803140897815684,0.3728813559322034,0.5076142131979695,472.0,0.24044829342842589,0.5925925925925926,0.3367003367003367,0.768325512022991,1370.0,0.3367003367003367,0.04713804713804714,0.20202020202020202,0.45454545454545453,176.0,0.7656647987773816,0.6475206244113807,0.19546503911719856,297.0,0.38172043010752693,155.0,305.0,0.15129903209373408,0.35903361618028434,0.31767337807606266,0.45685279187817257,447.0,0.22771268466632705,0.4781144781144781,0.30303030303030304,0.7002962801282129,1361.0,0.30303030303030304,0.04040404040404041,0.1919191919191919,0.3771043771043771,142.0,arousal__future_spike_1_3s,0.05,0.37646459500764134,0.49569827931172467,0.1589017060816875,297.0,0.2444444444444444,99.0,1125.0,0.15129903209373408,0.24172659491550375,0.14965986394557823,0.3604060913705584,1323.0,0.67396841569027,0.6666666666666666,0.23905723905723905,0.557998957158621,541.0,0.23905723905723905,0.030303030303030304,0.1414141414141414,0.2760942760942761,198.0,0.761079979623026,0.5839507520179789,0.19984749562235418,297.0,0.2947368421052632,199.0,270.0,0.15129903209373408,0.2353840985049872,0.266304347826087,0.29949238578680204,368.0,0.18746816097809477,0.32996632996632996,0.19865319865319866,0.5961778650854281,1396.0,0.19865319865319866,0.016835016835016835,0.11447811447811448,0.28619528619528617,98.0,0.0,current_only_0s,0.0
0.09067753438614366,last,0.8222109016811003,0.6670553614704309,0.13028026567677814,178.0,0.3275529865125241,93.0,256.0,0.09067753438614366,0.2748710195174407,0.24926686217008798,0.3553299492385787,341.0,0.17371370351502802,0.47752808988764045,0.39325842696629215,0.7154124571176785,1529.0,0.39325842696629215,0.06179775280898876,0.23595505617977527,0.37640449438202245,85.0,zero_offset,causal,178,cortical_pca_64,grouped_0,,0.9093224656138563,0.5,,178.0,,178.0,0.0,0.09067753438614366,,,,0.0,0.0,0.0,,,1785.0,0.0,1963,8270,0.0,0.8471726948548141,0.6630787146319201,0.15187238850211582,178.0,0.34210526315789475,100.0,200.0,0.09067753438614366,0.26846576656538385,0.2805755395683453,0.3350253807106599,278.0,0.14161996943453897,0.43820224719101125,0.3707865168539326,0.7055235577377018,1585.0,0.3707865168539326,0.06179775280898876,0.24719101123595505,0.3539325842696629,78.0,0.8777381558838513,0.6925298209171309,0.20050597330824263,178.0,0.40886699507389157,95.0,145.0,0.05922595641355555,0.0656312093656124,0.06970983647867401,0.1585774235368125,0.1283683192416054,0.09067753438614366,0.33409697593099624,0.36403508771929827,0.38071065989847713,228.0,0.11614875191034131,0.46629213483146065,0.42134831460674155,0.7810216221319989,1640.0,0.42134831460674155,0.06741573033707865,0.25842696629213485,0.38764044943820225,83.0,0.8410596026490066,0.654659616655651,0.14985742478585082,178.0,0.3275862068965517,102.0,210.0,0.09067753438614366,0.26438713945232223,0.26573426573426573,0.3299492385786802,286.0,0.1456953642384106,0.42696629213483145,0.3651685393258427,0.6971768482673969,1575.0,0.3651685393258427,0.06179775280898876,0.2247191011235955,0.34831460674157305,76.0,arousal__future_spike_1_3s,0.075,0.6403464085583291,0.5569398545935228,0.10013523436012742,178.0,0.18663594470046085,97.0,609.0,0.09067753438614366,0.17551955239418374,0.11739130434782609,0.23857868020304568,690.0,0.3515028018339277,0.4550561797752809,0.2640449438202247,0.5753627293614075,1176.0,0.2640449438202247,0.03932584269662921,0.1797752808988764,0.24157303370786518,81.0,0.8609271523178808,0.5871888081075126,0.15322451591097636,178.0,0.2479338842975207,133.0,140.0,0.09067753438614366,0.20572865668939083,0.24324324324324326,0.2436548223350254,185.0,0.09424350483953133,0.25280898876404495,0.2696629213483146,0.6256412677430523,1645.0,0.2696629213483146,0.0449438202247191,0.1797752808988764,0.24719101123595505,45.0,0.0,current_only_0s,0.0
0.22895974908520647,last,0.6858337689492943,0.6823063230400124,0.24316512213991415,438.0,0.4962279966471081,142.0,459.0,0.22895974908520647,0.48011992714327656,0.3920529801324503,0.6145833333333334,755.0,0.3946680606377418,0.6757990867579908,0.2694063926940639,0.7416918195186131,1016.0,0.2694063926940639,0.02968036529680365,0.1461187214611872,0.4954337899543379,296.0,zero_offset,causal,438,cortical_pca_64,grouped_0,3.0,0.7710402509147936,0.5,,438.0,,438.0,0.0,0.22895974908520647,,,,0.0,0.0,0.0,,,1475.0,0.0,1913,8072,0.0,0.6607422895974908,0.6644299976781982,0.24319281747129595,438.0,0.47534357316087306,144.0,505.0,0.22895974908520647,0.477336614032104,0.36795994993742176,0.640625,799.0,0.41766858337689494,0.6712328767123288,0.2808219178082192,0.7294450893893661,970.0,0.2808219178082192,0.02511415525114155,0.14840182648401826,0.4931506849315068,294.0,0.6659696811291166,0.6774506617134897,0.2360977911290833,438.0,0.48920863309352525,132.0,507.0,-0.011806100119603147,-0.009022787008430566,-0.0010164056378759723,0.14123758329504055,0.11569027283335431,0.22895974908520647,0.4683138270236734,0.3763837638376384,0.5885416666666666,813.0,0.42498693152117095,0.6986301369863014,0.2579908675799087,0.7265877254082501,968.0,0.2579908675799087,0.02968036529680365,0.13470319634703196,0.4794520547945205,306.0,0.6157867224255097,0.659354539122359,0.23310064724678417,438.0,0.4685466377440347,114.0,621.0,0.22895974908520647,0.4693302326615494,0.34285714285714286,0.59375,945.0,0.4939884997386304,0.7397260273972602,0.2602739726027397,0.7337667363207182,854.0,0.2602739726027397,0.02968036529680365,0.14383561643835616,0.4817351598173516,324.0,arousal__future_change_p3s_movement,0.05,0.23732357553580763,0.4965954647473106,0.2122446494669754,438.0,0.3692174664937311,11.0,1448.0,0.22895974908520647,0.32707624372863286,0.22773333333333334,0.4427083333333333,1875.0,0.9801359121798223,0.9748858447488584,0.19406392694063926,0.5835136599334417,27.0,0.19406392694063926,0.02511415525114155,0.1141552511415525,0.3287671232876712,427.0,0.5337166753789859,0.5844648247039703,0.23130570024549243,438.0,0.3997308209959623,141.0,751.0,0.22895974908520647,0.3526235541903191,0.2833969465648855,0.453125,1048.0,0.5478306325143754,0.678082191780822,0.19863013698630136,0.6208048912622862,724.0,0.19863013698630136,0.0273972602739726,0.11187214611872145,0.3721461187214612,297.0,0.0,current_only_0s,0.0
0.13277574490329325,last,0.7417668583376895,0.694406078986962,0.15436864313469276,254.0,0.3931203931203931,94.0,400.0,0.13277574490329325,0.3490047481182932,0.2857142857142857,0.453125,560.0,0.29273392577104024,0.6299212598425197,0.3425196850393701,0.7675955062579203,1259.0,0.3425196850393701,0.03543307086614173,0.16535433070866143,0.40551181102362205,160.0,zero_offset,causal,254,cortical_pca_64,grouped_0,3.0,0.8672242550967068,0.5,,254.0,,254.0,0.0,0.13277574490329325,,,,0.0,0.0,0.0,,,1659.0,0.0,1913,8072,0.0,0.7867224255096706,0.6903171913637378,0.18411390363464758,254.0,0.41040462427745666,112.0,296.0,0.13277574490329325,0.3412651481933549,0.3242009132420091,0.4479166666666667,438.0,0.22895974908520647,0.5590551181102362,0.33858267716535434,0.745693971797829,1363.0,0.33858267716535434,0.03937007874015748,0.16929133858267717,0.4015748031496063,142.0,0.8133821223209619,0.6723455454144182,0.22368477471756917,254.0,0.4059900166389351,132.0,225.0,-0.016955234527393614,-0.009215634602455336,-0.008846284637887947,0.12481693392285106,0.10383382219405451,0.13277574490329325,0.33204951359089957,0.3515850144092219,0.3854166666666667,347.0,0.18139048614741243,0.48031496062992124,0.29133858267716534,0.7548162492346685,1434.0,0.29133858267716534,0.047244094488188976,0.16929133858267717,0.35826771653543305,122.0,0.7804495556717198,0.6833663197163646,0.18235817782419728,254.0,0.4,114.0,306.0,0.13277574490329325,0.3408957982287875,0.31390134529147984,0.4322916666666667,446.0,0.23314166231050706,0.5511811023622047,0.32677165354330706,0.7479270787354112,1353.0,0.32677165354330706,0.03937007874015748,0.18110236220472442,0.3937007874015748,140.0,arousal__future_change_p3s_movement,0.075,0.505488761108207,0.5331726730361237,0.13595864603151667,254.0,0.2346278317152104,109.0,837.0,0.13277574490329325,0.2072325796680485,0.14765784114052954,0.2916666666666667,982.0,0.5133298484056456,0.5708661417322834,0.2204724409448819,0.5760988737167347,822.0,0.2204724409448819,0.027559055118110236,0.14173228346456693,0.2677165354330709,145.0,0.8081547307893361,0.5909771563364706,0.21469024072637038,254.0,0.29013539651837517,179.0,188.0,0.13277574490329325,0.22821569139684506,0.28517110266159695,0.3072916666666667,263.0,0.1374803972817564,0.2952755905511811,0.23228346456692914,0.619690734860674,1471.0,0.23228346456692914,0.027559055118110236,0.1377952755905512,0.29133858267716534,75.0,0.0,current_only_0s,0.0
0.16650943396226414,last,0.7839622641509434,0.6845135318420331,0.18884828500939407,353.0,0.4521531100478469,164.0,294.0,0.16650943396226414,0.4130297643721262,0.391304347826087,0.4716981132075472,483.0,0.2278301886792453,0.5354107648725213,0.28328611898017,0.7290745826459597,1473.0,0.28328611898017,0.053824362606232294,0.17563739376770537,0.42492917847025496,189.0,zero_offset,causal,353,cortical_pca_64,grouped_1,,0.8334905660377359,0.5,,353.0,,353.0,0.0,0.16650943396226414,,,,0.0,0.0,0.0,,,1767.0,0.0,2120,8113,0.0,0.7915094339622641,0.6663716771596357,0.2092546811018604,353.0,0.43333333333333335,184.0,258.0,0.16650943396226414,0.3987222386726272,0.3957845433255269,0.4716981132075472,427.0,0.20141509433962265,0.47875354107648727,0.28328611898017,0.7152806167845823,1509.0,0.28328611898017,0.04815864022662889,0.1643059490084986,0.42209631728045327,169.0,0.7867924528301887,0.6646754874942085,0.25583019712949406,353.0,0.4292929292929293,183.0,269.0,0.014753283974617448,0.02906080967411645,0.020205133775226924,0.2263239311616985,0.22362351895657567,0.16650943396226414,0.42778304834674363,0.38724373576309795,0.49056603773584906,439.0,0.20707547169811322,0.48158640226628896,0.29461756373937675,0.7718656964077012,1498.0,0.29461756373937675,0.056657223796033995,0.16997167138810199,0.42492917847025496,170.0,0.7721698113207547,0.685373650703566,0.18802696835522914,353.0,0.448,157.0,326.0,0.16650943396226414,0.4075779145715167,0.37547892720306514,0.45754716981132076,522.0,0.24622641509433962,0.5552407932011332,0.2747875354107649,0.7268349068779048,1441.0,0.2747875354107649,0.053824362606232294,0.1671388101983003,0.43059490084985835,196.0,arousal__future_spike_1_3s,0.05,0.35424528301886793,0.50040721377601,0.14769169133747465,353.0,0.27064464571124136,99.0,1270.0,0.16650943396226414,0.20145911718504514,0.16666666666666666,0.24056603773584906,1524.0,0.7188679245283018,0.7195467422096318,0.14447592067988668,0.5138220219286221,497.0,0.14447592067988668,0.025495750708215296,0.09631728045325778,0.22662889518413598,254.0,0.6929245283018868,0.5222220084617099,0.2098239074338593,353.0,0.22407628128724671,259.0,392.0,0.16650943396226414,0.20415952939016796,0.1934156378600823,0.2830188679245283,486.0,0.22924528301886793,0.26628895184135976,0.16997167138810199,0.5145739245307823,1375.0,0.16997167138810199,0.025495750708215296,0.10764872521246459,0.2096317280453258,94.0,0.0,current_only_0s,0.0
0.10471698113207548,last,0.8476415094339622,0.6384648610676008,0.15427824010403718,222.0,0.33946830265848665,139.0,184.0,0.10471698113207548,0.2955187970810324,0.31086142322097376,0.3160377358490566,267.0,0.1259433962264151,0.3738738738738739,0.30180180180180183,0.7163087745279526,1714.0,0.30180180180180183,0.07207207207207207,0.17117117117117117,0.3063063063063063,83.0,zero_offset,causal,222,cortical_pca_64,grouped_1,,0.8952830188679245,0.5,,222.0,,222.0,0.0,0.10471698113207548,,,,0.0,0.0,0.0,,,1898.0,0.0,2120,8113,0.0,0.8292452830188679,0.6580231443245141,0.14263171863155596,222.0,0.35125448028673834,124.0,238.0,0.10471698113207548,0.28926630940358466,0.2916666666666667,0.3160377358490566,336.0,0.15849056603773584,0.44144144144144143,0.30180180180180183,0.7054201198036815,1660.0,0.30180180180180183,0.06756756756756757,0.18468468468468469,0.3108108108108108,98.0,0.8599056603773585,0.6333812737922326,0.21081955458618193,222.0,0.34146341463414637,145.0,152.0,0.01914568655497989,0.02539817423242763,0.032444712894383776,0.1815761097181509,0.1740813110341402,0.10471698113207548,0.3146644836360123,0.33624454148471616,0.3490566037735849,229.0,0.1080188679245283,0.34684684684684686,0.3333333333333333,0.7723563922194059,1746.0,0.3333333333333333,0.05855855855855856,0.1891891891891892,0.34234234234234234,77.0,0.845754716981132,0.6016124132562488,0.17610244348562426,222.0,0.2844638949671773,157.0,170.0,0.10471698113207548,0.2822197707416285,0.2765957446808511,0.2971698113207547,235.0,0.11084905660377359,0.2927927927927928,0.28378378378378377,0.7030183502786242,1728.0,0.28378378378378377,0.06306306306306306,0.18468468468468469,0.2882882882882883,65.0,arousal__future_spike_1_3s,0.075,0.7929245283018868,0.544264232620397,0.11316943415777252,222.0,0.18853974121996303,171.0,268.0,0.10471698113207548,0.13308837391786138,0.15987460815047022,0.16037735849056603,319.0,0.15047169811320754,0.22972972972972974,0.15315315315315314,0.5261726426109988,1630.0,0.15315315315315314,0.02252252252252252,0.0990990990990991,0.15315315315315314,51.0,0.8839622641509434,0.5155545429518033,0.18736430828047057,222.0,0.08208955223880597,211.0,35.0,0.10471698113207548,0.1405831726018721,0.2391304347826087,0.19811320754716982,46.0,0.02169811320754717,0.04954954954954955,0.1891891891891892,0.5256077995804023,1863.0,0.1891891891891892,0.03153153153153153,0.10810810810810811,0.19369369369369369,11.0,0.0,current_only_0s,0.0
0.26521739130434785,last,0.678743961352657,0.6219215141031029,0.25150126704180925,549.0,0.4526748971193415,274.0,391.0,0.26521739130434785,0.4343991031687739,0.41291291291291293,0.5362318840579711,666.0,0.3217391304347826,0.5009107468123861,0.20218579234972678,0.6703240246745922,1130.0,0.20218579234972678,0.025500910746812388,0.11293260473588343,0.4335154826958106,275.0,zero_offset,causal,549,cortical_pca_64,grouped_1,3.0,0.7347826086956522,0.5,,549.0,,549.0,0.0,0.26521739130434785,,,,0.0,0.0,0.0,,,1521.0,0.0,2070,7915,0.0,0.6444444444444445,0.6137140147228419,0.2424167922884732,549.0,0.4499252615844544,248.0,488.0,0.26521739130434785,0.42578915705463954,0.38149556400506973,0.5410628019323671,789.0,0.38115942028985506,0.5482695810564663,0.2040072859744991,0.6561077519463396,1033.0,0.2040072859744991,0.02185792349726776,0.11293260473588343,0.4098360655737705,301.0,0.6323671497584541,0.6107338787036138,0.25490529735989587,549.0,0.4489500362056481,239.0,522.0,-0.007430146684634986,0.001179799429499362,0.0006080912235214564,0.08060752459750986,0.07235534204489119,0.26521739130434785,0.4269689564841389,0.37259615384615385,0.5458937198067633,832.0,0.40193236714975844,0.5646630236794171,0.2058287795992714,0.6670810235333144,999.0,0.2058287795992714,0.020036429872495445,0.11293260473588343,0.40437158469945356,310.0,0.6536231884057971,0.6141397484398745,0.24063093751697004,549.0,0.44803695150115475,258.0,459.0,0.26521739130434785,0.42636086526061745,0.388,0.5362318840579711,750.0,0.36231884057971014,0.5300546448087432,0.20218579234972678,0.6559041662026109,1062.0,0.20218579234972678,0.025500910746812388,0.11657559198542805,0.4207650273224044,291.0,arousal__future_change_p3s_movement,0.05,0.2768115942028985,0.49974132634914475,0.19679651843770463,549.0,0.41682898324892875,14.0,1483.0,0.26521739130434785,0.34636143188662905,0.2651139742319128,0.42028985507246375,2018.0,0.9748792270531401,0.9744990892531876,0.15846994535519127,0.569641293895182,38.0,0.15846994535519127,0.02185792349726776,0.0965391621129326,0.35154826958105645,535.0,0.4714975845410628,0.5158168159429193,0.2269528431420771,549.0,0.37981859410430835,214.0,880.0,0.26521739130434785,0.3546136144392477,0.2757201646090535,0.463768115942029,1215.0,0.5869565217391305,0.6102003642987249,0.17486338797814208,0.5606164576320104,641.0,0.17486338797814208,0.025500910746812388,0.11839708561020036,0.3533697632058288,335.0,0.0,current_only_0s,0.0
0.157487922705314,last,0.7367149758454107,0.621775975122418,0.15944724556122258,326.0,0.35196195005945297,178.0,367.0,0.157487922705314,0.298593479310926,0.287378640776699,0.34782608695652173,515.0,0.24879227053140096,0.4539877300613497,0.22085889570552147,0.683139739404514,1377.0,0.22085889570552147,0.03374233128834356,0.11349693251533742,0.3159509202453988,148.0,zero_offset,causal,326,cortical_pca_64,grouped_1,3.0,0.842512077294686,0.5,,326.0,,326.0,0.0,0.157487922705314,,,,0.0,0.0,0.0,,,1744.0,0.0,2070,7915,0.0,0.7705314009661836,0.5994452496200822,0.1974143796082872,326.0,0.32432432432432434,212.0,263.0,0.157487922705314,0.2862983121196773,0.30238726790450926,0.357487922705314,377.0,0.1821256038647343,0.3496932515337423,0.22699386503067484,0.6624482889626836,1481.0,0.22699386503067484,0.03374233128834356,0.1165644171779141,0.3128834355828221,114.0,0.7830917874396135,0.6131346034783587,0.2189705887075028,326.0,0.34643377001455605,207.0,242.0,0.0016283311781822851,0.013923498369430964,0.014219772414869158,0.07680474859879674,0.07377506234922715,0.157487922705314,0.3002218104891083,0.3296398891966759,0.36231884057971014,361.0,0.17439613526570047,0.36503067484662577,0.23006134969325154,0.6909948922159059,1502.0,0.23006134969325154,0.03067484662576687,0.13496932515337423,0.3374233128834356,119.0,0.7671497584541063,0.5949442787189734,0.18856636989219583,326.0,0.3172804532577903,214.0,268.0,0.157487922705314,0.28600203807423913,0.29473684210526313,0.32367149758454106,380.0,0.18357487922705315,0.34355828220858897,0.20552147239263804,0.6720464906849778,1476.0,0.20552147239263804,0.03680981595092025,0.12269938650306748,0.3159509202453988,112.0,arousal__future_change_p3s_movement,0.075,0.7057971014492753,0.5809805397647324,0.14472620899769992,326.0,0.2991944764096663,196.0,413.0,0.157487922705314,0.22341706189031155,0.23941068139963168,0.26570048309178745,543.0,0.26231884057971017,0.3987730061349693,0.1687116564417178,0.5769245652051557,1331.0,0.1687116564417178,0.03374233128834356,0.10122699386503067,0.25766871165644173,130.0,0.7613526570048309,0.5478573338211291,0.20951722950454638,326.0,0.2376543209876543,249.0,245.0,0.157487922705314,0.22644674813988114,0.2391304347826087,0.2946859903381642,322.0,0.15555555555555556,0.2361963190184049,0.18711656441717792,0.558658608656498,1499.0,0.18711656441717792,0.03374233128834356,0.1196319018404908,0.2361963190184049,77.0,0.0,current_only_0s,0.0
0.17918177110305541,last,0.7431382703262558,0.6300331868492551,0.19468977298717874,346.0,0.3876543209876543,189.0,307.0,0.17918177110305541,0.38192448863694656,0.33836206896551724,0.4587628865979381,464.0,0.24029000517866392,0.45375722543352603,0.25722543352601157,0.6914388869641327,1278.0,0.25722543352601157,0.04335260115606936,0.16184971098265896,0.35260115606936415,157.0,zero_offset,causal,346,cortical_pca_64,grouped_2,,0.8208182288969446,0.5,,346.0,,346.0,0.0,0.17918177110305541,,,,0.0,0.0,0.0,,,1585.0,0.0,1931,8302,0.0,0.7343345416882444,0.6111148593205813,0.2038191735238223,346.0,0.361145703611457,201.0,312.0,0.17918177110305541,0.37547078853379,0.3172866520787746,0.4536082474226804,457.0,0.2366649404453651,0.4190751445086705,0.2543352601156069,0.6840229025728926,1273.0,0.2543352601156069,0.04335260115606936,0.16184971098265896,0.3670520231213873,145.0,0.7410668047643708,0.6344195036560237,0.23282010777417225,346.0,0.3932038834951457,184.0,316.0,0.015373723412708595,0.02182742351586514,0.018631391894835758,0.1750546078823824,0.19584034478752232,0.17918177110305541,0.39729821204965515,0.3389121338912134,0.5103092783505154,478.0,0.24754013464526153,0.4682080924855491,0.2861271676300578,0.7093379041228278,1269.0,0.2861271676300578,0.04335260115606936,0.17630057803468208,0.3959537572254335,162.0,0.6908337648886588,0.6388386426213963,0.172147899266918,346.0,0.392675483214649,153.0,444.0,0.17918177110305541,0.3786668201548194,0.3029827315541601,0.4536082474226804,637.0,0.3298808907301916,0.5578034682080925,0.2543352601156069,0.6837749129301071,1141.0,0.2543352601156069,0.04335260115606936,0.16473988439306358,0.35260115606936415,193.0,arousal__future_spike_1_3s,0.05,0.1916105644743656,0.49627468499845007,0.13145287223629065,346.0,0.3009404388714733,10.0,1551.0,0.17918177110305541,0.22224360416727276,0.178060413354531,0.25257731958762886,1887.0,0.9772138788192646,0.9710982658959537,0.1416184971098266,0.5673510694553345,34.0,0.1416184971098266,0.017341040462427744,0.07225433526011561,0.2514450867052023,336.0,0.6623511134127396,0.5062662971134735,0.19387704856882815,346.0,0.2182254196642686,255.0,397.0,0.17918177110305541,0.20145786726213283,0.1864754098360656,0.23195876288659795,488.0,0.2527187985499741,0.2630057803468208,0.13005780346820808,0.5195729472474974,1188.0,0.13005780346820808,0.02023121387283237,0.08670520231213873,0.1994219653179191,91.0,0.0,current_only_0s,0.0
0.10616261004660797,last,0.8228896944588296,0.6193638187830314,0.15840118580358103,205.0,0.30204081632653057,131.0,211.0,0.10616261004660797,0.2700106051341348,0.2596491228070175,0.33505154639175255,285.0,0.14759192128430865,0.36097560975609755,0.3170731707317073,0.6869428821750558,1515.0,0.3170731707317073,0.04878048780487805,0.22439024390243903,0.32195121951219513,74.0,zero_offset,causal,205,cortical_pca_64,grouped_2,,0.893837389953392,0.5,,205.0,,205.0,0.0,0.10616261004660797,,,,0.0,0.0,0.0,,,1726.0,0.0,1931,8302,0.0,0.8151216986017608,0.6300638724811349,0.1546751923091628,205.0,0.31213872832369943,124.0,233.0,0.10616261004660797,0.26345944451748504,0.25796178343949044,0.31443298969072164,314.0,0.16261004660797515,0.3951219512195122,0.2975609756097561,0.6801684424723737,1493.0,0.2975609756097561,0.05365853658536585,0.2146341463414634,0.3121951219512195,81.0,0.8513723459347489,0.6610886583952745,0.20438681370805045,205.0,0.37472766884531594,119.0,168.0,0.045979444186562524,0.052530604803212255,0.045469232784623115,0.17513341998218931,0.19946782228563842,0.10616261004660797,0.3159900493206973,0.33858267716535434,0.41237113402061853,254.0,0.13153806317969963,0.4195121951219512,0.3902439024390244,0.7242715428313031,1558.0,0.3902439024390244,0.06341463414634146,0.23902439024390243,0.3951219512195122,86.0,0.8016571724495081,0.6182333323912613,0.14521729234930028,205.0,0.29205175600739375,126.0,257.0,0.10616261004660797,0.2705208165360742,0.23511904761904762,0.31958762886597936,336.0,0.17400310719834283,0.3853658536585366,0.3024390243902439,0.695186954187039,1469.0,0.3024390243902439,0.04878048780487805,0.22439024390243903,0.3170731707317073,79.0,arousal__future_spike_1_3s,0.075,0.7322630761263594,0.5385778481191532,0.09761901710014753,205.0,0.18838304552590268,145.0,372.0,0.10616261004660797,0.14085662933850798,0.1388888888888889,0.20618556701030927,432.0,0.22371828068358363,0.2926829268292683,0.1951219512195122,0.5291948110674618,1354.0,0.1951219512195122,0.024390243902439025,0.1073170731707317,0.2097560975609756,60.0,0.8130502330398757,0.5171395868072238,0.15151414185987114,205.0,0.13842482100238662,176.0,185.0,0.10616261004660797,0.11652222703505888,0.13551401869158877,0.13402061855670103,214.0,0.1108234075608493,0.14146341463414633,0.12682926829268293,0.5087301811604443,1541.0,0.12682926829268293,0.01951219512195122,0.08780487804878048,0.13658536585365855,29.0,0.0,current_only_0s,0.0
0.291866028708134,last,0.6347687400318979,0.6377196869000148,0.23642843267101113,549.0,0.50752688172043,195.0,492.0,0.291866028708134,0.498158587665229,0.41843971631205673,0.6349206349206349,846.0,0.44976076555023925,0.644808743169399,0.2185792349726776,0.686391309342129,840.0,0.2185792349726776,0.025500910746812388,0.12568306010928962,0.46265938069216755,354.0,zero_offset,causal,549,cortical_pca_64,grouped_2,3.0,0.7081339712918661,0.5,,549.0,,549.0,0.0,0.291866028708134,,,,0.0,0.0,0.0,,,1332.0,0.0,1881,8104,0.0,0.6172248803827751,0.6151602422094224,0.24157333424527477,549.0,0.48201438848920863,214.0,506.0,0.291866028708134,0.49284128276103173,0.3983353151010702,0.6349206349206349,841.0,0.44710260499734183,0.6102003642987249,0.2185792349726776,0.6761953210040642,826.0,0.2185792349726776,0.023679417122040074,0.12386156648451731,0.46083788706739526,335.0,0.6023391812865497,0.609468074632009,0.2611791539366438,549.0,0.47910863509749313,205.0,543.0,-0.013829393223353637,-0.008512088319156341,-0.008394101391214548,0.1363300063102827,0.14145057076184442,0.291866028708134,0.4843291944418754,0.3878241262683202,0.6402116402116402,887.0,0.4715576820839979,0.6265938069216758,0.2204007285974499,0.6571051926243183,789.0,0.2204007285974499,0.0273224043715847,0.12386156648451731,0.45901639344262296,344.0,0.6071238702817651,0.631049081868754,0.2372316118265765,549.0,0.505685618729097,171.0,568.0,0.291866028708134,0.49272329583308994,0.39957716701902746,0.6243386243386243,946.0,0.5029239766081871,0.6885245901639344,0.21493624772313297,0.6785255200555746,764.0,0.21493624772313297,0.023679417122040074,0.12568306010928962,0.45719489981785066,378.0,arousal__future_change_p3s_movement,0.05,0.3763955342902711,0.49329862649534784,0.2015305697683149,549.0,0.42016806722689076,124.0,1049.0,0.291866028708134,0.3479991881315927,0.2883310719131615,0.47619047619047616,1474.0,0.783625730994152,0.7741347905282332,0.16393442622950818,0.5326186842580285,283.0,0.16393442622950818,0.018214936247723135,0.08743169398907104,0.3242258652094718,425.0,0.5167464114832536,0.5222640673460346,0.2245641886042388,549.0,0.3927855711422846,255.0,654.0,0.291866028708134,0.34287862368003097,0.310126582278481,0.43915343915343913,948.0,0.5039872408293461,0.5355191256830601,0.151183970856102,0.5273497541257104,678.0,0.151183970856102,0.018214936247723135,0.08561020036429873,0.331511839708561,294.0,0.0,current_only_0s,0.0
0.16427432216905902,last,0.7442849548112705,0.6468014279008869,0.1748676094402515,309.0,0.3919089759797724,154.0,327.0,0.16427432216905902,0.36732200441014,0.3215767634854772,0.4708994708994709,482.0,0.2562466772993089,0.5016181229773463,0.28802588996763756,0.7144301160272405,1245.0,0.28802588996763756,0.038834951456310676,0.1715210355987055,0.4045307443365696,155.0,zero_offset,causal,309,cortical_pca_64,grouped_2,3.0,0.835725677830941,0.5,,309.0,,309.0,0.0,0.16427432216905902,,,,0.0,0.0,0.0,,,1572.0,0.0,1881,8104,0.0,0.7304625199362041,0.6463320487166185,0.17335666269763556,309.0,0.3884197828709288,148.0,359.0,0.16427432216905902,0.3575097466197573,0.3096153846153846,0.455026455026455,520.0,0.27644869750132905,0.5210355987055016,0.2783171521035599,0.7029900277510149,1213.0,0.2783171521035599,0.038834951456310676,0.1715210355987055,0.3883495145631068,161.0,0.7256778309409888,0.651269794214284,0.20020809089563538,309.0,0.3929411764705883,142.0,374.0,0.00011894068649875855,0.009931198476881453,0.008690817520505933,0.1338480113922562,0.1523706667030732,0.16427432216905902,0.36744094509663877,0.30868761552680224,0.48148148148148145,541.0,0.28761297182349815,0.540453074433657,0.29449838187702265,0.7054748552747515,1198.0,0.29449838187702265,0.038834951456310676,0.1779935275080906,0.3948220064724919,167.0,0.6810207336523126,0.6362527483386448,0.16046908864308682,309.0,0.36974789915966383,133.0,467.0,0.16427432216905902,0.35875012757613284,0.2737169517884914,0.4708994708994709,643.0,0.341839447102605,0.56957928802589,0.28802588996763756,0.6878854879484836,1105.0,0.28802588996763756,0.038834951456310676,0.1779935275080906,0.40129449838187703,176.0,arousal__future_change_p3s_movement,0.075,0.644869750132908,0.5249203290595124,0.14563950128520217,309.0,0.24263038548752833,202.0,466.0,0.16427432216905902,0.23359293370438258,0.18673647469458987,0.3439153439153439,573.0,0.30462519936204147,0.34627831715210355,0.21035598705501618,0.556379027808658,1106.0,0.21035598705501618,0.025889967637540454,0.1262135922330097,0.2686084142394822,107.0,0.7644869750132908,0.5483831122310334,0.20307332766758518,309.0,0.24013722126929676,239.0,204.0,0.16427432216905902,0.21507027839356557,0.25547445255474455,0.30158730158730157,274.0,0.14566719829877725,0.22653721682847897,0.18446601941747573,0.5455915412930161,1368.0,0.18446601941747573,0.02912621359223301,0.10355987055016182,0.23948220064724918,70.0,0.0,current_only_0s,0.0
0.16430853491556366,last,0.7777270652670014,0.6393864918987803,0.20053706766007345,360.0,0.3904881101376721,204.0,283.0,0.16430853491556366,0.3484915963404199,0.3553530751708428,0.40454545454545454,439.0,0.20036513007759013,0.43333333333333335,0.24722222222222223,0.6731006129012683,1548.0,0.24722222222222223,0.04722222222222222,0.15555555555555556,0.38055555555555554,156.0,zero_offset,causal,360,cortical_pca_64,grouped_3,,0.8356914650844364,0.5,,360.0,,360.0,0.0,0.16430853491556366,,,,0.0,0.0,0.0,,,1831.0,0.0,2191,8042,0.0,0.7617526243724326,0.6376395715759452,0.2017101572016226,360.0,0.38443396226415094,197.0,325.0,0.16430853491556366,0.34486901842069073,0.33401639344262296,0.39090909090909093,488.0,0.2227293473299863,0.4527777777777778,0.2388888888888889,0.6694550640208751,1506.0,0.2388888888888889,0.04722222222222222,0.1527777777777778,0.38055555555555554,163.0,0.7311729803742584,0.6427756538624916,0.24066327514662933,360.0,0.38453500522466044,176.0,413.0,0.0284658568989557,0.03208843481868484,0.03302673044089771,0.19146371751208865,0.19832509533192835,0.16430853491556366,0.3769574532393756,0.3082077051926298,0.4409090909090909,597.0,0.2724783204016431,0.5111111111111111,0.26944444444444443,0.7161296195157473,1418.0,0.26944444444444443,0.05277777777777778,0.16111111111111112,0.3888888888888889,184.0,0.7535371976266545,0.6349558529036956,0.19530958029083023,360.0,0.3793103448275862,195.0,345.0,0.16430853491556366,0.34393072279847786,0.3235294117647059,0.42272727272727273,510.0,0.2327704244637152,0.4583333333333333,0.25833333333333336,0.6686373566357182,1486.0,0.25833333333333336,0.044444444444444446,0.1527777777777778,0.37222222222222223,165.0,arousal__future_spike_1_3s,0.05,0.3591967138293017,0.5139480551004308,0.14609110576448106,360.0,0.2762886597938144,92.0,1312.0,0.16430853491556366,0.18549373572728692,0.16962025316455695,0.20454545454545456,1580.0,0.7211319032405294,0.7444444444444445,0.125,0.5286667880332544,519.0,0.125,0.013888888888888888,0.075,0.21666666666666667,268.0,0.6795983569146509,0.5181898173432854,0.19963826800478515,360.0,0.22172949002217293,260.0,442.0,0.16430853491556366,0.17863235790744722,0.18450184501845018,0.2409090909090909,542.0,0.24737562756732087,0.2777777777777778,0.14722222222222223,0.5070787062321743,1389.0,0.14722222222222223,0.016666666666666666,0.06944444444444445,0.18055555555555555,100.0,0.0,current_only_0s,0.0
0.09767229575536285,last,0.8429940666362392,0.598384931383811,0.17128154935945225,214.0,0.2680851063829787,151.0,193.0,0.09767229575536285,0.22659954482010153,0.24609375,0.24545454545454545,256.0,0.11684162482884528,0.29439252336448596,0.2523364485981308,0.6623672230652504,1784.0,0.2523364485981308,0.056074766355140186,0.19158878504672897,0.24766355140186916,63.0,zero_offset,causal,214,cortical_pca_64,grouped_3,,0.9023277042446372,0.5,,214.0,,214.0,0.0,0.09767229575536285,,,,0.0,0.0,0.0,,,1977.0,0.0,2191,8042,0.0,0.8169785486079416,0.600637471104619,0.15307404415678974,214.0,0.2615101289134439,143.0,258.0,0.09767229575536285,0.22403931896540843,0.21580547112462006,0.2409090909090909,329.0,0.1501597444089457,0.3317757009345794,0.24766355140186916,0.6600059563484747,1719.0,0.24766355140186916,0.056074766355140186,0.18691588785046728,0.24766355140186916,71.0,0.836147877681424,0.6341785675454644,0.20435214631301943,214.0,0.3135755258126195,132.0,227.0,0.04395703236442572,0.04651725821911881,0.052278580670528374,0.16591657995396153,0.16358858404916465,0.09767229575536285,0.27055657718452725,0.26537216828478966,0.3090909090909091,309.0,0.14103149246919214,0.38317757009345793,0.3177570093457944,0.72388070284912,1750.0,0.3177570093457944,0.06074766355140187,0.205607476635514,0.3130841121495327,82.0,0.836147877681424,0.594591304676679,0.17249999617433964,214.0,0.2597938144329897,151.0,208.0,0.09767229575536285,0.21827799651399887,0.23247232472324722,0.2409090909090909,271.0,0.12368781378366044,0.29439252336448596,0.24766355140186916,0.6327367530337196,1769.0,0.24766355140186916,0.056074766355140186,0.16822429906542055,0.2383177570093458,63.0,arousal__future_spike_1_3s,0.075,0.7827476038338658,0.5254137534922638,0.11328282953404704,214.0,0.15602836879432627,170.0,306.0,0.09767229575536285,0.1046399972305657,0.12571428571428572,0.12272727272727273,350.0,0.1597444089456869,0.205607476635514,0.1261682242990654,0.5067765282052009,1671.0,0.1261682242990654,0.014018691588785047,0.07009345794392523,0.1261682242990654,44.0,0.8644454586946599,0.5102617011520334,0.17900292595642261,214.0,0.09174311926605504,199.0,98.0,0.09767229575536285,0.1069679931353626,0.13274336283185842,0.14545454545454545,113.0,0.051574623459607484,0.07009345794392523,0.14953271028037382,0.5106387001923995,1879.0,0.14953271028037382,0.018691588785046728,0.06542056074766354,0.14953271028037382,15.0,0.0,current_only_0s,0.0
0.25455394675385334,last,0.6347501167678655,0.6329746384309397,0.24342661165725063,545.0,0.46730245231607626,202.0,580.0,0.25455394675385334,0.43822961211915995,0.37161430119176597,0.4930232558139535,923.0,0.4311069593647828,0.6293577981651376,0.1944954128440367,0.6846956841645397,1016.0,0.1944954128440367,0.03302752293577982,0.11192660550458716,0.42752293577981654,343.0,zero_offset,causal,545,cortical_pca_64,grouped_3,3.0,0.7454460532461467,0.5,,545.0,,545.0,0.0,0.25455394675385334,,,,0.0,0.0,0.0,,,1596.0,0.0,2141,7844,0.0,0.592246613731901,0.6159446782092848,0.23303698512119297,545.0,0.4533500313087038,183.0,690.0,0.25455394675385334,0.4289312167122629,0.344106463878327,0.4883720930232558,1052.0,0.491359177954227,0.6642201834862386,0.1926605504587156,0.6729829160056103,906.0,0.1926605504587156,0.03302752293577982,0.11926605504587157,0.42568807339449544,362.0,0.5520784680056049,0.5980645420891679,0.2557290439448771,545.0,0.44016345592527734,168.0,791.0,-0.012799593884897986,-0.0035011984780009553,0.0004553678038177189,0.12276558160081597,0.1205867038321316,0.25455394675385334,0.42543001823426196,0.3227739726027397,0.5116279069767442,1168.0,0.5455394675385334,0.691743119266055,0.2018348623853211,0.656277160791888,805.0,0.2018348623853211,0.031192660550458717,0.12844036697247707,0.41284403669724773,377.0,0.5712283979448856,0.6127215975719115,0.228321625579365,545.0,0.45292014302741357,165.0,753.0,0.25455394675385334,0.42497465043044425,0.3353927625772286,0.5162790697674419,1133.0,0.5291919663708547,0.6972477064220184,0.2036697247706422,0.6633682830930537,843.0,0.2036697247706422,0.03302752293577982,0.11192660550458716,0.41284403669724773,380.0,arousal__future_change_p3s_movement,0.05,0.27603923400280245,0.4999114759375503,0.19501495182577064,545.0,0.4020061728395062,24.0,1526.0,0.25455394675385334,0.302664436633446,0.2545188080117245,0.34418604651162793,2047.0,0.9560952825782345,0.9559633027522936,0.13577981651376148,0.5466107930376399,70.0,0.13577981651376148,0.014678899082568808,0.07522935779816514,0.3486238532110092,521.0,0.46053246146660437,0.517328297808742,0.2366561304586797,545.0,0.3739837398373984,200.0,955.0,0.25455394675385334,0.30484331440213036,0.2653846153846154,0.3581395348837209,1300.0,0.6071929005137786,0.6330275229357798,0.14128440366972478,0.5524177416017106,641.0,0.14128440366972478,0.012844036697247707,0.07339449541284404,0.3394495412844037,345.0,0.0,current_only_0s,0.0
0.14152265296590377,last,0.7412424100887436,0.616388706335269,0.18072132553785797,303.0,0.3260340632603407,169.0,385.0,0.14152265296590377,0.297105073602333,0.2581888246628131,0.37209302325581395,519.0,0.24241008874357778,0.44224422442244227,0.264026402640264,0.6830516022222461,1453.0,0.264026402640264,0.0429042904290429,0.1485148514851485,0.30033003300330036,134.0,zero_offset,causal,303,cortical_pca_64,grouped_3,3.0,0.8584773470340962,0.5,,303.0,,303.0,0.0,0.14152265296590377,,,,0.0,0.0,0.0,,,1838.0,0.0,2141,7844,0.0,0.7253619803829986,0.6112739130278643,0.18071763258602289,303.0,0.31786542923433875,166.0,422.0,0.14152265296590377,0.28902349682650486,0.24508050089445438,0.35348837209302325,559.0,0.2610929472209248,0.4521452145214521,0.2508250825082508,0.6552842988324948,1416.0,0.2508250825082508,0.0462046204620462,0.1551155115511551,0.31353135313531355,137.0,0.7342363381597384,0.6329801369690832,0.20980250021083452,303.0,0.3437139561707036,154.0,415.0,0.018821918578206698,0.026903495354034856,0.023617995702510663,0.14426096422620627,0.1401756471394171,0.14152265296590377,0.3159269921805397,0.2641843971631206,0.3953488372093023,564.0,0.2634283045305932,0.49174917491749176,0.28052805280528054,0.7032055218579529,1423.0,0.28052805280528054,0.039603960396039604,0.1617161716171617,0.3465346534653465,149.0,0.7304997664642691,0.6142662960528914,0.17797667403541956,303.0,0.3219741480611045,166.0,411.0,0.14152265296590377,0.29230899647802905,0.25,0.34418604651162793,548.0,0.2559551611396544,0.4521452145214521,0.24422442244224424,0.6721055674664311,1427.0,0.24422442244224424,0.039603960396039604,0.1617161716171617,0.32673267326732675,137.0,arousal__future_change_p3s_movement,0.075,0.6702475478748249,0.5474768097049095,0.14482269393163594,303.0,0.24411134903640258,189.0,517.0,0.14152265296590377,0.17166602795433344,0.18066561014263074,0.20465116279069767,631.0,0.29472209248014947,0.37623762376237624,0.14521452145214522,0.5249912912945266,1321.0,0.14521452145214522,0.019801980198019802,0.0858085808580858,0.19141914191419143,114.0,0.7888836992059786,0.535263972534359,0.21238478247589532,303.0,0.19572953736654805,248.0,204.0,0.14152265296590377,0.1757513450411226,0.21235521235521235,0.2372093023255814,259.0,0.12097150864082204,0.18151815181518152,0.16831683168316833,0.5401875334432247,1634.0,0.16831683168316833,0.0165016501650165,0.0858085808580858,0.20462046204620463,55.0,0.0,current_only_0s,0.0
0.16025641025641027,last,0.7766272189349113,0.6615971814445096,0.19494784420191408,325.0,0.4139715394566623,165.0,288.0,0.16025641025641027,0.36142592243730803,0.35714285714285715,0.47783251231527096,448.0,0.22090729783037474,0.49230769230769234,0.29846153846153844,0.708698676543656,1415.0,0.29846153846153844,0.04,0.16615384615384615,0.4,160.0,zero_offset,causal,325,cortical_pca_64,grouped_4,,0.8397435897435898,0.5,,325.0,,325.0,0.0,0.16025641025641027,,,,0.0,0.0,0.0,,,1703.0,0.0,2028,8205,0.0,0.7988165680473372,0.6536465061655902,0.21986911092451647,325.0,0.41210374639769454,182.0,226.0,0.16025641025641027,0.3530469019624217,0.3875338753387534,0.4729064039408867,369.0,0.1819526627218935,0.44,0.2953846153846154,0.696033244500655,1477.0,0.2953846153846154,0.036923076923076927,0.16307692307692306,0.40923076923076923,143.0,0.7795857988165681,0.658379330593071,0.23013269335869807,325.0,0.4110671936758893,169.0,278.0,0.008332728801320799,0.01671174927620711,0.017776739903514582,0.20341638777908908,0.19609396024688017,0.16025641025641027,0.36975865123862883,0.35944700460829493,0.46798029556650245,434.0,0.21400394477317555,0.48,0.2923076923076923,0.7364993902163602,1425.0,0.2923076923076923,0.043076923076923075,0.15692307692307692,0.38153846153846155,156.0,0.777120315581854,0.6494421608925426,0.198549907761149,325.0,0.3989361702127659,175.0,277.0,0.16025641025641027,0.35198191133511425,0.351288056206089,0.4482758620689655,427.0,0.21055226824457593,0.46153846153846156,0.28,0.6976376530105244,1426.0,0.28,0.043076923076923075,0.16,0.39076923076923076,150.0,arousal__future_spike_1_3s,0.05,0.21597633136094674,0.4970757486788021,0.13679699610608803,325.0,0.2713107241063245,29.0,1561.0,0.16025641025641027,0.16634226345953976,0.15939687668282176,0.19704433497536947,1857.0,0.915680473372781,0.9107692307692308,0.12307692307692308,0.4962030805366096,142.0,0.12307692307692308,0.024615384615384615,0.06153846153846154,0.1753846153846154,296.0,0.6824457593688363,0.5345625366999412,0.19426607596581355,325.0,0.24235294117647058,222.0,422.0,0.16025641025641027,0.17366469099174867,0.1961904761904762,0.1921182266009852,525.0,0.2588757396449704,0.3169230769230769,0.12,0.5083355165093274,1281.0,0.12,0.018461538461538463,0.06153846153846154,0.2123076923076923,103.0,0.0,current_only_0s,0.0
0.08530571992110454,last,0.8500986193293886,0.6638580309427731,0.15443947318727605,173.0,0.33333333333333337,97.0,207.0,0.08530571992110454,0.2534939737686592,0.26855123674911663,0.2955665024630542,283.0,0.13954635108481261,0.4393063583815029,0.3468208092485549,0.7045261206238412,1648.0,0.3468208092485549,0.06358381502890173,0.2023121387283237,0.3179190751445087,76.0,zero_offset,causal,173,cortical_pca_64,grouped_4,,0.9146942800788954,0.5,,173.0,,173.0,0.0,0.08530571992110454,,,,0.0,0.0,0.0,,,1855.0,0.0,2028,8205,0.0,0.873767258382643,0.6374865618621753,0.18310593397537936,173.0,0.32275132275132273,112.0,144.0,0.08530571992110454,0.2580005404887165,0.2975609756097561,0.30049261083743845,205.0,0.10108481262327416,0.35260115606936415,0.35260115606936415,0.7066481778664132,1711.0,0.35260115606936415,0.07514450867052024,0.1907514450867052,0.31213872832369943,61.0,0.8643984220907298,0.6349858996930652,0.2092323107486012,173.0,0.31077694235588976,111.0,164.0,-0.0015041209166924974,-0.006010687636749834,-0.0011801822688113917,0.1594529577728299,0.1522586965002966,0.08530571992110454,0.2519898528519667,0.2743362831858407,0.30049261083743845,226.0,0.11143984220907298,0.3583815028901734,0.35260115606936415,0.7241574871850801,1691.0,0.35260115606936415,0.07514450867052024,0.20809248554913296,0.31213872832369943,62.0,0.8441814595660749,0.663244161226493,0.15903967112515738,173.0,0.32765957446808514,96.0,220.0,0.08530571992110454,0.25317003512077807,0.25925925925925924,0.32019704433497537,297.0,0.14644970414201183,0.44508670520231214,0.37572254335260113,0.7111696243553589,1635.0,0.37572254335260113,0.05202312138728324,0.2138728323699422,0.3352601156069364,77.0,arousal__future_spike_1_3s,0.075,0.7327416173570019,0.5210881386036801,0.09968580353999336,173.0,0.1451104100946372,127.0,415.0,0.08530571992110454,0.09253689507913679,0.09978308026030369,0.11822660098522167,461.0,0.22731755424063116,0.2658959537572254,0.13872832369942195,0.47448389760528487,1440.0,0.13872832369942195,0.028901734104046242,0.08092485549132948,0.12138728323699421,46.0,0.8357988165680473,0.5223891061496035,0.14814271969730777,173.0,0.13054830287206265,148.0,185.0,0.08530571992110454,0.09973115635167007,0.11904761904761904,0.11822660098522167,210.0,0.10355029585798817,0.14450867052023122,0.13872832369942195,0.5204711527974697,1670.0,0.13872832369942195,0.017341040462427744,0.08092485549132948,0.11560693641618497,25.0,0.0,current_only_0s,0.0
0.25303030303030305,last,0.6681818181818182,0.664381176794484,0.23600573875003492,501.0,0.5003802281368822,172.0,485.0,0.25303030303030305,0.47022916169701795,0.40417690417690416,0.6111111111111112,814.0,0.4111111111111111,0.656686626746507,0.24151696606786427,0.7204563152262075,994.0,0.24151696606786427,0.023952095808383235,0.12974051896207583,0.49700598802395207,329.0,zero_offset,causal,501,cortical_pca_64,grouped_4,3.0,0.746969696969697,0.5,,501.0,,501.0,0.0,0.25303030303030305,,,,0.0,0.0,0.0,,,1479.0,0.0,1980,8005,0.0,0.7015151515151515,0.6688752312818582,0.2546414826179126,501.0,0.505439330543933,199.0,392.0,0.25303030303030305,0.46644745023740863,0.43515850144092216,0.6060606060606061,694.0,0.3505050505050505,0.6027944111776448,0.23952095808383234,0.7168111376975596,1087.0,0.23952095808383234,0.023952095808383235,0.1317365269461078,0.47704590818363274,302.0,0.6853535353535354,0.6382589789994049,0.26027687841714797,501.0,0.466152527849186,229.0,394.0,-0.04660754437831066,-0.042825832918701345,-0.028018671447147647,0.0933726697558086,0.08582582822391077,0.25303030303030305,0.4236216173187073,0.4084084084084084,0.5404040404040404,666.0,0.33636363636363636,0.5429141716566867,0.21357285429141717,0.6811313141128156,1085.0,0.21357285429141717,0.021956087824351298,0.10578842315369262,0.4471057884231537,272.0,0.6525252525252525,0.6499414963177095,0.24267418765390494,501.0,0.48425787106446777,178.0,510.0,0.25303030303030305,0.45164028876585494,0.3877551020408163,0.5959595959595959,833.0,0.4207070707070707,0.6447105788423154,0.23552894211576847,0.6983328812287528,969.0,0.23552894211576847,0.02594810379241517,0.1217564870259481,0.4431137724550898,323.0,arousal__future_change_p3s_movement,0.05,0.3328282828282828,0.5091986412570397,0.2150240341525528,501.0,0.39652809502055736,67.0,1254.0,0.25303030303030305,0.3302489475628987,0.2571090047393365,0.4292929292929293,1688.0,0.8525252525252526,0.8662674650698603,0.16966067864271456,0.5547444664423689,225.0,0.16966067864271456,0.027944111776447105,0.10778443113772455,0.30538922155688625,434.0,0.453030303030303,0.4999068799520634,0.22736595412028007,501.0,0.3549731983323407,203.0,880.0,0.25303030303030305,0.3377957890947965,0.2529711375212224,0.4393939393939394,1178.0,0.5949494949494949,0.5948103792415169,0.17365269461077845,0.561929555358519,599.0,0.17365269461077845,0.021956087824351298,0.0998003992015968,0.36327345309381237,298.0,0.0,current_only_0s,0.0
0.13383838383838384,last,0.7803030303030303,0.680152923703174,0.17494317586581096,265.0,0.39834024896265563,121.0,314.0,0.13383838383838384,0.3283077675865656,0.314410480349345,0.4090909090909091,458.0,0.2313131313131313,0.5433962264150943,0.30566037735849055,0.7517927278728203,1401.0,0.30566037735849055,0.04150943396226415,0.17735849056603772,0.36981132075471695,144.0,zero_offset,causal,265,cortical_pca_64,grouped_4,3.0,0.8661616161616161,0.5,,265.0,,265.0,0.0,0.13383838383838384,,,,0.0,0.0,0.0,,,1715.0,0.0,1980,8005,0.0,0.7434343434343434,0.6859893283458935,0.16639215581334668,265.0,0.38795180722891565,104.0,404.0,0.13383838383838384,0.32100974213765204,0.2849557522123894,0.40404040404040403,565.0,0.28535353535353536,0.6075471698113207,0.3018867924528302,0.7376489355850157,1311.0,0.3018867924528302,0.045283018867924525,0.16981132075471697,0.37735849056603776,161.0,0.7883838383838384,0.6321744870454921,0.2137094624694546,265.0,0.3463338533541342,154.0,265.0,-0.04952654719706989,-0.042228521748156334,-0.028752624116348602,0.07387890137130165,0.06949846886721633,0.13383838383838384,0.2787812203894957,0.29521276595744683,0.3686868686868687,376.0,0.1898989898989899,0.4188679245283019,0.27547169811320754,0.6937565322625007,1450.0,0.27547169811320754,0.026415094339622643,0.15849056603773584,0.3283018867924528,111.0,0.7525252525252525,0.6545464547004786,0.18090929644334713,265.0,0.3603133159268929,127.0,363.0,0.13383838383838384,0.3075338445058443,0.2754491017964072,0.398989898989899,501.0,0.25303030303030305,0.5207547169811321,0.2981132075471698,0.7061158479564332,1352.0,0.2981132075471698,0.03773584905660377,0.17358490566037735,0.33962264150943394,138.0,arousal__future_change_p3s_movement,0.075,0.5904040404040404,0.5609604488695747,0.136996768491706,265.0,0.25390984360625574,127.0,684.0,0.13383838383838384,0.20490231901819406,0.1678832116788321,0.2676767676767677,822.0,0.41515151515151516,0.5207547169811321,0.2,0.5805027779305793,1031.0,0.2,0.033962264150943396,0.1320754716981132,0.22641509433962265,138.0,0.8,0.5686891468177567,0.20284206283353876,265.0,0.2528301886792453,198.0,198.0,0.13383838383838384,0.20928275152227938,0.2528301886792453,0.26262626262626265,265.0,0.13383838383838384,0.2528301886792453,0.19622641509433963,0.58081082567798,1517.0,0.19622641509433963,0.022641509433962263,0.1320754716981132,0.2528301886792453,67.0,0.0,current_only_0s,0.0
0.15129903209373408,last,0.8003056546102904,0.6527115896863795,0.20490295804089056,297.0,0.40061162079510704,166.0,226.0,0.15129903209373408,0.37174280955537997,0.36694677871148457,0.49238578680203043,357.0,0.18186449312277128,0.44107744107744107,0.3265993265993266,0.7078669851779096,1440.0,0.3265993265993266,0.04040404040404041,0.1919191919191919,0.3872053872053872,131.0,zero_offset,causal,297,cortical_pca64_delta,grouped_0,,0.8487009679062659,0.5,,297.0,,297.0,0.0,0.15129903209373408,,,,0.0,0.0,0.0,,,1666.0,0.0,1963,8270,0.0,0.7763627101375445,0.6469062372423717,0.23245320442520512,297.0,0.38429172510518933,160.0,279.0,0.15129903209373408,0.34225969483566876,0.3293269230769231,0.4720812182741117,416.0,0.2119205298013245,0.4612794612794613,0.31313131313131315,0.6618061365960526,1387.0,0.31313131313131315,0.04040404040404041,0.18518518518518517,0.3939393939393939,137.0,0.7967396841569027,0.6810451453308597,0.24180230149034784,297.0,0.4340425531914894,144.0,255.0,0.037748073563903695,0.0672311882836149,0.0621917077779206,0.16776428820377992,0.17410678461429646,0.15129903209373408,0.40949088311928367,0.375,0.5228426395939086,408.0,0.20784513499745289,0.5151515151515151,0.3468013468013468,0.7426142174041334,1411.0,0.3468013468013468,0.04377104377104377,0.21548821548821548,0.4377104377104377,153.0,0.7498726439123791,0.65205071927761,0.21036062674870332,297.0,0.3823899371069182,145.0,346.0,0.15129903209373408,0.34729917534136306,0.30522088353413657,0.48223350253807107,498.0,0.2536933265410087,0.5117845117845118,0.31986531986531985,0.6846475964123023,1320.0,0.31986531986531985,0.037037037037037035,0.19528619528619529,0.4006734006734007,152.0,arousal__future_spike_1_3s,0.05,0.37646459500764134,0.49569827931172467,0.1589017060816875,297.0,0.2444444444444444,99.0,1125.0,0.15129903209373408,0.24172659491550375,0.14965986394557823,0.3604060913705584,1323.0,0.67396841569027,0.6666666666666666,0.23905723905723905,0.557998957158621,541.0,0.23905723905723905,0.030303030303030304,0.1414141414141414,0.2760942760942761,198.0,0.761079979623026,0.5839507520179789,0.19984749562235418,297.0,0.2947368421052632,199.0,270.0,0.15129903209373408,0.2353840985049872,0.266304347826087,0.29949238578680204,368.0,0.18746816097809477,0.32996632996632996,0.19865319865319866,0.5961778650854281,1396.0,0.19865319865319866,0.016835016835016835,0.11447811447811448,0.28619528619528617,98.0,0.0,current_only_0s,0.0
0.09067753438614366,last,0.8222109016811003,0.6670553614704309,0.13028026567677814,178.0,0.3275529865125241,93.0,256.0,0.09067753438614366,0.2748710195174407,0.24926686217008798,0.3553299492385787,341.0,0.17371370351502802,0.47752808988764045,0.39325842696629215,0.7154124571176785,1529.0,0.39325842696629215,0.06179775280898876,0.23595505617977527,0.37640449438202245,85.0,zero_offset,causal,178,cortical_pca64_delta,grouped_0,,0.9093224656138563,0.5,,178.0,,178.0,0.0,0.09067753438614366,,,,0.0,0.0,0.0,,,1785.0,0.0,1963,8270,0.0,0.8593988792664289,0.6343971296383721,0.1995632744089173,178.0,0.31683168316831684,114.0,162.0,0.09067753438614366,0.24058256987089016,0.2831858407079646,0.2893401015228426,226.0,0.11512990320937341,0.3595505617977528,0.3202247191011236,0.6686526295911623,1623.0,0.3202247191011236,0.06741573033707865,0.2303370786516854,0.3089887640449438,64.0,0.8853795211411105,0.6714427343971296,0.23376803490642334,178.0,0.39353099730458224,105.0,120.0,0.0366124290022124,0.07090087864876293,0.05869423645914801,0.13596389612546936,0.10575479183026226,0.09067753438614366,0.3114834485196531,0.37823834196891193,0.37055837563451777,193.0,0.09831889964340296,0.4101123595505618,0.4101123595505618,0.7378749252509993,1665.0,0.4101123595505618,0.06741573033707865,0.2640449438202247,0.3707865168539326,73.0,0.8807947019867549,0.6411040820822711,0.2031895301496268,178.0,0.34636871508379885,116.0,118.0,0.09067753438614366,0.2527892120605051,0.34444444444444444,0.3197969543147208,180.0,0.09169638308711156,0.34831460674157305,0.3539325842696629,0.6920467063229786,1667.0,0.3539325842696629,0.06741573033707865,0.21348314606741572,0.34831460674157305,62.0,arousal__future_spike_1_3s,0.075,0.6403464085583291,0.5569398545935228,0.10013523436012742,178.0,0.18663594470046085,97.0,609.0,0.09067753438614366,0.17551955239418374,0.11739130434782609,0.23857868020304568,690.0,0.3515028018339277,0.4550561797752809,0.2640449438202247,0.5753627293614075,1176.0,0.2640449438202247,0.03932584269662921,0.1797752808988764,0.24157303370786518,81.0,0.8609271523178808,0.5871888081075126,0.15322451591097636,178.0,0.2479338842975207,133.0,140.0,0.09067753438614366,0.20572865668939083,0.24324324324324326,0.2436548223350254,185.0,0.09424350483953133,0.25280898876404495,0.2696629213483146,0.6256412677430523,1645.0,0.2696629213483146,0.0449438202247191,0.1797752808988764,0.24719101123595505,45.0,0.0,current_only_0s,0.0
0.22895974908520647,last,0.6858337689492943,0.6823063230400124,0.24316512213991415,438.0,0.4962279966471081,142.0,459.0,0.22895974908520647,0.48011992714327656,0.3920529801324503,0.6145833333333334,755.0,0.3946680606377418,0.6757990867579908,0.2694063926940639,0.7416918195186131,1016.0,0.2694063926940639,0.02968036529680365,0.1461187214611872,0.4954337899543379,296.0,zero_offset,causal,438,cortical_pca64_delta,grouped_0,3.0,0.7710402509147936,0.5,,438.0,,438.0,0.0,0.22895974908520647,,,,0.0,0.0,0.0,,,1475.0,0.0,1913,8072,0.0,0.6204913748039729,0.6327103165389676,0.25037634237005807,438.0,0.44153846153846155,151.0,575.0,0.22895974908520647,0.4208005213790254,0.3329466357308585,0.5572916666666666,862.0,0.45060115002613693,0.6552511415525114,0.24429223744292236,0.6832985063075613,900.0,0.24429223744292236,0.0228310502283105,0.13470319634703196,0.4178082191780822,287.0,0.6476738107684266,0.6302731986688337,0.25731832573660146,438.0,0.4373956594323873,176.0,498.0,-0.05562547893970804,0.0036939268245431145,-0.017393871779773473,0.09741820447493565,0.07187089401324942,0.22895974908520647,0.4244944482035685,0.3447368421052632,0.53125,760.0,0.3972817564035546,0.5981735159817352,0.2328767123287671,0.6856234037613188,977.0,0.2328767123287671,0.03424657534246575,0.1278538812785388,0.4360730593607306,262.0,0.6962885520125457,0.6642063307793515,0.2778077395005987,438.0,0.4770477047704771,173.0,408.0,0.22895974908520647,0.441888319983342,0.3937592867756315,0.59375,673.0,0.35180345007841085,0.6050228310502284,0.2602739726027397,0.7041529293398344,1067.0,0.2602739726027397,0.0273972602739726,0.1324200913242009,0.4726027397260274,265.0,arousal__future_change_p3s_movement,0.05,0.23732357553580763,0.4965954647473106,0.2122446494669754,438.0,0.3692174664937311,11.0,1448.0,0.22895974908520647,0.32707624372863286,0.22773333333333334,0.4427083333333333,1875.0,0.9801359121798223,0.9748858447488584,0.19406392694063926,0.5835136599334417,27.0,0.19406392694063926,0.02511415525114155,0.1141552511415525,0.3287671232876712,427.0,0.5337166753789859,0.5844648247039703,0.23130570024549243,438.0,0.3997308209959623,141.0,751.0,0.22895974908520647,0.3526235541903191,0.2833969465648855,0.453125,1048.0,0.5478306325143754,0.678082191780822,0.19863013698630136,0.6208048912622862,724.0,0.19863013698630136,0.0273972602739726,0.11187214611872145,0.3721461187214612,297.0,0.0,current_only_0s,0.0
0.13277574490329325,last,0.7417668583376895,0.694406078986962,0.15436864313469276,254.0,0.3931203931203931,94.0,400.0,0.13277574490329325,0.3490047481182932,0.2857142857142857,0.453125,560.0,0.29273392577104024,0.6299212598425197,0.3425196850393701,0.7675955062579203,1259.0,0.3425196850393701,0.03543307086614173,0.16535433070866143,0.40551181102362205,160.0,zero_offset,causal,254,cortical_pca64_delta,grouped_0,3.0,0.8672242550967068,0.5,,254.0,,254.0,0.0,0.13277574490329325,,,,0.0,0.0,0.0,,,1659.0,0.0,1913,8072,0.0,0.7856769472033456,0.6430351269382466,0.22656544277203747,254.0,0.3573667711598746,140.0,270.0,0.13277574490329325,0.30040098614303096,0.296875,0.3958333333333333,384.0,0.2007318348144276,0.44881889763779526,0.2992125984251969,0.7236405575885293,1389.0,0.2992125984251969,0.031496062992125984,0.16929133858267717,0.35826771653543305,114.0,0.7971772085729221,0.6463313921202888,0.23794999600723557,254.0,0.36601307189542487,142.0,246.0,-0.0527583204163567,-0.004154558441094469,-0.02847199330673278,0.08901384803388798,0.06803073630509143,0.13277574490329325,0.2962464277019365,0.3128491620111732,0.375,358.0,0.18714061683220073,0.4409448818897638,0.28346456692913385,0.707061933713982,1413.0,0.28346456692913385,0.051181102362204724,0.15748031496062992,0.3464566929133858,112.0,0.7480397281756404,0.6680145994408927,0.19127277712715338,254.0,0.37075718015665793,112.0,370.0,0.13277574490329325,0.32471842100866927,0.27734375,0.4166666666666667,512.0,0.2676424464192368,0.5590551181102362,0.31496062992125984,0.7268371516851533,1289.0,0.31496062992125984,0.03937007874015748,0.17716535433070865,0.3937007874015748,142.0,arousal__future_change_p3s_movement,0.075,0.505488761108207,0.5331726730361237,0.13595864603151667,254.0,0.2346278317152104,109.0,837.0,0.13277574490329325,0.2072325796680485,0.14765784114052954,0.2916666666666667,982.0,0.5133298484056456,0.5708661417322834,0.2204724409448819,0.5760988737167347,822.0,0.2204724409448819,0.027559055118110236,0.14173228346456693,0.2677165354330709,145.0,0.8081547307893361,0.5909771563364706,0.21469024072637038,254.0,0.29013539651837517,179.0,188.0,0.13277574490329325,0.22821569139684506,0.28517110266159695,0.3072916666666667,263.0,0.1374803972817564,0.2952755905511811,0.23228346456692914,0.619690734860674,1471.0,0.23228346456692914,0.027559055118110236,0.1377952755905512,0.29133858267716534,75.0,0.0,current_only_0s,0.0
0.16650943396226414,last,0.7839622641509434,0.6845135318420331,0.18884828500939407,353.0,0.4521531100478469,164.0,294.0,0.16650943396226414,0.4130297643721262,0.391304347826087,0.4716981132075472,483.0,0.2278301886792453,0.5354107648725213,0.28328611898017,0.7290745826459597,1473.0,0.28328611898017,0.053824362606232294,0.17563739376770537,0.42492917847025496,189.0,zero_offset,causal,353,cortical_pca64_delta,grouped_1,,0.8334905660377359,0.5,,353.0,,353.0,0.0,0.16650943396226414,,,,0.0,0.0,0.0,,,1767.0,0.0,2120,8113,0.0,0.7669811320754717,0.6516574722926296,0.22956342794912207,353.0,0.40625,184.0,310.0,0.16650943396226414,0.3875651981018633,0.35281837160751567,0.46226415094339623,479.0,0.2259433962264151,0.47875354107648727,0.2776203966005666,0.7046609945314717,1457.0,0.2776203966005666,0.056657223796033995,0.17847025495750707,0.3881019830028329,169.0,0.7632075471698113,0.6799973066175445,0.24689197503697438,353.0,0.4384787472035795,157.0,345.0,-0.012329226683180483,0.013135339587082406,0.015483169380850537,0.19924142050390056,0.19654100829877774,0.16650943396226414,0.4007005376889457,0.36229205175600737,0.46226415094339623,541.0,0.25518867924528305,0.5552407932011332,0.2776203966005666,0.7474681403316388,1422.0,0.2776203966005666,0.0453257790368272,0.1501416430594901,0.4192634560906516,196.0,0.7886792452830189,0.6544726982401632,0.23341656170704578,353.0,0.4166666666666667,193.0,255.0,0.16650943396226414,0.38521736830809516,0.3855421686746988,0.4716981132075472,415.0,0.1957547169811321,0.45325779036827196,0.28328611898017,0.6949167215763983,1512.0,0.28328611898017,0.05099150141643059,0.1671388101983003,0.40509915014164305,160.0,arousal__future_spike_1_3s,0.05,0.35424528301886793,0.50040721377601,0.14769169133747465,353.0,0.27064464571124136,99.0,1270.0,0.16650943396226414,0.20145911718504514,0.16666666666666666,0.24056603773584906,1524.0,0.7188679245283018,0.7195467422096318,0.14447592067988668,0.5138220219286221,497.0,0.14447592067988668,0.025495750708215296,0.09631728045325778,0.22662889518413598,254.0,0.6929245283018868,0.5222220084617099,0.2098239074338593,353.0,0.22407628128724671,259.0,392.0,0.16650943396226414,0.20415952939016796,0.1934156378600823,0.2830188679245283,486.0,0.22924528301886793,0.26628895184135976,0.16997167138810199,0.5145739245307823,1375.0,0.16997167138810199,0.025495750708215296,0.10764872521246459,0.2096317280453258,94.0,0.0,current_only_0s,0.0
0.10471698113207548,last,0.8476415094339622,0.6384648610676008,0.15427824010403718,222.0,0.33946830265848665,139.0,184.0,0.10471698113207548,0.2955187970810324,0.31086142322097376,0.3160377358490566,267.0,0.1259433962264151,0.3738738738738739,0.30180180180180183,0.7163087745279526,1714.0,0.30180180180180183,0.07207207207207207,0.17117117117117117,0.3063063063063063,83.0,zero_offset,causal,222,cortical_pca64_delta,grouped_1,,0.8952830188679245,0.5,,222.0,,222.0,0.0,0.10471698113207548,,,,0.0,0.0,0.0,,,1898.0,0.0,2120,8113,0.0,0.8174528301886792,0.6096721062474487,0.18108785311733794,222.0,0.2846580406654344,145.0,242.0,0.10471698113207548,0.2455725822002678,0.2413793103448276,0.2783018867924528,319.0,0.15047169811320754,0.34684684684684686,0.26576576576576577,0.6405272501162912,1656.0,0.26576576576576577,0.05855855855855856,0.16216216216216217,0.27927927927927926,77.0,0.8716981132075472,0.6001908125195796,0.25686030890990114,222.0,0.29533678756476683,165.0,107.0,-0.017339535883391932,0.03260667899737266,-0.0006156867410057054,0.1450908872797791,0.13759608859576838,0.10471698113207548,0.27817926119764047,0.3475609756097561,0.2971698113207547,164.0,0.07735849056603773,0.25675675675675674,0.28378378378378377,0.7408580867484977,1791.0,0.28378378378378377,0.05855855855855856,0.16666666666666666,0.2927927927927928,57.0,0.8617924528301887,0.6026139416550376,0.19912042032134591,222.0,0.29397590361445786,161.0,132.0,0.10471698113207548,0.2787949479386462,0.3160621761658031,0.3113207547169811,193.0,0.0910377358490566,0.2747747747747748,0.2972972972972973,0.6941327523519304,1766.0,0.2972972972972973,0.06756756756756757,0.18018018018018017,0.3063063063063063,61.0,arousal__future_spike_1_3s,0.075,0.7929245283018868,0.544264232620397,0.11316943415777252,222.0,0.18853974121996303,171.0,268.0,0.10471698113207548,0.13308837391786138,0.15987460815047022,0.16037735849056603,319.0,0.15047169811320754,0.22972972972972974,0.15315315315315314,0.5261726426109988,1630.0,0.15315315315315314,0.02252252252252252,0.0990990990990991,0.15315315315315314,51.0,0.8839622641509434,0.5155545429518033,0.18736430828047057,222.0,0.08208955223880597,211.0,35.0,0.10471698113207548,0.1405831726018721,0.2391304347826087,0.19811320754716982,46.0,0.02169811320754717,0.04954954954954955,0.1891891891891892,0.5256077995804023,1863.0,0.1891891891891892,0.03153153153153153,0.10810810810810811,0.19369369369369369,11.0,0.0,current_only_0s,0.0
0.26521739130434785,last,0.678743961352657,0.6219215141031029,0.25150126704180925,549.0,0.4526748971193415,274.0,391.0,0.26521739130434785,0.4343991031687739,0.41291291291291293,0.5362318840579711,666.0,0.3217391304347826,0.5009107468123861,0.20218579234972678,0.6703240246745922,1130.0,0.20218579234972678,0.025500910746812388,0.11293260473588343,0.4335154826958106,275.0,zero_offset,causal,549,cortical_pca64_delta,grouped_1,3.0,0.7347826086956522,0.5,,549.0,,549.0,0.0,0.26521739130434785,,,,0.0,0.0,0.0,,,1521.0,0.0,2070,7915,0.0,0.6545893719806763,0.5915165820588267,0.2777908838637846,549.0,0.41248972884141333,298.0,417.0,0.26521739130434785,0.3934612588506038,0.37574850299401197,0.5169082125603864,668.0,0.32270531400966185,0.45719489981785066,0.19489981785063754,0.6242417928000106,1104.0,0.19489981785063754,0.023679417122040074,0.10200364298724955,0.39526411657559196,251.0,0.6512077294685991,0.5915435272307908,0.29080319088056156,549.0,0.413961038961039,294.0,428.0,-0.028743446948283846,0.012194397369886256,0.014714587257975587,0.059294224333861,0.05104204178124233,0.26521739130434785,0.40565565622049005,0.3733528550512445,0.5169082125603864,683.0,0.329951690821256,0.4644808743169399,0.19489981785063754,0.6486038209451408,1093.0,0.19489981785063754,0.020036429872495445,0.122040072859745,0.40255009107468126,255.0,0.648792270531401,0.5893178560265572,0.27181087053946207,549.0,0.41133603238866395,295.0,432.0,0.26521739130434785,0.39094106896251446,0.37026239067055394,0.46859903381642515,686.0,0.3314009661835749,0.46265938069216755,0.1766848816029144,0.6323013931252687,1089.0,0.1766848816029144,0.023679417122040074,0.10564663023679417,0.39162112932604737,254.0,arousal__future_change_p3s_movement,0.05,0.2768115942028985,0.49974132634914475,0.19679651843770463,549.0,0.41682898324892875,14.0,1483.0,0.26521739130434785,0.34636143188662905,0.2651139742319128,0.42028985507246375,2018.0,0.9748792270531401,0.9744990892531876,0.15846994535519127,0.569641293895182,38.0,0.15846994535519127,0.02185792349726776,0.0965391621129326,0.35154826958105645,535.0,0.4714975845410628,0.5158168159429193,0.2269528431420771,549.0,0.37981859410430835,214.0,880.0,0.26521739130434785,0.3546136144392477,0.2757201646090535,0.463768115942029,1215.0,0.5869565217391305,0.6102003642987249,0.17486338797814208,0.5606164576320104,641.0,0.17486338797814208,0.025500910746812388,0.11839708561020036,0.3533697632058288,335.0,0.0,current_only_0s,0.0
0.157487922705314,last,0.7367149758454107,0.621775975122418,0.15944724556122258,326.0,0.35196195005945297,178.0,367.0,0.157487922705314,0.298593479310926,0.287378640776699,0.34782608695652173,515.0,0.24879227053140096,0.4539877300613497,0.22085889570552147,0.683139739404514,1377.0,0.22085889570552147,0.03374233128834356,0.11349693251533742,0.3159509202453988,148.0,zero_offset,causal,326,cortical_pca64_delta,grouped_1,3.0,0.842512077294686,0.5,,326.0,,326.0,0.0,0.157487922705314,,,,0.0,0.0,0.0,,,1744.0,0.0,2070,7915,0.0,0.7695652173913043,0.5926366297067597,0.22213166109982563,326.0,0.31366906474820144,217.0,260.0,0.157487922705314,0.2724470502735754,0.2953929539295393,0.34299516908212563,369.0,0.1782608695652174,0.3343558282208589,0.21779141104294478,0.6332157229695503,1484.0,0.21779141104294478,0.03680981595092025,0.13190184049079753,0.3098159509202454,109.0,0.782608695652174,0.5916481398097597,0.24490162855145994,326.0,0.3119266055045872,224.0,226.0,-0.018513011571439197,0.007633417465911396,0.010710454567871897,0.05666340584917526,0.05363371959960567,0.157487922705314,0.2800804677394868,0.31097560975609756,0.3719806763285024,328.0,0.15845410628019324,0.3128834355828221,0.2361963190184049,0.6650901249507514,1518.0,0.2361963190184049,0.03374233128834356,0.13496932515337423,0.3098159509202454,102.0,0.7758454106280194,0.568928702088141,0.23302812690535885,326.0,0.27272727272727276,239.0,225.0,0.157487922705314,0.2693700131716149,0.27884615384615385,0.3188405797101449,312.0,0.15072463768115943,0.2668711656441718,0.20245398773006135,0.6292723166544718,1519.0,0.20245398773006135,0.03680981595092025,0.11349693251533742,0.2852760736196319,87.0,arousal__future_change_p3s_movement,0.075,0.7057971014492753,0.5809805397647324,0.14472620899769992,326.0,0.2991944764096663,196.0,413.0,0.157487922705314,0.22341706189031155,0.23941068139963168,0.26570048309178745,543.0,0.26231884057971017,0.3987730061349693,0.1687116564417178,0.5769245652051557,1331.0,0.1687116564417178,0.03374233128834356,0.10122699386503067,0.25766871165644173,130.0,0.7613526570048309,0.5478573338211291,0.20951722950454638,326.0,0.2376543209876543,249.0,245.0,0.157487922705314,0.22644674813988114,0.2391304347826087,0.2946859903381642,322.0,0.15555555555555556,0.2361963190184049,0.18711656441717792,0.558658608656498,1499.0,0.18711656441717792,0.03374233128834356,0.1196319018404908,0.2361963190184049,77.0,0.0,current_only_0s,0.0
0.17918177110305541,last,0.7431382703262558,0.6300331868492551,0.19468977298717874,346.0,0.3876543209876543,189.0,307.0,0.17918177110305541,0.38192448863694656,0.33836206896551724,0.4587628865979381,464.0,0.24029000517866392,0.45375722543352603,0.25722543352601157,0.6914388869641327,1278.0,0.25722543352601157,0.04335260115606936,0.16184971098265896,0.35260115606936415,157.0,zero_offset,causal,346,cortical_pca64_delta,grouped_2,,0.8208182288969446,0.5,,346.0,,346.0,0.0,0.17918177110305541,,,,0.0,0.0,0.0,,,1585.0,0.0,1931,8302,0.0,0.7229414810978767,0.6267673820681607,0.21973477373240888,346.0,0.38150289017341044,181.0,354.0,0.17918177110305541,0.3674710474386503,0.3179190751445087,0.4175257731958763,519.0,0.2687726566545831,0.476878612716763,0.23410404624277456,0.6724840903703434,1231.0,0.23410404624277456,0.03757225433526012,0.16184971098265896,0.36127167630057805,165.0,0.7659243915069912,0.6450429423241735,0.25390130854996623,346.0,0.41145833333333337,188.0,264.0,0.019138451024779124,0.033591892223075404,0.026997406934158197,0.17881933549445292,0.19960507239959285,0.17918177110305541,0.4010629396617257,0.3744075829383886,0.5154639175257731,422.0,0.21853961677887104,0.45664739884393063,0.28901734104046245,0.715273244470378,1321.0,0.28901734104046245,0.03757225433526012,0.1791907514450867,0.40173410404624277,158.0,0.7099948213360953,0.625658722488649,0.20101535326324954,346.0,0.3791574279379157,175.0,385.0,0.17918177110305541,0.3740655327275675,0.30755395683453235,0.4690721649484536,556.0,0.2879337131020197,0.49421965317919075,0.2630057803468208,0.6566401050309075,1200.0,0.2630057803468208,0.04335260115606936,0.17052023121387283,0.3554913294797688,171.0,arousal__future_spike_1_3s,0.05,0.1916105644743656,0.49627468499845007,0.13145287223629065,346.0,0.3009404388714733,10.0,1551.0,0.17918177110305541,0.22224360416727276,0.178060413354531,0.25257731958762886,1887.0,0.9772138788192646,0.9710982658959537,0.1416184971098266,0.5673510694553345,34.0,0.1416184971098266,0.017341040462427744,0.07225433526011561,0.2514450867052023,336.0,0.6623511134127396,0.5062662971134735,0.19387704856882815,346.0,0.2182254196642686,255.0,397.0,0.17918177110305541,0.20145786726213283,0.1864754098360656,0.23195876288659795,488.0,0.2527187985499741,0.2630057803468208,0.13005780346820808,0.5195729472474974,1188.0,0.13005780346820808,0.02023121387283237,0.08670520231213873,0.1994219653179191,91.0,0.0,current_only_0s,0.0
0.10616261004660797,last,0.8228896944588296,0.6193638187830314,0.15840118580358103,205.0,0.30204081632653057,131.0,211.0,0.10616261004660797,0.2700106051341348,0.2596491228070175,0.33505154639175255,285.0,0.14759192128430865,0.36097560975609755,0.3170731707317073,0.6869428821750558,1515.0,0.3170731707317073,0.04878048780487805,0.22439024390243903,0.32195121951219513,74.0,zero_offset,causal,205,cortical_pca64_delta,grouped_2,,0.893837389953392,0.5,,205.0,,205.0,0.0,0.10616261004660797,,,,0.0,0.0,0.0,,,1726.0,0.0,1931,8302,0.0,0.8166752977731745,0.6158875731283384,0.18710977181068356,205.0,0.2948207171314741,131.0,223.0,0.10616261004660797,0.25634477453300053,0.24915824915824916,0.3247422680412371,297.0,0.15380631796996375,0.36097560975609755,0.3073170731707317,0.6657180001695729,1503.0,0.3073170731707317,0.04878048780487805,0.1951219512195122,0.3121951219512195,74.0,0.8420507509062661,0.6494262781561767,0.2095048613907906,205.0,0.3524416135881104,122.0,183.0,0.05921429531209804,0.07288012591323229,0.06512231625141468,0.18836827110772483,0.21270267341117394,0.10616261004660797,0.3292249004462328,0.31203007518796994,0.37628865979381443,266.0,0.13775245986535473,0.40487804878048783,0.35609756097560974,0.7424836786027188,1543.0,0.35609756097560974,0.05365853658536585,0.25853658536585367,0.36585365853658536,83.0,0.8146038322112895,0.6125794873244212,0.17708399377781606,205.0,0.2896825396825397,132.0,226.0,0.10616261004660797,0.26410258419481814,0.24414715719063546,0.3247422680412371,299.0,0.15484205075090626,0.35609756097560974,0.3073170731707317,0.6916174434050251,1500.0,0.3073170731707317,0.05365853658536585,0.2,0.3121951219512195,73.0,arousal__future_spike_1_3s,0.075,0.7322630761263594,0.5385778481191532,0.09761901710014753,205.0,0.18838304552590268,145.0,372.0,0.10616261004660797,0.14085662933850798,0.1388888888888889,0.20618556701030927,432.0,0.22371828068358363,0.2926829268292683,0.1951219512195122,0.5291948110674618,1354.0,0.1951219512195122,0.024390243902439025,0.1073170731707317,0.2097560975609756,60.0,0.8130502330398757,0.5171395868072238,0.15151414185987114,205.0,0.13842482100238662,176.0,185.0,0.10616261004660797,0.11652222703505888,0.13551401869158877,0.13402061855670103,214.0,0.1108234075608493,0.14146341463414633,0.12682926829268293,0.5087301811604443,1541.0,0.12682926829268293,0.01951219512195122,0.08780487804878048,0.13658536585365855,29.0,0.0,current_only_0s,0.0
0.291866028708134,last,0.6347687400318979,0.6377196869000148,0.23642843267101113,549.0,0.50752688172043,195.0,492.0,0.291866028708134,0.498158587665229,0.41843971631205673,0.6349206349206349,846.0,0.44976076555023925,0.644808743169399,0.2185792349726776,0.686391309342129,840.0,0.2185792349726776,0.025500910746812388,0.12568306010928962,0.46265938069216755,354.0,zero_offset,causal,549,cortical_pca64_delta,grouped_2,3.0,0.7081339712918661,0.5,,549.0,,549.0,0.0,0.291866028708134,,,,0.0,0.0,0.0,,,1332.0,0.0,1881,8104,0.0,0.6310473152578415,0.6045758873627727,0.2735743707967157,549.0,0.46118012422360255,252.0,442.0,0.291866028708134,0.45793581779507264,0.401894451962111,0.582010582010582,739.0,0.392876129718235,0.5409836065573771,0.20036429872495445,0.6479662722832121,890.0,0.20036429872495445,0.0273224043715847,0.12021857923497267,0.4444444444444444,297.0,0.6182881446039341,0.5987791069758283,0.28690068882249864,549.0,0.4577039274924471,246.0,472.0,-0.025470192460436136,0.014752577409720247,-0.00491806941776507,0.12468920707320019,0.12980977152476192,0.291866028708134,0.4726883952047929,0.3909677419354839,0.6190476190476191,775.0,0.4120148856990962,0.5519125683060109,0.21311475409836064,0.6540488576007701,860.0,0.21311475409836064,0.025500910746812388,0.12568306010928962,0.42805100182149364,303.0,0.6539074960127592,0.6148279426967951,0.277769736652145,549.0,0.4677023712183156,263.0,388.0,0.291866028708134,0.47760646462255796,0.42433234421364985,0.6190476190476191,674.0,0.35832004253056887,0.5209471766848816,0.21311475409836064,0.66337785873305,944.0,0.21311475409836064,0.0273224043715847,0.12021857923497267,0.4663023679417122,286.0,arousal__future_change_p3s_movement,0.05,0.3763955342902711,0.49329862649534784,0.2015305697683149,549.0,0.42016806722689076,124.0,1049.0,0.291866028708134,0.3479991881315927,0.2883310719131615,0.47619047619047616,1474.0,0.783625730994152,0.7741347905282332,0.16393442622950818,0.5326186842580285,283.0,0.16393442622950818,0.018214936247723135,0.08743169398907104,0.3242258652094718,425.0,0.5167464114832536,0.5222640673460346,0.2245641886042388,549.0,0.3927855711422846,255.0,654.0,0.291866028708134,0.34287862368003097,0.310126582278481,0.43915343915343913,948.0,0.5039872408293461,0.5355191256830601,0.151183970856102,0.5273497541257104,678.0,0.151183970856102,0.018214936247723135,0.08561020036429873,0.331511839708561,294.0,0.0,current_only_0s,0.0
0.16427432216905902,last,0.7442849548112705,0.6468014279008869,0.1748676094402515,309.0,0.3919089759797724,154.0,327.0,0.16427432216905902,0.36732200441014,0.3215767634854772,0.4708994708994709,482.0,0.2562466772993089,0.5016181229773463,0.28802588996763756,0.7144301160272405,1245.0,0.28802588996763756,0.038834951456310676,0.1715210355987055,0.4045307443365696,155.0,zero_offset,causal,309,cortical_pca64_delta,grouped_2,3.0,0.835725677830941,0.5,,309.0,,309.0,0.0,0.16427432216905902,,,,0.0,0.0,0.0,,,1572.0,0.0,1881,8104,0.0,0.7655502392344498,0.6231224832629265,0.2327880230831291,309.0,0.3654676258992806,182.0,259.0,0.16427432216905902,0.33299576991620333,0.3290155440414508,0.455026455026455,386.0,0.2052099946836789,0.4110032362459547,0.2783171521035599,0.6699214407470541,1313.0,0.2783171521035599,0.038834951456310676,0.16181229773462782,0.37540453074433655,127.0,0.746943115364168,0.6470917018701055,0.23020058820590042,309.0,0.39285714285714285,155.0,321.0,0.0029415871707196284,0.03726782166465631,0.025009939658277025,0.13667065787647706,0.15519331318729407,0.16427432216905902,0.37026359158085964,0.32421052631578945,0.4973544973544973,475.0,0.25252525252525254,0.49838187702265374,0.3042071197411003,0.7071629733936114,1251.0,0.3042071197411003,0.02912621359223301,0.18446601941747573,0.3883495145631068,154.0,0.7575757575757576,0.6352522295511253,0.2168780086722406,309.0,0.3804347826086957,169.0,287.0,0.16427432216905902,0.3452536519225826,0.32786885245901637,0.47619047619047616,427.0,0.22700691121743755,0.45307443365695793,0.2912621359223301,0.6761201281322826,1285.0,0.2912621359223301,0.03559870550161812,0.1779935275080906,0.3786407766990291,140.0,arousal__future_change_p3s_movement,0.075,0.644869750132908,0.5249203290595124,0.14563950128520217,309.0,0.24263038548752833,202.0,466.0,0.16427432216905902,0.23359293370438258,0.18673647469458987,0.3439153439153439,573.0,0.30462519936204147,0.34627831715210355,0.21035598705501618,0.556379027808658,1106.0,0.21035598705501618,0.025889967637540454,0.1262135922330097,0.2686084142394822,107.0,0.7644869750132908,0.5483831122310334,0.20307332766758518,309.0,0.24013722126929676,239.0,204.0,0.16427432216905902,0.21507027839356557,0.25547445255474455,0.30158730158730157,274.0,0.14566719829877725,0.22653721682847897,0.18446601941747573,0.5455915412930161,1368.0,0.18446601941747573,0.02912621359223301,0.10355987055016182,0.23948220064724918,70.0,0.0,current_only_0s,0.0
0.16430853491556366,last,0.7777270652670014,0.6393864918987803,0.20053706766007345,360.0,0.3904881101376721,204.0,283.0,0.16430853491556366,0.3484915963404199,0.3553530751708428,0.40454545454545454,439.0,0.20036513007759013,0.43333333333333335,0.24722222222222223,0.6731006129012683,1548.0,0.24722222222222223,0.04722222222222222,0.15555555555555556,0.38055555555555554,156.0,zero_offset,causal,360,cortical_pca64_delta,grouped_3,,0.8356914650844364,0.5,,360.0,,360.0,0.0,0.16430853491556366,,,,0.0,0.0,0.0,,,1831.0,0.0,2191,8042,0.0,0.7663167503423094,0.6068958978093331,0.24564152245845702,360.0,0.3419023136246787,227.0,285.0,0.16430853491556366,0.3255248250430982,0.3181818181818182,0.4090909090909091,418.0,0.19078046554084893,0.36944444444444446,0.25,0.6458022331452151,1546.0,0.25,0.05,0.15,0.3194444444444444,133.0,0.7375627567320858,0.6298614903816979,0.2725861030133517,360.0,0.37020810514786423,191.0,384.0,-0.010174190518677573,0.012792580778644091,0.03214130404342824,0.15282367009445538,0.15968504791429508,0.16430853491556366,0.3383174058217423,0.30560578661844484,0.4409090909090909,553.0,0.2523961661341853,0.46944444444444444,0.26944444444444443,0.6942866678803326,1447.0,0.26944444444444443,0.03888888888888889,0.1527777777777778,0.36944444444444446,169.0,0.7037882245549977,0.5873376721888464,0.21583725595754388,360.0,0.3146779303062302,211.0,438.0,0.16430853491556366,0.30617610177831406,0.25383304940374785,0.37727272727272726,587.0,0.26791419443176634,0.41388888888888886,0.23055555555555557,0.6340933915892955,1393.0,0.23055555555555557,0.04722222222222222,0.14444444444444443,0.33611111111111114,149.0,arousal__future_spike_1_3s,0.05,0.3591967138293017,0.5139480551004308,0.14609110576448106,360.0,0.2762886597938144,92.0,1312.0,0.16430853491556366,0.18549373572728692,0.16962025316455695,0.20454545454545456,1580.0,0.7211319032405294,0.7444444444444445,0.125,0.5286667880332544,519.0,0.125,0.013888888888888888,0.075,0.21666666666666667,268.0,0.6795983569146509,0.5181898173432854,0.19963826800478515,360.0,0.22172949002217293,260.0,442.0,0.16430853491556366,0.17863235790744722,0.18450184501845018,0.2409090909090909,542.0,0.24737562756732087,0.2777777777777778,0.14722222222222223,0.5070787062321743,1389.0,0.14722222222222223,0.016666666666666666,0.06944444444444445,0.18055555555555555,100.0,0.0,current_only_0s,0.0
0.09767229575536285,last,0.8429940666362392,0.598384931383811,0.17128154935945225,214.0,0.2680851063829787,151.0,193.0,0.09767229575536285,0.22659954482010153,0.24609375,0.24545454545454545,256.0,0.11684162482884528,0.29439252336448596,0.2523364485981308,0.6623672230652504,1784.0,0.2523364485981308,0.056074766355140186,0.19158878504672897,0.24766355140186916,63.0,zero_offset,causal,214,cortical_pca64_delta,grouped_3,,0.9023277042446372,0.5,,214.0,,214.0,0.0,0.09767229575536285,,,,0.0,0.0,0.0,,,1977.0,0.0,2191,8042,0.0,0.8156093108169785,0.589461045008249,0.18273587627412566,214.0,0.24626865671641793,148.0,256.0,0.09767229575536285,0.20917192315987698,0.20496894409937888,0.22272727272727272,322.0,0.14696485623003194,0.308411214953271,0.22897196261682243,0.6215615087525231,1721.0,0.22897196261682243,0.056074766355140186,0.1588785046728972,0.22429906542056074,66.0,0.851665905979005,0.6219420532384099,0.24881916597892437,214.0,0.3070362473347548,142.0,183.0,-0.003522237424662983,0.013905384235561563,0.008167321349393353,0.11843731016487284,0.11610931426007595,0.09767229575536285,0.22307730739543855,0.2823529411764706,0.2909090909090909,255.0,0.1163852122318576,0.3364485981308411,0.29906542056074764,0.698060404937151,1794.0,0.29906542056074764,0.04205607476635514,0.17757009345794392,0.29439252336448596,72.0,0.81926061159288,0.5977349330383522,0.17233777937150888,214.0,0.2584269662921348,145.0,251.0,0.09767229575536285,0.2149099860460452,0.215625,0.2590909090909091,320.0,0.1460520310360566,0.32242990654205606,0.26635514018691586,0.6371283782186736,1726.0,0.26635514018691586,0.06074766355140187,0.1822429906542056,0.2616822429906542,69.0,arousal__future_spike_1_3s,0.075,0.7827476038338658,0.5254137534922638,0.11328282953404704,214.0,0.15602836879432627,170.0,306.0,0.09767229575536285,0.1046399972305657,0.12571428571428572,0.12272727272727273,350.0,0.1597444089456869,0.205607476635514,0.1261682242990654,0.5067765282052009,1671.0,0.1261682242990654,0.014018691588785047,0.07009345794392523,0.1261682242990654,44.0,0.8644454586946599,0.5102617011520334,0.17900292595642261,214.0,0.09174311926605504,199.0,98.0,0.09767229575536285,0.1069679931353626,0.13274336283185842,0.14545454545454545,113.0,0.051574623459607484,0.07009345794392523,0.14953271028037382,0.5106387001923995,1879.0,0.14953271028037382,0.018691588785046728,0.06542056074766354,0.14953271028037382,15.0,0.0,current_only_0s,0.0
0.25455394675385334,last,0.6347501167678655,0.6329746384309397,0.24342661165725063,545.0,0.46730245231607626,202.0,580.0,0.25455394675385334,0.43822961211915995,0.37161430119176597,0.4930232558139535,923.0,0.4311069593647828,0.6293577981651376,0.1944954128440367,0.6846956841645397,1016.0,0.1944954128440367,0.03302752293577982,0.11192660550458716,0.42752293577981654,343.0,zero_offset,causal,545,cortical_pca64_delta,grouped_3,3.0,0.7454460532461467,0.5,,545.0,,545.0,0.0,0.25455394675385334,,,,0.0,0.0,0.0,,,1596.0,0.0,2141,7844,0.0,0.6062587575899112,0.5915108873100181,0.2700542907172801,545.0,0.420618556701031,239.0,604.0,0.25455394675385334,0.4094890345548806,0.3362637362637363,0.4930232558139535,910.0,0.425035030359645,0.5614678899082569,0.1944954128440367,0.6384205927663195,992.0,0.1944954128440367,0.03302752293577982,0.11743119266055047,0.4055045871559633,306.0,0.5511443250817375,0.5793135361339128,0.2738689819664113,545.0,0.41933534743202416,198.0,763.0,-0.046713801382843034,-0.0179732238185637,-0.00844750490522228,0.08885137410287092,0.08667249633418656,0.25455394675385334,0.3915158107363169,0.31261261261261264,0.5348837209302325,1110.0,0.5184493227463802,0.636697247706422,0.21100917431192662,0.6316502264836403,833.0,0.21100917431192662,0.023853211009174313,0.12110091743119267,0.3761467889908257,347.0,0.6249416160672583,0.6052505116001012,0.27231682531309787,545.0,0.43410852713178294,237.0,566.0,0.25455394675385334,0.3999633156415392,0.3524027459954233,0.4883720930232558,874.0,0.4082204577300327,0.5651376146788991,0.1926605504587156,0.6324055551723345,1030.0,0.1926605504587156,0.031192660550458717,0.11559633027522936,0.4018348623853211,308.0,arousal__future_change_p3s_movement,0.05,0.27603923400280245,0.4999114759375503,0.19501495182577064,545.0,0.4020061728395062,24.0,1526.0,0.25455394675385334,0.302664436633446,0.2545188080117245,0.34418604651162793,2047.0,0.9560952825782345,0.9559633027522936,0.13577981651376148,0.5466107930376399,70.0,0.13577981651376148,0.014678899082568808,0.07522935779816514,0.3486238532110092,521.0,0.46053246146660437,0.517328297808742,0.2366561304586797,545.0,0.3739837398373984,200.0,955.0,0.25455394675385334,0.30484331440213036,0.2653846153846154,0.3581395348837209,1300.0,0.6071929005137786,0.6330275229357798,0.14128440366972478,0.5524177416017106,641.0,0.14128440366972478,0.012844036697247707,0.07339449541284404,0.3394495412844037,345.0,0.0,current_only_0s,0.0
0.14152265296590377,last,0.7412424100887436,0.616388706335269,0.18072132553785797,303.0,0.3260340632603407,169.0,385.0,0.14152265296590377,0.297105073602333,0.2581888246628131,0.37209302325581395,519.0,0.24241008874357778,0.44224422442244227,0.264026402640264,0.6830516022222461,1453.0,0.264026402640264,0.0429042904290429,0.1485148514851485,0.30033003300330036,134.0,zero_offset,causal,303,cortical_pca64_delta,grouped_3,3.0,0.8584773470340962,0.5,,303.0,,303.0,0.0,0.14152265296590377,,,,0.0,0.0,0.0,,,1838.0,0.0,2141,7844,0.0,0.779542269967305,0.5959735255353609,0.24601270154174726,303.0,0.3038348082595871,200.0,272.0,0.14152265296590377,0.2720385023729643,0.27466666666666667,0.34418604651162793,375.0,0.17515179822512844,0.33993399339933994,0.24422442244224424,0.6297579159439339,1566.0,0.24422442244224424,0.039603960396039604,0.1485148514851485,0.297029702970297,103.0,0.7351704810836058,0.5949365611207476,0.23840834276217332,303.0,0.29913473423980225,182.0,385.0,-0.033476715098908594,-0.008410143869539866,-0.008865770741910695,0.09196233054909098,0.08787701346230181,0.14152265296590377,0.2636283585034244,0.2391304347826087,0.3302325581395349,506.0,0.23633815973843997,0.39933993399339934,0.23432343234323433,0.6568500702083266,1453.0,0.23432343234323433,0.0297029702970297,0.15181518151815182,0.29372937293729373,121.0,0.7533862680990191,0.5876302265699911,0.22161955242172615,303.0,0.2903225806451613,195.0,333.0,0.14152265296590377,0.2724941292453351,0.24489795918367346,0.3302325581395349,441.0,0.20597851471275105,0.3564356435643564,0.23432343234323433,0.6363531891818126,1505.0,0.23432343234323433,0.0462046204620462,0.15181518151815182,0.28052805280528054,108.0,arousal__future_change_p3s_movement,0.075,0.6702475478748249,0.5474768097049095,0.14482269393163594,303.0,0.24411134903640258,189.0,517.0,0.14152265296590377,0.17166602795433344,0.18066561014263074,0.20465116279069767,631.0,0.29472209248014947,0.37623762376237624,0.14521452145214522,0.5249912912945266,1321.0,0.14521452145214522,0.019801980198019802,0.0858085808580858,0.19141914191419143,114.0,0.7888836992059786,0.535263972534359,0.21238478247589532,303.0,0.19572953736654805,248.0,204.0,0.14152265296590377,0.1757513450411226,0.21235521235521235,0.2372093023255814,259.0,0.12097150864082204,0.18151815181518152,0.16831683168316833,0.5401875334432247,1634.0,0.16831683168316833,0.0165016501650165,0.0858085808580858,0.20462046204620463,55.0,0.0,current_only_0s,0.0
0.16025641025641027,last,0.7766272189349113,0.6615971814445096,0.19494784420191408,325.0,0.4139715394566623,165.0,288.0,0.16025641025641027,0.36142592243730803,0.35714285714285715,0.47783251231527096,448.0,0.22090729783037474,0.49230769230769234,0.29846153846153844,0.708698676543656,1415.0,0.29846153846153844,0.04,0.16615384615384615,0.4,160.0,zero_offset,causal,325,cortical_pca64_delta,grouped_4,,0.8397435897435898,0.5,,325.0,,325.0,0.0,0.16025641025641027,,,,0.0,0.0,0.0,,,1703.0,0.0,2028,8205,0.0,0.730276134122288,0.6103464474456841,0.22660259868431484,325.0,0.34016887816646557,184.0,363.0,0.16025641025641027,0.30622897184292863,0.27976190476190477,0.43842364532019706,504.0,0.2485207100591716,0.4338461538461538,0.27384615384615385,0.6534369212701567,1340.0,0.27384615384615385,0.036923076923076927,0.15076923076923077,0.3476923076923077,141.0,0.8091715976331361,0.6585672342924251,0.27086592116723557,325.0,0.4232488822652757,183.0,204.0,0.018430607740593796,0.0736275583349732,0.0674596796308618,0.21351426671836207,0.20619183918615316,0.16025641025641027,0.37985653017790183,0.41040462427745666,0.4876847290640394,346.0,0.17061143984220908,0.4369230769230769,0.3046153846153846,0.7436288901937756,1499.0,0.3046153846153846,0.04,0.16615384615384615,0.4123076923076923,142.0,0.7223865877712031,0.6305460951262478,0.21222875561489615,325.0,0.36384180790960446,164.0,399.0,0.16025641025641027,0.31239685054704003,0.2875,0.4187192118226601,560.0,0.27613412228796846,0.49538461538461537,0.26153846153846155,0.6401391210081756,1304.0,0.26153846153846155,0.04,0.15384615384615385,0.3446153846153846,161.0,arousal__future_spike_1_3s,0.05,0.21597633136094674,0.4970757486788021,0.13679699610608803,325.0,0.2713107241063245,29.0,1561.0,0.16025641025641027,0.16634226345953976,0.15939687668282176,0.19704433497536947,1857.0,0.915680473372781,0.9107692307692308,0.12307692307692308,0.4962030805366096,142.0,0.12307692307692308,0.024615384615384615,0.06153846153846154,0.1753846153846154,296.0,0.6824457593688363,0.5345625366999412,0.19426607596581355,325.0,0.24235294117647058,222.0,422.0,0.16025641025641027,0.17366469099174867,0.1961904761904762,0.1921182266009852,525.0,0.2588757396449704,0.3169230769230769,0.12,0.5083355165093274,1281.0,0.12,0.018461538461538463,0.06153846153846154,0.2123076923076923,103.0,0.0,current_only_0s,0.0
0.08530571992110454,last,0.8500986193293886,0.6638580309427731,0.15443947318727605,173.0,0.33333333333333337,97.0,207.0,0.08530571992110454,0.2534939737686592,0.26855123674911663,0.2955665024630542,283.0,0.13954635108481261,0.4393063583815029,0.3468208092485549,0.7045261206238412,1648.0,0.3468208092485549,0.06358381502890173,0.2023121387283237,0.3179190751445087,76.0,zero_offset,causal,173,cortical_pca64_delta,grouped_4,,0.9146942800788954,0.5,,173.0,,173.0,0.0,0.08530571992110454,,,,0.0,0.0,0.0,,,1855.0,0.0,2028,8205,0.0,0.7899408284023669,0.6231120390134459,0.16218157184623566,173.0,0.25524475524475526,100.0,326.0,0.08530571992110454,0.2073463650956002,0.18295739348370926,0.24630541871921183,399.0,0.19674556213017752,0.42196531791907516,0.28901734104046245,0.6683327360827633,1529.0,0.28901734104046245,0.046242774566473986,0.19653179190751446,0.27167630057803466,73.0,0.881163708086785,0.6258058987582382,0.24944925097787354,173.0,0.31339031339031337,118.0,123.0,-0.007159550034170931,0.038988058638888046,0.04136002159162139,0.15379752865535146,0.14660326738281818,0.08530571992110454,0.24633442373448824,0.3089887640449438,0.30049261083743845,178.0,0.08777120315581854,0.3179190751445087,0.35260115606936415,0.7334777121667732,1732.0,0.35260115606936415,0.046242774566473986,0.2254335260115607,0.3179190751445087,55.0,0.8560157790927022,0.6146798996619043,0.2048521048042001,173.0,0.27722772277227725,117.0,175.0,0.08530571992110454,0.20497440214286686,0.24242424242424243,0.2512315270935961,231.0,0.11390532544378698,0.3236994219653179,0.2947976878612717,0.6696196812240002,1680.0,0.2947976878612717,0.046242774566473986,0.19653179190751446,0.27167630057803466,56.0,arousal__future_spike_1_3s,0.075,0.7327416173570019,0.5210881386036801,0.09968580353999336,173.0,0.1451104100946372,127.0,415.0,0.08530571992110454,0.09253689507913679,0.09978308026030369,0.11822660098522167,461.0,0.22731755424063116,0.2658959537572254,0.13872832369942195,0.47448389760528487,1440.0,0.13872832369942195,0.028901734104046242,0.08092485549132948,0.12138728323699421,46.0,0.8357988165680473,0.5223891061496035,0.14814271969730777,173.0,0.13054830287206265,148.0,185.0,0.08530571992110454,0.09973115635167007,0.11904761904761904,0.11822660098522167,210.0,0.10355029585798817,0.14450867052023122,0.13872832369942195,0.5204711527974697,1670.0,0.13872832369942195,0.017341040462427744,0.08092485549132948,0.11560693641618497,25.0,0.0,current_only_0s,0.0
0.25303030303030305,last,0.6681818181818182,0.664381176794484,0.23600573875003492,501.0,0.5003802281368822,172.0,485.0,0.25303030303030305,0.47022916169701795,0.40417690417690416,0.6111111111111112,814.0,0.4111111111111111,0.656686626746507,0.24151696606786427,0.7204563152262075,994.0,0.24151696606786427,0.023952095808383235,0.12974051896207583,0.49700598802395207,329.0,zero_offset,causal,501,cortical_pca64_delta,grouped_4,3.0,0.746969696969697,0.5,,501.0,,501.0,0.0,0.25303030303030305,,,,0.0,0.0,0.0,,,1479.0,0.0,1980,8005,0.0,0.648989898989899,0.6290967760219925,0.2680323662635896,501.0,0.45914396887159536,206.0,489.0,0.25303030303030305,0.42996629632488664,0.3762755102040816,0.5757575757575758,784.0,0.39595959595959596,0.5888223552894212,0.2275449101796407,0.675297140674702,990.0,0.2275449101796407,0.01996007984031936,0.12974051896207583,0.41916167664670656,295.0,0.6707070707070707,0.6291149951618062,0.26568906218917854,501.0,0.4557595993322204,228.0,424.0,-0.0540503151361198,-0.01378744976398849,0.010901048773056088,0.08592989899799947,0.07838305746610164,0.25303030303030305,0.41617884656089815,0.3916786226685796,0.5151515151515151,697.0,0.352020202020202,0.5449101796407185,0.20359281437125748,0.6804511328931049,1055.0,0.20359281437125748,0.01996007984031936,0.1217564870259481,0.42714570858283435,273.0,0.6196969696969697,0.6088289951537088,0.24942301825379873,501.0,0.43847874720357943,207.0,546.0,0.25303030303030305,0.40527779778784206,0.35,0.5404040404040404,840.0,0.42424242424242425,0.5868263473053892,0.21357285429141717,0.6546136935054839,933.0,0.21357285429141717,0.01996007984031936,0.12574850299401197,0.4091816367265469,294.0,arousal__future_change_p3s_movement,0.05,0.3328282828282828,0.5091986412570397,0.2150240341525528,501.0,0.39652809502055736,67.0,1254.0,0.25303030303030305,0.3302489475628987,0.2571090047393365,0.4292929292929293,1688.0,0.8525252525252526,0.8662674650698603,0.16966067864271456,0.5547444664423689,225.0,0.16966067864271456,0.027944111776447105,0.10778443113772455,0.30538922155688625,434.0,0.453030303030303,0.4999068799520634,0.22736595412028007,501.0,0.3549731983323407,203.0,880.0,0.25303030303030305,0.3377957890947965,0.2529711375212224,0.4393939393939394,1178.0,0.5949494949494949,0.5948103792415169,0.17365269461077845,0.561929555358519,599.0,0.17365269461077845,0.021956087824351298,0.0998003992015968,0.36327345309381237,298.0,0.0,current_only_0s,0.0
0.13383838383838384,last,0.7803030303030303,0.680152923703174,0.17494317586581096,265.0,0.39834024896265563,121.0,314.0,0.13383838383838384,0.3283077675865656,0.314410480349345,0.4090909090909091,458.0,0.2313131313131313,0.5433962264150943,0.30566037735849055,0.7517927278728203,1401.0,0.30566037735849055,0.04150943396226415,0.17735849056603772,0.36981132075471695,144.0,zero_offset,causal,265,cortical_pca64_delta,grouped_4,3.0,0.8661616161616161,0.5,,265.0,,265.0,0.0,0.13383838383838384,,,,0.0,0.0,0.0,,,1715.0,0.0,1980,8005,0.0,0.7712121212121212,0.6158809615490402,0.22091912821034151,265.0,0.3208395802098951,158.0,295.0,0.13383838383838384,0.27771680270594146,0.26616915422885573,0.3888888888888889,402.0,0.20303030303030303,0.4037735849056604,0.29056603773584905,0.6930414214203201,1420.0,0.29056603773584905,0.033962264150943396,0.16226415094339622,0.32452830188679244,107.0,0.8080808080808081,0.622806535012927,0.24431913784838177,265.0,0.3402777777777778,167.0,213.0,-0.04826146225485123,0.0023295026257729168,-0.01746127928351443,0.07514398631352032,0.070763553809435,0.13383838383838384,0.2800463053317144,0.31511254019292606,0.3686868686868687,311.0,0.15707070707070708,0.36981132075471695,0.27547169811320754,0.6809109411958854,1502.0,0.27547169811320754,0.03018867924528302,0.16226415094339622,0.33584905660377357,98.0,0.7722222222222223,0.6403927608779361,0.2052008159973749,265.0,0.35107913669064744,143.0,308.0,0.13383838383838384,0.2975075846152288,0.2837209302325581,0.35353535353535354,430.0,0.21717171717171718,0.46037735849056605,0.2641509433962264,0.7193685021178282,1407.0,0.2641509433962264,0.03018867924528302,0.17735849056603772,0.3320754716981132,122.0,arousal__future_change_p3s_movement,0.075,0.5904040404040404,0.5609604488695747,0.136996768491706,265.0,0.25390984360625574,127.0,684.0,0.13383838383838384,0.20490231901819406,0.1678832116788321,0.2676767676767677,822.0,0.41515151515151516,0.5207547169811321,0.2,0.5805027779305793,1031.0,0.2,0.033962264150943396,0.1320754716981132,0.22641509433962265,138.0,0.8,0.5686891468177567,0.20284206283353876,265.0,0.2528301886792453,198.0,198.0,0.13383838383838384,0.20928275152227938,0.2528301886792453,0.26262626262626265,265.0,0.13383838383838384,0.2528301886792453,0.19622641509433963,0.58081082567798,1517.0,0.19622641509433963,0.022641509433962263,0.1320754716981132,0.2528301886792453,67.0,0.0,current_only_0s,0.0
