schema_version,target_name,target_type,validation_protocol,fold,seed,feature_name,variant_name,control_type,n_train,n_test,checkpoint_restore_pass,eval_mode_scoring,ar_retrained,frozen_ar_train_checksum,frozen_ar_test_checksum,residual_suppressed,inner_val_selection_policy,training_label_policy,decision_threshold_train_only,pr_auc,roc_auc,f1,precision,recall,balanced_accuracy,continuous_mae,continuous_mse,continuous_rmse,continuous_pearson,continuous_spearman,spearman_future_movement,top_1pct_precision,top_1pct_recall,top_1pct_lift,top_1pct_avg_true_movement,top_1pct_avg_true_movement_lift,top_5pct_precision,top_5pct_recall,top_5pct_lift,top_5pct_avg_true_movement,top_5pct_avg_true_movement_lift,top_10pct_precision,top_10pct_recall,top_10pct_lift,top_10pct_avg_true_movement,top_10pct_avg_true_movement_lift,within_video_macro_pr_auc,within_video_macro_roc_auc,within_video_macro_spearman_future_movement,within_video_macro_top_5pct_lift,within_video_video_count,best_epoch,epochs_run,best_inner_val_delta_vs_frozen_ar,heldout_scoring_policy,early_stopping_reason,checkpoint_restored,checkpoint_path,checkpoint_checksum,alpha_final,gate_mean,gate_p05,gate_p50,gate_p95,delta_vs_frozen_ar_pr_auc,delta_vs_frozen_ar_roc_auc,delta_vs_frozen_ar_top_1pct_recall,delta_vs_frozen_ar_top_5pct_recall,delta_vs_frozen_ar_top_10pct_recall,delta_vs_frozen_ar_spearman_future_movement,continuous_bias,peak_underprediction,binary_pr_auc,binary_roc_auc,binary_pr_auc_from_continuous_prediction,top_1pct_continuous_lift,ndcg_at_1pct,top_1pct_spike_recall_from_continuous_prediction,top_5pct_continuous_lift,ndcg_at_5pct,top_5pct_spike_recall_from_continuous_prediction,top_10pct_continuous_lift,ndcg_at_10pct,top_10pct_spike_recall_from_continuous_prediction,delta_vs_frozen_ar_continuous_spearman,delta_vs_frozen_ar_continuous_pearson,delta_vs_frozen_ar_top_1pct_continuous_lift,delta_vs_frozen_ar_top_5pct_continuous_lift,delta_vs_frozen_ar_top_10pct_continuous_lift,delta_vs_frozen_ar_ndcg_at_1pct,delta_vs_frozen_ar_ndcg_at_5pct,delta_vs_frozen_ar_ndcg_at_10pct,delta_vs_frozen_ar_binary_pr_auc,delta_vs_frozen_ar_binary_pr_auc_from_continuous_prediction
again_dense_2hz_phase5_redesigned_target_blocked_v1,future_arousal_max_delta_rows_4_10_train_q90,binary,blocked_temporal_70_30,1,20260625,temporal_mean_2s_then_pca256,monotonic_do_no_harm_residual,frozen_ar_only,159923,69101,True,True,False,80b73ff09d687b0403448d5d4b12d354,4c29fe54a12048766664509ef4a8eeaf,True,not_applicable,not_applicable,-2.1203863620758057,0.26369109067321667,0.7401799731857736,0.3233567589913187,0.2404401819746711,0.49356385663806157,0.6458044367780922,0.07450199127197266,0.014593099243938923,0.12080190082916296,0.35305732508197707,0.296161136932833,0.2578571471571293,0.4624277456647399,0.04038364462392731,4.032587033465319,0.24769581854343414,0.1710570976138115,0.3732638888888889,0.16279656739020695,3.255036343527399,0.18812014162540436,0.11148142069578171,0.32064824193315006,0.2796567390206966,2.7962032011386424,0.16248221695423126,0.08584349602460861,0.3638075694386801,0.6407496309416946,0.29011075629017374,1.9117012548450132,995.0,,,,,,,,,,,,,,,,,,,,,,,,,,,,,,,,,,,,,,,,,,,
again_dense_2hz_phase5_redesigned_target_blocked_v1,future_arousal_max_delta_rows_4_10_train_q90,binary,blocked_temporal_70_30,1,20260625,temporal_mean_2s_then_pca256,monotonic_do_no_harm_residual,real_residual,159923,69101,True,True,False,80b73ff09d687b0403448d5d4b12d354,4c29fe54a12048766664509ef4a8eeaf,False,true_inner_val_labels_targets,true_train_labels_targets,-2.1203842163085938,0.26379376372921326,0.7401750728888992,0.3204077298789552,0.24146981627296588,0.47602221100454317,0.6411691550960732,0.07658965140581131,0.014520755037665367,0.12050209557375077,0.28849736850817836,0.25305065557986434,0.2568311203875215,0.4624277456647399,0.04038364462392731,4.032587033465319,0.24769581854343414,0.1710570976138115,0.3738425925925926,0.16304896516910652,3.2600829115018604,0.18837688863277435,0.1117381677031517,0.32050354507307194,0.27953054013124684,2.7949413765893922,0.16242434084415436,0.08578561991453171,0.3595048406281388,0.6406655791629549,0.1814104712269975,1.9467112088079346,995.0,40.0,40.0,6.193534296028425e-05,true_heldout_labels_targets,max_epochs_reached,True,outputs/again_dense_2hz_phase5_redesigned_target_blocked_20260630_010721/checkpoints/future_arousal_max_delta_rows_4_10_train_q90__blocked_temporal_70_30__fold1__real_residual__monotonic_do_no_harm_residual__binary__20260625__best.npz,64bc699b0aada97eef6dbd255de20078,0.002269824268296361,0.11481568217277527,0.00010414796997793019,0.013563406653702259,0.6898614764213562,0.00010267305599659382,-4.90029687438831e-06,0.0,0.00025239777889957127,-0.00012619888944975788,-0.0010260267696078351,,,,,,,,,,,,,,,,,,,,,,,,
again_dense_2hz_phase5_redesigned_target_blocked_v1,future_arousal_max_delta_rows_4_10_train_q90,binary,blocked_temporal_70_30,1,20260625,temporal_mean_2s_then_pca256,monotonic_do_no_harm_residual,shuffled_pca_residual,159923,69101,True,True,False,80b73ff09d687b0403448d5d4b12d354,4c29fe54a12048766664509ef4a8eeaf,True,true_inner_val_labels_targets,true_train_labels_targets,-2.1203863620758057,0.26369109067321667,0.7401799731857736,0.3233567589913187,0.2404401819746711,0.49356385663806157,0.6458044367780922,0.07450199127197266,0.014593099243938923,0.12080190082916296,0.35305732508197707,0.296161136932833,0.2578571471571293,0.4624277456647399,0.04038364462392731,4.032587033465319,0.24769581854343414,0.1710570976138115,0.3732638888888889,0.16279656739020695,3.255036343527399,0.18812014162540436,0.11148142069578171,0.32064824193315006,0.2796567390206966,2.7962032011386424,0.16248221695423126,0.08584349602460861,0.3638075694386801,0.6407496309416946,0.29011075629017374,1.9117012548450132,995.0,0.0,8.0,0.0,true_heldout_labels_targets,patience_exhausted,False,,,0.0,0.0,0.0,0.0,0.0,0.0,0.0,0.0,0.0,0.0,0.0,,,,,,,,,,,,,,,,,,,,,,,,
again_dense_2hz_phase5_redesigned_target_blocked_v1,future_arousal_max_delta_rows_4_10_train_q90,binary,blocked_temporal_70_30,1,20260625,temporal_mean_2s_then_pca256,monotonic_do_no_harm_residual,random_pca_residual,159923,69101,True,True,False,80b73ff09d687b0403448d5d4b12d354,4c29fe54a12048766664509ef4a8eeaf,False,true_inner_val_labels_targets,true_train_labels_targets,-2.12038516998291,0.26369804684206594,0.740049697076045,0.3195989214694978,0.23988110295977738,0.47867238768298837,0.6411048323821222,0.07574097067117691,0.01454585138708353,0.1206061830383647,0.3218519197805999,0.25851549708027816,0.25664313113764453,0.46098265895953755,0.04025744573447754,4.01998519898574,0.24657034873962402,0.16993162781000137,0.3732638888888889,0.16279656739020695,3.255036343527399,0.1881314516067505,0.11149273067712784,0.32050354507307194,0.27953054013124684,2.7949413765893922,0.16244329512119293,0.08580457419157028,0.3597991584976568,0.6413266600432278,0.19900015421684053,1.9375858312615044,995.0,4.0,12.0,1.5098443830685593e-05,true_heldout_labels_targets,patience_exhausted,True,outputs/again_dense_2hz_phase5_redesigned_target_blocked_20260630_010721/checkpoints/future_arousal_max_delta_rows_4_10_train_q90__blocked_temporal_70_30__fold1__random_pca_residual__monotonic_do_no_harm_residual__binary__20260625__best.npz,dbaef03d21c2d9cff18e6b25e23d561e,0.0018874366069212556,0.1574792116880417,0.00011749918485293165,0.011001501232385635,0.8410372734069824,6.9561688492703055e-06,-0.00013027610972859982,-0.00012619888944977176,0.0,-0.00012619888944975788,-0.001214016019484787,,,,,,,,,,,,,,,,,,,,,,,,
again_dense_2hz_phase5_redesigned_target_blocked_v1,future_arousal_max_delta_rows_4_10_train_q90,binary,blocked_temporal_70_30,1,20260625,temporal_mean_2s_then_pca256,monotonic_do_no_harm_residual,label_permutation_residual,159923,69101,True,True,False,80b73ff09d687b0403448d5d4b12d354,4c29fe54a12048766664509ef4a8eeaf,True,permuted_inner_val_labels_targets,permuted_train_labels_targets,-2.1203863620758057,0.26369109067321667,0.7401799731857736,0.3233567589913187,0.2404401819746711,0.49356385663806157,0.6458044367780922,0.07450199127197266,0.014593099243938923,0.12080190082916296,0.35305732508197707,0.296161136932833,0.2578571471571293,0.4624277456647399,0.04038364462392731,4.032587033465319,0.24769581854343414,0.1710570976138115,0.3732638888888889,0.16279656739020695,3.255036343527399,0.18812014162540436,0.11148142069578171,0.32064824193315006,0.2796567390206966,2.7962032011386424,0.16248221695423126,0.08584349602460861,0.3638075694386801,0.6407496309416946,0.29011075629017374,1.9117012548450132,995.0,0.0,8.0,0.0,true_heldout_labels_targets,patience_exhausted,False,,,0.0,0.0,0.0,0.0,0.0,0.0,0.0,0.0,0.0,0.0,0.0,,,,,,,,,,,,,,,,,,,,,,,,
again_dense_2hz_phase5_redesigned_target_blocked_v1,future_arousal_max_delta_rows_4_10_train_q90,binary,blocked_temporal_70_30,1,20260625,temporal_mean_2s_then_pca256,monotonic_do_no_harm_residual,train_only_video_mean_residual,159923,69101,True,True,False,80b73ff09d687b0403448d5d4b12d354,4c29fe54a12048766664509ef4a8eeaf,False,true_inner_val_labels_targets,true_train_labels_targets,-2.1203781366348267,0.2638068504124327,0.7401886185843005,0.32162150843837684,0.24067690379191475,0.4846037354871277,0.6432858976894585,0.07452211529016495,0.014584277756512165,0.12076538310506105,0.3532081883414264,0.2953722353609572,0.25685146383462376,0.4624277456647399,0.04038364462392731,4.032587033465319,0.24769581854343414,0.1710570976138115,0.3732638888888889,0.16279656739020695,3.255036343527399,0.18812014162540436,0.11148142069578171,0.32050354507307194,0.27953054013124684,2.7949413765893922,0.16244907677173615,0.0858103558421135,0.3638075694386801,0.6407496309416946,0.29011075629017374,1.9117012548450132,995.0,3.0,11.0,1.3350843020759617e-05,true_heldout_labels_targets,patience_exhausted,True,outputs/again_dense_2hz_phase5_redesigned_target_blocked_20260630_010721/checkpoints/future_arousal_max_delta_rows_4_10_train_q90__blocked_temporal_70_30__fold1__train_only_video_mean_residual__monotonic_do_no_harm_residual__binary__20260625__best.npz,fdb09bc7490ddcc0fc72326183b65e15,0.0018375233048573136,0.038510411977767944,0.003006321843713522,0.01652582921087742,0.14434218406677246,0.00011575973921601479,8.645398526963e-06,0.0,0.0,-0.00012619888944975788,-0.0010056833225055573,,,,,,,,,,,,,,,,,,,,,,,,
again_dense_2hz_phase5_redesigned_target_blocked_v1,future_arousal_max_delta_rows_4_10_train_q90,binary,blocked_temporal_70_30,1,20260625,temporal_mean_2s_then_pca256,monotonic_do_no_harm_residual,diagnostics_only_residual,159923,69101,True,True,False,80b73ff09d687b0403448d5d4b12d354,4c29fe54a12048766664509ef4a8eeaf,True,true_inner_val_labels_targets,true_train_labels_targets,-2.1203863620758057,0.26369109067321667,0.7401799731857736,0.3233567589913187,0.2404401819746711,0.49356385663806157,0.6458044367780922,0.07450199127197266,0.014593099243938923,0.12080190082916296,0.35305732508197707,0.296161136932833,0.2578571471571293,0.4624277456647399,0.04038364462392731,4.032587033465319,0.24769581854343414,0.1710570976138115,0.3732638888888889,0.16279656739020695,3.255036343527399,0.18812014162540436,0.11148142069578171,0.32064824193315006,0.2796567390206966,2.7962032011386424,0.16248221695423126,0.08584349602460861,0.3638075694386801,0.6407496309416946,0.29011075629017374,1.9117012548450132,995.0,0.0,8.0,0.0,true_heldout_labels_targets,patience_exhausted,False,,,0.0,0.0,0.0,0.0,0.0,0.0,0.0,0.0,0.0,0.0,0.0,,,,,,,,,,,,,,,,,,,,,,,,
again_dense_2hz_phase5_redesigned_target_blocked_v1,future_arousal_max_delta_rows_4_10_train_q90,binary,blocked_temporal_70_30,1,20260626,temporal_mean_2s_then_pca256,monotonic_do_no_harm_residual,frozen_ar_only,159923,69101,True,True,False,8c145fe32821998ff8d171e00b30b504,d64261eb354b770bd0e2a65efb381840,True,not_applicable,not_applicable,-1.8854221105575562,0.26855679504491203,0.7475899203341895,0.3268123138033764,0.2694007858546169,0.4153205451792024,0.6347161922979884,0.0740935355424881,0.014682987704873085,0.1211733786971094,0.35387237501669483,0.297225480301254,0.2501556196157572,0.45375722543352603,0.03962645128722867,3.9569760265878444,0.24231746792793274,0.1656787469983101,0.3761574074074074,0.1640585562847047,3.2802691833997044,0.1890181452035904,0.11237942427396774,0.3189118796122124,0.27814235234729934,2.7810613065476386,0.16280727088451385,0.0861685499548912,0.35826016544235656,0.6383881538621846,0.3018643121339288,1.8620416311014565,995.0,,,,,,,,,,,,,,,,,,,,,,,,,,,,,,,,,,,,,,,,,,,
again_dense_2hz_phase5_redesigned_target_blocked_v1,future_arousal_max_delta_rows_4_10_train_q90,binary,blocked_temporal_70_30,1,20260626,temporal_mean_2s_then_pca256,monotonic_do_no_harm_residual,real_residual,159923,69101,True,True,False,8c145fe32821998ff8d171e00b30b504,d64261eb354b770bd0e2a65efb381840,False,true_inner_val_labels_targets,true_train_labels_targets,-1.8850652217864992,0.2687248927736201,0.7475714609333977,0.3266299220418094,0.2692591076545231,0.4150681474003029,0.6345818204023435,0.07524850219488144,0.014491661451756954,0.12038131687166806,0.3210895757577591,0.2651849490552603,0.24910069298840545,0.45375722543352603,0.03962645128722867,3.9569760265878444,0.24205243587493896,0.16541371494531631,0.3761574074074074,0.1640585562847047,3.2802691833997044,0.1890181452035904,0.11237942427396774,0.3189118796122124,0.27814235234729934,2.7810613065476386,0.16280393302440643,0.08616521209478378,0.3548697456482442,0.6399913978765197,0.20893837853784444,1.9052085705449917,995.0,11.0,19.0,0.00013431084080364752,true_heldout_labels_targets,patience_exhausted,True,outputs/again_dense_2hz_phase5_redesigned_target_blocked_20260630_010721/checkpoints/future_arousal_max_delta_rows_4_10_train_q90__blocked_temporal_70_30__fold1__real_residual__monotonic_do_no_harm_residual__binary__20260626__best.npz,11982c0e720e5bd8d72cbc5a515b0d02,0.002080746693536639,0.0981060117483139,0.00019202269322704524,0.011507156305015087,0.5979880094528198,0.00016809772870807205,-1.845940079181485e-05,0.0,0.0,0.0,-0.0010549266273517655,,,,,,,,,,,,,,,,,,,,,,,,
again_dense_2hz_phase5_redesigned_target_blocked_v1,future_arousal_max_delta_rows_4_10_train_q90,binary,blocked_temporal_70_30,1,20260626,temporal_mean_2s_then_pca256,monotonic_do_no_harm_residual,shuffled_pca_residual,159923,69101,True,True,False,8c145fe32821998ff8d171e00b30b504,d64261eb354b770bd0e2a65efb381840,False,true_inner_val_labels_targets,true_train_labels_targets,-1.8846685171127329,0.2686381164422631,0.7474487534152212,0.3266299220418094,0.2692591076545231,0.4150681474003029,0.6345818204023435,0.0770549401640892,0.01460848469287157,0.12086556454537235,0.2817268890957039,0.22475138347134516,0.2489854036050437,0.4552023121387283,0.03975265017667844,3.9695778610674233,0.24220821261405945,0.1655694916844368,0.3761574074074074,0.1640585562847047,3.2802691833997044,0.18902961909770966,0.112390898168087,0.3190565764722906,0.2782685512367491,2.7823231310968892,0.1628819704055786,0.08624324947595596,0.35443529738937324,0.6390657334899611,0.21958420627858324,1.8875008054968008,995.0,11.0,19.0,5.949625605769504e-05,true_heldout_labels_targets,patience_exhausted,True,outputs/again_dense_2hz_phase5_redesigned_target_blocked_20260630_010721/checkpoints/future_arousal_max_delta_rows_4_10_train_q90__blocked_temporal_70_30__fold1__shuffled_pca_residual__monotonic_do_no_harm_residual__binary__20260626__best.npz,5efcb59412ac534d579aa7453c6e9f2f,0.0019717204850167036,0.26966267824172974,1.184081247629365e-05,0.01911451295018196,0.9960972666740417,8.132139735106403e-05,-0.00014116691896826072,0.00012619888944977176,0.0,0.00012619888944975788,-0.0011702160107135151,,,,,,,,,,,,,,,,,,,,,,,,
again_dense_2hz_phase5_redesigned_target_blocked_v1,future_arousal_max_delta_rows_4_10_train_q90,binary,blocked_temporal_70_30,1,20260626,temporal_mean_2s_then_pca256,monotonic_do_no_harm_residual,random_pca_residual,159923,69101,True,True,False,8c145fe32821998ff8d171e00b30b504,d64261eb354b770bd0e2a65efb381840,False,true_inner_val_labels_targets,true_train_labels_targets,-1.8848016500473026,0.2686321697642606,0.7474552833624981,0.32664614162280264,0.2692811527755035,0.4150681474003029,0.6345899934085386,0.07685532420873642,0.014664820395410061,0.12109839138242118,0.282336601391225,0.22713725863704787,0.24896895050007498,0.4552023121387283,0.03975265017667844,3.9695778610674233,0.2424136847257614,0.16577496379613876,0.3761574074074074,0.1640585562847047,3.2802691833997044,0.1890181452035904,0.11237942427396774,0.3189118796122124,0.27814235234729934,2.7810613065476386,0.16280393302440643,0.08616521209478378,0.3539447936190447,0.6393180839210396,0.21610793333070974,1.8795448134982562,995.0,6.0,14.0,7.864848413424719e-05,true_heldout_labels_targets,patience_exhausted,True,outputs/again_dense_2hz_phase5_redesigned_target_blocked_20260630_010721/checkpoints/future_arousal_max_delta_rows_4_10_train_q90__blocked_temporal_70_30__fold1__random_pca_residual__monotonic_do_no_harm_residual__binary__20260626__best.npz,6f2fe6ea1b3032bdb0dab4315bcb1d88,0.00196283170953393,0.20823119580745697,3.394175655557774e-05,0.011147188022732735,0.9674634337425232,7.537471934854212e-05,-0.0001346369716913598,0.00012619888944977176,0.0,0.0,-0.0011866691156822429,,,,,,,,,,,,,,,,,,,,,,,,
again_dense_2hz_phase5_redesigned_target_blocked_v1,future_arousal_max_delta_rows_4_10_train_q90,binary,blocked_temporal_70_30,1,20260626,temporal_mean_2s_then_pca256,monotonic_do_no_harm_residual,label_permutation_residual,159923,69101,True,True,False,8c145fe32821998ff8d171e00b30b504,d64261eb354b770bd0e2a65efb381840,True,permuted_inner_val_labels_targets,permuted_train_labels_targets,-1.8854221105575562,0.26855679504491203,0.7475899203341895,0.3268123138033764,0.2694007858546169,0.4153205451792024,0.6347161922979884,0.0740935355424881,0.014682987704873085,0.1211733786971094,0.35387237501669483,0.297225480301254,0.2501556196157572,0.45375722543352603,0.03962645128722867,3.9569760265878444,0.24231746792793274,0.1656787469983101,0.3761574074074074,0.1640585562847047,3.2802691833997044,0.1890181452035904,0.11237942427396774,0.3189118796122124,0.27814235234729934,2.7810613065476386,0.16280727088451385,0.0861685499548912,0.35826016544235656,0.6383881538621846,0.3018643121339288,1.8620416311014565,995.0,0.0,8.0,0.0,true_heldout_labels_targets,patience_exhausted,False,,,0.0,0.0,0.0,0.0,0.0,0.0,0.0,0.0,0.0,0.0,0.0,,,,,,,,,,,,,,,,,,,,,,,,
again_dense_2hz_phase5_redesigned_target_blocked_v1,future_arousal_max_delta_rows_4_10_train_q90,binary,blocked_temporal_70_30,1,20260626,temporal_mean_2s_then_pca256,monotonic_do_no_harm_residual,train_only_video_mean_residual,159923,69101,True,True,False,8c145fe32821998ff8d171e00b30b504,d64261eb354b770bd0e2a65efb381840,False,true_inner_val_labels_targets,true_train_labels_targets,-1.8854153871536254,0.2686271769080306,0.7474567696449219,0.3268123138033764,0.2694007858546169,0.4153205451792024,0.6347161922979884,0.07409791648387909,0.014682519249618053,0.12117144568592905,0.3537794277943344,0.29562394763516886,0.24881528766370428,0.4552023121387283,0.03975265017667844,3.9695778610674233,0.24258382618427277,0.16594510525465012,0.3761574074074074,0.1640585562847047,3.2802691833997044,0.1890181452035904,0.11237942427396774,0.3189118796122124,0.27814235234729934,2.7810613065476386,0.16280727088451385,0.0861685499548912,0.35826016544235656,0.6383881538621846,0.3018643121339288,1.8620416311014565,995.0,1.0,9.0,6.332854262128262e-05,true_heldout_labels_targets,patience_exhausted,True,outputs/again_dense_2hz_phase5_redesigned_target_blocked_20260630_010721/checkpoints/future_arousal_max_delta_rows_4_10_train_q90__blocked_temporal_70_30__fold1__train_only_video_mean_residual__monotonic_do_no_harm_residual__binary__20260626__best.npz,6dfa1ba69222f6bf3cd2d3a3f77fe78c,0.0018172170966863632,0.02402123250067234,0.006292903795838356,0.0195777490735054,0.0549154207110405,7.038186311858485e-05,-0.00013315068926755824,0.00012619888944977176,0.0,0.0,-0.0013403319520529366,,,,,,,,,,,,,,,,,,,,,,,,
again_dense_2hz_phase5_redesigned_target_blocked_v1,future_arousal_max_delta_rows_4_10_train_q90,binary,blocked_temporal_70_30,1,20260626,temporal_mean_2s_then_pca256,monotonic_do_no_harm_residual,diagnostics_only_residual,159923,69101,True,True,False,8c145fe32821998ff8d171e00b30b504,d64261eb354b770bd0e2a65efb381840,False,true_inner_val_labels_targets,true_train_labels_targets,-1.884799146652222,0.26863709405350467,0.7474593244829261,0.32666236281471916,0.2693032015065913,0.4150681474003029,0.6345981664147338,0.07586757838726044,0.014617765322327614,0.1209039508135595,0.3080868279303971,0.24543184017993075,0.24899700553873141,0.4552023121387283,0.03975265017667844,3.9695778610674233,0.2424136847257614,0.16577496379613876,0.3761574074074074,0.1640585562847047,3.2802691833997044,0.1890181452035904,0.11237942427396774,0.3189118796122124,0.27814235234729934,2.7810613065476386,0.16280393302440643,0.08616521209478378,0.35538790370836626,0.6383139331483081,0.22144032903362182,1.8739756190992745,995.0,5.0,13.0,8.00730513475234e-05,true_heldout_labels_targets,patience_exhausted,True,outputs/again_dense_2hz_phase5_redesigned_target_blocked_20260630_010721/checkpoints/future_arousal_max_delta_rows_4_10_train_q90__blocked_temporal_70_30__fold1__diagnostics_only_residual__monotonic_do_no_harm_residual__binary__20260626__best.npz,0683444ef042045b84dc35d4c7c398ef,0.0019505753880366683,0.1920779049396515,7.367594662355259e-05,0.012728866189718246,0.9190768003463745,8.02990085926325e-05,-0.00013059585126340423,0.00012619888944977176,0.0,0.0,-0.0011586140770258047,,,,,,,,,,,,,,,,,,,,,,,,
again_dense_2hz_phase5_redesigned_target_blocked_v1,future_arousal_max_delta_rows_4_10_train_q90,binary,blocked_temporal_70_30,1,20260627,temporal_mean_2s_then_pca256,monotonic_do_no_harm_residual,frozen_ar_only,159923,69101,True,True,False,1f3a5ab9ef9ee64f210057d3e89fcdb7,718b7d93a3fdf86db53ce0f5e5a3e6a6,True,not_applicable,not_applicable,-1.8572495698928835,0.2663955457004872,0.7455134383571368,0.3253253253253253,0.2695753151957532,0.41014639071176173,0.6331017028014896,0.07435556501150131,0.014533556997776031,0.12055520311366089,0.3564064502179761,0.2984579583880707,0.2454662283537394,0.45375722543352603,0.03962645128722867,3.9569760265878444,0.23950527608394623,0.16286655515432358,0.37528935185185186,0.16367995961635537,3.272699331438013,0.1899268925189972,0.11328817158937454,0.31558385183041526,0.2752397778899546,2.752039341914882,0.16168981790542603,0.08505109697580338,0.35765688496684384,0.6381158802674193,0.3020494156531328,1.8448160750422273,995.0,,,,,,,,,,,,,,,,,,,,,,,,,,,,,,,,,,,,,,,,,,,
again_dense_2hz_phase5_redesigned_target_blocked_v1,future_arousal_max_delta_rows_4_10_train_q90,binary,blocked_temporal_70_30,1,20260627,temporal_mean_2s_then_pca256,monotonic_do_no_harm_residual,real_residual,159923,69101,True,True,False,1f3a5ab9ef9ee64f210057d3e89fcdb7,718b7d93a3fdf86db53ce0f5e5a3e6a6,False,true_inner_val_labels_targets,true_train_labels_targets,-1.856902837753296,0.26658916680148553,0.745490444815099,0.3252415035787577,0.26951472418083783,0.410020191822312,0.6330386033567647,0.07563503831624985,0.014403404667973518,0.12001418527813085,0.32154073267252453,0.26510969054987144,0.24441250254724625,0.45375722543352603,0.03962645128722867,3.9569760265878444,0.23950530588626862,0.16286658495664597,0.3755787037037037,0.16380615850580516,3.2752226154252435,0.19000594317913055,0.1133672222495079,0.31543915497033714,0.2751135790005048,2.750777517365632,0.1616354137659073,0.08499669283628464,0.3532368523136279,0.6378446244052849,0.19462514583742838,1.8750069709946016,995.0,9.0,17.0,0.00014710804423140322,true_heldout_labels_targets,patience_exhausted,True,outputs/again_dense_2hz_phase5_redesigned_target_blocked_20260630_010721/checkpoints/future_arousal_max_delta_rows_4_10_train_q90__blocked_temporal_70_30__fold1__real_residual__monotonic_do_no_harm_residual__binary__20260627__best.npz,81196d2e4d57f0255c189e713dbd3ce0,0.0020356259774416685,0.09722918272018433,0.00010010046389652416,0.007482252083718777,0.6120764017105103,0.0001936211009983535,-2.2993542037830217e-05,0.0,0.00012619888944978563,-0.00012619888944975788,-0.0010537258064931554,,,,,,,,,,,,,,,,,,,,,,,,
again_dense_2hz_phase5_redesigned_target_blocked_v1,future_arousal_max_delta_rows_4_10_train_q90,binary,blocked_temporal_70_30,1,20260627,temporal_mean_2s_then_pca256,monotonic_do_no_harm_residual,shuffled_pca_residual,159923,69101,True,True,False,1f3a5ab9ef9ee64f210057d3e89fcdb7,718b7d93a3fdf86db53ce0f5e5a3e6a6,False,true_inner_val_labels_targets,true_train_labels_targets,-1.857171630859375,0.2665043889824023,0.7454085084682865,0.3253253253253253,0.2695753151957532,0.41014639071176173,0.6331017028014896,0.07463236898183823,0.014507792890071869,0.1204482996562088,0.35063013363620643,0.28787867274663287,0.24428926927064362,0.45375722543352603,0.03962645128722867,3.9569760265878444,0.23950530588626862,0.16286658495664597,0.37528935185185186,0.16367995961635537,3.272699331438013,0.1899268925189972,0.11328817158937454,0.31558385183041526,0.2752397778899546,2.752039341914882,0.16168981790542603,0.08505109697580338,0.3519775225244361,0.6386848674507617,0.20825275505285473,1.849547796599257,995.0,3.0,11.0,7.113139764353127e-05,true_heldout_labels_targets,patience_exhausted,True,outputs/again_dense_2hz_phase5_redesigned_target_blocked_20260630_010721/checkpoints/future_arousal_max_delta_rows_4_10_train_q90__blocked_temporal_70_30__fold1__shuffled_pca_residual__monotonic_do_no_harm_residual__binary__20260627__best.npz,88a782a584eb5d14cb32678aa149e101,0.0018681949004530907,0.09063820540904999,0.0003295250644441694,0.010754391551017761,0.513189435005188,0.00010884328191512749,-0.00010492988885024701,0.0,0.0,0.0,-0.0011769590830957855,,,,,,,,,,,,,,,,,,,,,,,,
again_dense_2hz_phase5_redesigned_target_blocked_v1,future_arousal_max_delta_rows_4_10_train_q90,binary,blocked_temporal_70_30,1,20260627,temporal_mean_2s_then_pca256,monotonic_do_no_harm_residual,random_pca_residual,159923,69101,True,True,False,1f3a5ab9ef9ee64f210057d3e89fcdb7,718b7d93a3fdf86db53ce0f5e5a3e6a6,False,true_inner_val_labels_targets,true_train_labels_targets,-1.8571589708328249,0.2665028033886986,0.7454084682427385,0.32530904359141183,0.26955295678858754,0.41014639071176173,0.6330935297952944,0.07466737926006317,0.014506141655147076,0.1204414449230292,0.34973749750663835,0.2865059597604788,0.24429075001147052,0.45375722543352603,0.03962645128722867,3.9569760265878444,0.23950530588626862,0.16286658495664597,0.37528935185185186,0.16367995961635537,3.272699331438013,0.1899268925189972,0.11328817158937454,0.31558385183041526,0.2752397778899546,2.752039341914882,0.16168981790542603,0.08505109697580338,0.352479849075519,0.6388018498560648,0.2081212457506858,1.8527720670407728,995.0,3.0,11.0,7.14251924613385e-05,true_heldout_labels_targets,patience_exhausted,True,outputs/again_dense_2hz_phase5_redesigned_target_blocked_20260630_010721/checkpoints/future_arousal_max_delta_rows_4_10_train_q90__blocked_temporal_70_30__fold1__random_pca_residual__monotonic_do_no_harm_residual__binary__20260627__best.npz,b3dffb66462fabcb9bb4bd2fa8bc7d86,0.0018675059545785189,0.09931477159261703,0.0004179099341854453,0.012790597043931484,0.5518529415130615,0.00010725768821140402,-0.00010497011439825066,0.0,0.0,0.0,-0.0011754783422688875,,,,,,,,,,,,,,,,,,,,,,,,
again_dense_2hz_phase5_redesigned_target_blocked_v1,future_arousal_max_delta_rows_4_10_train_q90,binary,blocked_temporal_70_30,1,20260627,temporal_mean_2s_then_pca256,monotonic_do_no_harm_residual,label_permutation_residual,159923,69101,True,True,False,1f3a5ab9ef9ee64f210057d3e89fcdb7,718b7d93a3fdf86db53ce0f5e5a3e6a6,False,permuted_inner_val_labels_targets,permuted_train_labels_targets,-1.8567917108535767,0.2665119526957227,0.745421868507313,0.3252415035787577,0.26951472418083783,0.410020191822312,0.6330386033567647,0.07610998302698135,0.014403910376131535,0.12001629212790876,0.3187701210792994,0.2542581768581391,0.2443417967665341,0.45375722543352603,0.03962645128722867,3.9569760265878444,0.2395695000886917,0.16293077915906906,0.3755787037037037,0.16380615850580516,3.2752226154252435,0.19000594317913055,0.1133672222495079,0.315294458110259,0.274987380111055,2.7495156928163818,0.1615734100341797,0.08493468910455704,0.35709539378083976,0.6422976331057343,0.243498730301711,1.8670509789960563,995.0,13.0,21.0,5.446921982940611e-06,true_heldout_labels_targets,patience_exhausted,True,outputs/again_dense_2hz_phase5_redesigned_target_blocked_20260630_010721/checkpoints/future_arousal_max_delta_rows_4_10_train_q90__blocked_temporal_70_30__fold1__label_permutation_residual__monotonic_do_no_harm_residual__binary__20260627__best.npz,20b96a150ca8318648594e4693faa525,0.001955445623025298,0.26600831747055054,3.1346171454060823e-06,0.006294338032603264,0.9966328144073486,0.00011640699523551845,-9.156984982383598e-05,0.0,0.00012619888944978563,-0.00025239777889957127,-0.0011244315872053212,,,,,,,,,,,,,,,,,,,,,,,,
again_dense_2hz_phase5_redesigned_target_blocked_v1,future_arousal_max_delta_rows_4_10_train_q90,binary,blocked_temporal_70_30,1,20260627,temporal_mean_2s_then_pca256,monotonic_do_no_harm_residual,train_only_video_mean_residual,159923,69101,True,True,False,1f3a5ab9ef9ee64f210057d3e89fcdb7,718b7d93a3fdf86db53ce0f5e5a3e6a6,False,true_inner_val_labels_targets,true_train_labels_targets,-1.8571676015853884,0.26671669704180195,0.745618499236874,0.3253253253253253,0.2695753151957532,0.41014639071176173,0.6331017028014896,0.07444720715284348,0.01450384221971035,0.12043189868016842,0.35607948235426606,0.29560931388563105,0.24443214070298452,0.45375722543352603,0.03962645128722867,3.9569760265878444,0.23950530588626862,0.16286658495664597,0.37528935185185186,0.16367995961635537,3.272699331438013,0.1899268925189972,0.11328817158937454,0.31558385183041526,0.2752397778899546,2.752039341914882,0.16166913509368896,0.08503041416406631,0.35765688496684384,0.6381158802674193,0.3020494156531328,1.8448160750422273,995.0,4.0,12.0,0.00012919926453427988,true_heldout_labels_targets,patience_exhausted,True,outputs/again_dense_2hz_phase5_redesigned_target_blocked_20260630_010721/checkpoints/future_arousal_max_delta_rows_4_10_train_q90__blocked_temporal_70_30__fold1__train_only_video_mean_residual__monotonic_do_no_harm_residual__binary__20260627__best.npz,69e1ac4db6b34007c1ef789d9a509cc8,0.0018776905490085483,0.05291178449988365,0.0017009166767820716,0.016682488843798637,0.24999409914016724,0.00032115134131477374,0.00010506087973716216,0.0,0.0,0.0,-0.0010340876507548835,,,,,,,,,,,,,,,,,,,,,,,,
again_dense_2hz_phase5_redesigned_target_blocked_v1,future_arousal_max_delta_rows_4_10_train_q90,binary,blocked_temporal_70_30,1,20260627,temporal_mean_2s_then_pca256,monotonic_do_no_harm_residual,diagnostics_only_residual,159923,69101,True,True,False,1f3a5ab9ef9ee64f210057d3e89fcdb7,718b7d93a3fdf86db53ce0f5e5a3e6a6,False,true_inner_val_labels_targets,true_train_labels_targets,-1.8570763111114503,0.26649789522991535,0.745404124914989,0.3252415035787577,0.26951472418083783,0.410020191822312,0.6330386033567647,0.07522326707839966,0.01449029054492712,0.12037562271875116,0.3355980749259233,0.2699229612811997,0.24427541880010373,0.45375722543352603,0.03962645128722867,3.9569760265878444,0.2395695149898529,0.16293079406023026,0.3755787037037037,0.16380615850580516,3.2752226154252435,0.19000594317913055,0.1133672222495079,0.31543915497033714,0.2751135790005048,2.750777517365632,0.16165609657764435,0.0850173756480217,0.3554909285255893,0.6391773096260261,0.21148090254023547,1.8702333757954743,995.0,3.0,11.0,8.849419458739627e-05,true_heldout_labels_targets,patience_exhausted,True,outputs/again_dense_2hz_phase5_redesigned_target_blocked_20260630_010721/checkpoints/future_arousal_max_delta_rows_4_10_train_q90__blocked_temporal_70_30__fold1__diagnostics_only_residual__monotonic_do_no_harm_residual__binary__20260627__best.npz,93caa61168f59bb206a1e276a0fa2a56,0.001887295744381845,0.14241360127925873,0.00019310008792672306,0.009009829722344875,0.8100599050521851,0.00010234952942816955,-0.00010931344214781813,0.0,0.00012619888944978563,-0.00012619888944975788,-0.00119080955363568,,,,,,,,,,,,,,,,,,,,,,,,
again_dense_2hz_phase5_redesigned_target_blocked_v1,residual_future_max_delta_rows_4_10,continuous,blocked_temporal_70_30,1,20260625,temporal_mean_2s_then_pca256,monotonic_do_no_harm_residual,frozen_ar_only,156873,68008,True,True,False,522aa7387d3d7bc3a714853be403f8cf,148dc7bf4812ebb5c7b92c4f94600555,True,not_applicable,not_applicable,,,,,,,,0.10650043189525604,,0.14591276540198592,0.19353712455887367,0.054951171889664065,,,,,0.13626207411289215,,,,,0.09496395289897919,,,,,0.07676596194505692,,,,,,,,,,,,,,,,,,,,,,,,,,0.03307488188147545,0.32929614186286926,0.24862521233617033,0.7068720990461499,0.24785741185720672,0.1238383324816823,0.7138744049151171,0.03299552203629508,0.08254021126776934,0.7746925599428307,0.13869903370256895,0.06434222031384706,0.8123324872940428,0.24640584492104642,,,,,,,,,,
again_dense_2hz_phase5_redesigned_target_blocked_v1,residual_future_max_delta_rows_4_10,continuous,blocked_temporal_70_30,1,20260625,temporal_mean_2s_then_pca256,monotonic_do_no_harm_residual,real_residual,156873,68008,True,True,False,522aa7387d3d7bc3a714853be403f8cf,148dc7bf4812ebb5c7b92c4f94600555,False,true_inner_val_labels_targets,true_train_labels_targets,,,,,,,,0.10888873040676117,,0.14771253708850815,0.1808479285626398,0.052388070292046,,,,,0.1436665654182434,,,,,0.08480949699878693,,,,,0.0707734078168869,,,,,,,12.0,20.0,0.022167153656482697,true_heldout_labels_targets,patience_exhausted,True,outputs/again_dense_2hz_phase5_redesigned_target_blocked_20260630_010721/checkpoints/residual_future_max_delta_rows_4_10__blocked_temporal_70_30__fold1__real_residual__monotonic_do_no_harm_residual__continuous__20260625__best.npz,587d24de66aded372870f3d4dc44ff4b,0.0020977987442165613,0.07511626929044724,0.00016242392302956432,0.010934505611658096,0.4341106712818146,,,,,,,0.038718294352293015,0.32265764474868774,0.248822421785923,0.7068788580543577,0.23022966002495474,0.13124282378703356,0.7189498512481389,0.034056092387461705,0.07238575536757708,0.76838000822811,0.12090502003299552,0.05834966618567705,0.8078853254972392,0.22307329719538063,-0.0025631015976180643,-0.012689195996233887,0.007404491305351257,-0.01015445590019226,-0.005992554128170013,0.005075446333021816,-0.006312551714720671,-0.0044471617968036,0.00019720944975268329,-0.017627751832251987
again_dense_2hz_phase5_redesigned_target_blocked_v1,residual_future_max_delta_rows_4_10,continuous,blocked_temporal_70_30,1,20260625,temporal_mean_2s_then_pca256,monotonic_do_no_harm_residual,shuffled_pca_residual,156873,68008,True,True,False,522aa7387d3d7bc3a714853be403f8cf,148dc7bf4812ebb5c7b92c4f94600555,False,true_inner_val_labels_targets,true_train_labels_targets,,,,,,,,0.10938285291194916,,0.14822300044195846,0.15686160680709058,0.026394191671712725,,,,,0.12231940776109695,,,,,0.08404812961816788,,,,,0.06145399436354637,,,,,,,6.0,14.0,0.001443907618522644,true_heldout_labels_targets,patience_exhausted,True,outputs/again_dense_2hz_phase5_redesigned_target_blocked_20260630_010721/checkpoints/residual_future_max_delta_rows_4_10__blocked_temporal_70_30__fold1__shuffled_pca_residual__monotonic_do_no_harm_residual__continuous__20260625__best.npz,1175c53e514cf6b3e54d81bc7ca1e145,0.0019177774665877223,0.1710042953491211,5.625471749226563e-05,0.00959244929254055,0.8991421461105347,,,,,,,0.03839276731014252,0.32565316557884216,0.2487178926825215,0.7067613851454485,0.22020776907349643,0.1098956661298871,0.706150563250156,0.03087438133396182,0.07162438798695803,0.7670331451868819,0.12656139523921753,0.04903025273233652,0.8010859809248531,0.21517794013669572,-0.02855698021795134,-0.0366755177517831,-0.013942666351795197,-0.01091582328081131,-0.015311967581510544,-0.007723841664961095,-0.007659414755948779,-0.01124650636918978,9.268034635118161e-05,-0.027649642783710293
again_dense_2hz_phase5_redesigned_target_blocked_v1,residual_future_max_delta_rows_4_10,continuous,blocked_temporal_70_30,1,20260625,temporal_mean_2s_then_pca256,monotonic_do_no_harm_residual,random_pca_residual,156873,68008,True,True,False,522aa7387d3d7bc3a714853be403f8cf,148dc7bf4812ebb5c7b92c4f94600555,False,true_inner_val_labels_targets,true_train_labels_targets,,,,,,,,0.10930139571428299,,0.14815620069617622,0.1577010629972776,0.02728146870345162,,,,,0.11947695910930634,,,,,0.08300027251243591,,,,,0.06146233156323433,,,,,,,8.0,16.0,0.0028173699975013733,true_heldout_labels_targets,patience_exhausted,True,outputs/again_dense_2hz_phase5_redesigned_target_blocked_20260630_010721/checkpoints/residual_future_max_delta_rows_4_10__blocked_temporal_70_30__fold1__random_pca_residual__monotonic_do_no_harm_residual__continuous__20260625__best.npz,f960773da9e9dee6b833780b6e6c11c1,0.0019243390997871757,0.1535487025976181,0.0001376682339468971,0.012381017208099365,0.825776219367981,,,,,,,0.03824133798480034,0.3258184790611267,0.2487165252252716,0.7067618246591632,0.2204853297028429,0.10705321747809649,0.7049399051862469,0.030403016733443318,0.07057653088122606,0.766413306606478,0.12609003063869903,0.04903858993202448,0.8010834120559437,0.2168277162385105,-0.027669703186212445,-0.03583606156159608,-0.016785115003585815,-0.011963680386543274,-0.015303630381822586,-0.008934499728870171,-0.00827925333635271,-0.011249075238099149,9.131288910127489e-05,-0.02737208215436382
again_dense_2hz_phase5_redesigned_target_blocked_v1,residual_future_max_delta_rows_4_10,continuous,blocked_temporal_70_30,1,20260625,temporal_mean_2s_then_pca256,monotonic_do_no_harm_residual,label_permutation_residual,156873,68008,True,True,False,522aa7387d3d7bc3a714853be403f8cf,148dc7bf4812ebb5c7b92c4f94600555,False,permuted_inner_val_labels_targets,permuted_train_labels_targets,,,,,,,,0.10770491510629654,,0.146814571793912,0.18021124860950388,0.038013624458769935,,,,,0.12550319731235504,,,,,0.09244788438081741,,,,,0.07464012503623962,,,,,,,5.0,13.0,0.0022089025005698204,true_heldout_labels_targets,patience_exhausted,True,outputs/again_dense_2hz_phase5_redesigned_target_blocked_20260630_010721/checkpoints/residual_future_max_delta_rows_4_10__blocked_temporal_70_30__fold1__label_permutation_residual__monotonic_do_no_harm_residual__continuous__20260625__best.npz,3e0d3c6dc5d7f20c7cbe5210dec4e226,0.0018776090582832694,0.14250914752483368,0.00020290943211875856,0.012276963330805302,0.7849214673042297,,,,,,,0.03544914722442627,0.3277208209037781,0.2487343639564998,0.7067683352035368,0.23801784682882754,0.11307945568114519,0.7083867080449888,0.031227904784350696,0.08002414274960756,0.7728369180405689,0.13622436954984682,0.062216383405029774,0.810637870857438,0.24004242281404667,-0.01693754743089413,-0.013325875949369792,-0.01075887680053711,-0.0025160685181617737,-0.0021258369088172913,-0.005487696870128289,-0.0018556419022618398,-0.0016946164366048455,0.000109151620329484,-0.009839565028379182
again_dense_2hz_phase5_redesigned_target_blocked_v1,residual_future_max_delta_rows_4_10,continuous,blocked_temporal_70_30,1,20260625,temporal_mean_2s_then_pca256,monotonic_do_no_harm_residual,train_only_video_mean_residual,156873,68008,True,True,False,522aa7387d3d7bc3a714853be403f8cf,148dc7bf4812ebb5c7b92c4f94600555,False,true_inner_val_labels_targets,true_train_labels_targets,,,,,,,,0.10652481764554977,,0.1459236539423255,0.19147475429902472,0.0522106201805573,,,,,0.13675028085708618,,,,,0.09470479935407639,,,,,0.07626079022884369,,,,,,,4.0,12.0,0.0001612529158592224,true_heldout_labels_targets,patience_exhausted,True,outputs/again_dense_2hz_phase5_redesigned_target_blocked_20260630_010721/checkpoints/residual_future_max_delta_rows_4_10__blocked_temporal_70_30__fold1__train_only_video_mean_residual__monotonic_do_no_harm_residual__continuous__20260625__best.npz,419971307ff9f7ecb7715c0856079127,0.0019116726471111178,0.04859628900885582,0.0016846314538270235,0.016975464299321175,0.13575638830661774,,,,,,,0.032892074435949326,0.32945260405540466,0.248817081780697,0.7068739986561017,0.24700791967415273,0.12432653922587633,0.7141653526727659,0.0331133631864247,0.08228105772286654,0.7745318676429338,0.13834551025218006,0.06383704859763384,0.8119805776118212,0.24510959226962056,-0.002740551709106767,-0.0020623702598489557,0.00048820674419403076,-0.0002591535449028015,-0.0005051717162132263,0.0002909477576488184,-0.00016069229989690292,-0.00035190968222165164,0.00019186944452667665,-0.0008494921830539959
again_dense_2hz_phase5_redesigned_target_blocked_v1,residual_future_max_delta_rows_4_10,continuous,blocked_temporal_70_30,1,20260625,temporal_mean_2s_then_pca256,monotonic_do_no_harm_residual,diagnostics_only_residual,156873,68008,True,True,False,522aa7387d3d7bc3a714853be403f8cf,148dc7bf4812ebb5c7b92c4f94600555,False,true_inner_val_labels_targets,true_train_labels_targets,,,,,,,,0.10681970417499542,,0.14615341309499433,0.19181165368499098,0.052807488388733635,,,,,0.1348637044429779,,,,,0.09483306109905243,,,,,0.07719004154205322,,,,,,,3.0,11.0,0.00027676671743392944,true_heldout_labels_targets,patience_exhausted,True,outputs/again_dense_2hz_phase5_redesigned_target_blocked_20260630_010721/checkpoints/residual_future_max_delta_rows_4_10__blocked_temporal_70_30__fold1__diagnostics_only_residual__monotonic_do_no_harm_residual__continuous__20260625__best.npz,4631cccc3d40aba8e8dfa3e8dad33b4f,0.001862522796727717,0.12072913348674774,0.00017381343059241772,0.019519608467817307,0.5212865471839905,,,,,,,0.03393097594380379,0.3284253478050232,0.2488450303857409,0.7069657659520732,0.248174437927959,0.12243996281176805,0.7128934360262954,0.03275983973603582,0.08240931946784258,0.7745061723350728,0.13822766910205045,0.06476629991084337,0.8125247802509189,0.24734857412208344,-0.0021436835009304295,-0.0017254708738826952,-0.0013983696699142456,-0.0001308917999267578,0.0004240795969963074,-0.0009809688888217094,-0.00018638760775790963,0.00019229295687606118,0.00021981804957058038,0.00031702607075229094
again_dense_2hz_phase5_redesigned_target_blocked_v1,residual_future_max_delta_rows_4_10,continuous,blocked_temporal_70_30,1,20260626,temporal_mean_2s_then_pca256,monotonic_do_no_harm_residual,frozen_ar_only,156873,68008,True,True,False,ae26e1ab4869d45e47106a7c1ce5fd76,89d6bbc9a0739787f8f1c52cac372389,True,not_applicable,not_applicable,,,,,,,,0.1057683601975441,,0.14533216640741425,0.19617628201660037,0.05855498209519827,,,,,0.143484964966774,,,,,0.0960969552397728,,,,,0.07856399565935135,,,,,,,,,,,,,,,,,,,,,,,,,,0.030819211155176163,0.32964593172073364,0.25183500301748096,0.7137918999808063,0.25113995158807534,0.13106122333556414,0.7171660108525658,0.03417393353759133,0.08367321360856295,0.7755182522454934,0.13975960405373555,0.0661402540281415,0.813627934560074,0.24888050907376855,,,,,,,,,,
again_dense_2hz_phase5_redesigned_target_blocked_v1,residual_future_max_delta_rows_4_10,continuous,blocked_temporal_70_30,1,20260626,temporal_mean_2s_then_pca256,monotonic_do_no_harm_residual,real_residual,156873,68008,True,True,False,ae26e1ab4869d45e47106a7c1ce5fd76,89d6bbc9a0739787f8f1c52cac372389,False,true_inner_val_labels_targets,true_train_labels_targets,,,,,,,,0.10730333626270294,,0.14641468933681262,0.1937054466230601,0.05932564657929796,,,,,0.14535163342952728,,,,,0.09249839931726456,,,,,0.07593453675508499,,,,,,,10.0,18.0,0.0239933580160141,true_heldout_labels_targets,patience_exhausted,True,outputs/again_dense_2hz_phase5_redesigned_target_blocked_20260630_010721/checkpoints/residual_future_max_delta_rows_4_10__blocked_temporal_70_30__fold1__real_residual__monotonic_do_no_harm_residual__continuous__20260626__best.npz,82e5585be3c2df326994415da660aac6,0.00208471086807549,0.06216059997677803,0.00042195277637802064,0.01276006456464529,0.32353201508522034,,,,,,,0.03512993082404137,0.3239944577217102,0.2522408038646188,0.7138463878026851,0.24259687431308008,0.13292789179831743,0.7198235045552331,0.03417393353759133,0.0800746576860547,0.7737785024576198,0.13127504124440253,0.06351079512387514,0.8119674805596621,0.23709639406080604,0.0007706644840996882,-0.0024708353935402605,0.001866668462753296,-0.0035985559225082397,-0.0026294589042663574,0.002657493702667324,-0.0017397497878736123,-0.0016604540004119261,0.00040580084713781606,-0.008543077274995259
again_dense_2hz_phase5_redesigned_target_blocked_v1,residual_future_max_delta_rows_4_10,continuous,blocked_temporal_70_30,1,20260626,temporal_mean_2s_then_pca256,monotonic_do_no_harm_residual,shuffled_pca_residual,156873,68008,True,True,False,ae26e1ab4869d45e47106a7c1ce5fd76,89d6bbc9a0739787f8f1c52cac372389,False,true_inner_val_labels_targets,true_train_labels_targets,,,,,,,,0.10846911370754242,,0.1475159119452817,0.16398174533665513,0.03145095715986077,,,,,0.12294824421405792,,,,,0.0843244194984436,,,,,0.06530124694108963,,,,,,,4.0,12.0,0.002589777112007141,true_heldout_labels_targets,patience_exhausted,True,outputs/again_dense_2hz_phase5_redesigned_target_blocked_20260630_010721/checkpoints/residual_future_max_delta_rows_4_10__blocked_temporal_70_30__fold1__shuffled_pca_residual__monotonic_do_no_harm_residual__continuous__20260626__best.npz,4965fc4db5a3d75074292efe3dd9b5eb,0.0019256056984886527,0.18624259531497955,0.0001891524880193174,0.01782398670911789,0.9042085409164429,,,,,,,0.036145634949207306,0.32592064142227173,0.252080478944688,0.7136853297837308,0.22665328776254304,0.11052450258284807,0.7063392483678029,0.031227904784350696,0.07190067786723375,0.7673575495390439,0.1277398067405138,0.05287750530987978,0.803837863995936,0.2253122790478435,-0.0271040249353375,-0.032194536679945235,-0.020536720752716064,-0.011772535741329193,-0.013262748718261719,-0.010826762484762886,-0.00816070270644953,-0.009790070564137943,0.0002454759272070284,-0.0244866638255323
again_dense_2hz_phase5_redesigned_target_blocked_v1,residual_future_max_delta_rows_4_10,continuous,blocked_temporal_70_30,1,20260626,temporal_mean_2s_then_pca256,monotonic_do_no_harm_residual,random_pca_residual,156873,68008,True,True,False,ae26e1ab4869d45e47106a7c1ce5fd76,89d6bbc9a0739787f8f1c52cac372389,False,true_inner_val_labels_targets,true_train_labels_targets,,,,,,,,0.1088600680232048,,0.1478531906663146,0.158475023229322,0.029426467737681115,,,,,0.11552760750055313,,,,,0.08326773345470428,,,,,0.06177238002419472,,,,,,,6.0,14.0,0.002085268497467041,true_heldout_labels_targets,patience_exhausted,True,outputs/again_dense_2hz_phase5_redesigned_target_blocked_20260630_010721/checkpoints/residual_future_max_delta_rows_4_10__blocked_temporal_70_30__fold1__random_pca_residual__monotonic_do_no_harm_residual__continuous__20260626__best.npz,6bdc7c7b1e7c145fff51b35a6b106293,0.0019320957362651825,0.18014459311962128,8.735700976103544e-05,0.01216842420399189,0.9161655902862549,,,,,,,0.03675189986824989,0.3256151080131531,0.2520922582684376,0.7136977084301335,0.22201205993701748,0.10310386586934328,0.7023878502268073,0.03004949328305444,0.07084399182349443,0.7663593873887019,0.12609003063869903,0.04934863839298487,0.8012091991055574,0.21788828658967713,-0.029128514357517156,-0.03770125878727837,-0.027957357466220856,-0.012829221785068512,-0.01679161563515663,-0.01477816062575854,-0.009158864856791515,-0.01241873545451655,0.00025725525095665613,-0.029127891651057863
again_dense_2hz_phase5_redesigned_target_blocked_v1,residual_future_max_delta_rows_4_10,continuous,blocked_temporal_70_30,1,20260626,temporal_mean_2s_then_pca256,monotonic_do_no_harm_residual,label_permutation_residual,156873,68008,True,True,False,ae26e1ab4869d45e47106a7c1ce5fd76,89d6bbc9a0739787f8f1c52cac372389,False,permuted_inner_val_labels_targets,permuted_train_labels_targets,,,,,,,,0.10763747990131378,,0.14692897717881304,0.1824320517792764,0.055707842419086356,,,,,0.1311490535736084,,,,,0.09327881038188934,,,,,0.07300009578466415,,,,,,,9.0,17.0,0.0004253038205206394,true_heldout_labels_targets,patience_exhausted,True,outputs/again_dense_2hz_phase5_redesigned_target_blocked_20260630_010721/checkpoints/residual_future_max_delta_rows_4_10__blocked_temporal_70_30__fold1__label_permutation_residual__monotonic_do_no_harm_residual__continuous__20260626__best.npz,b66fb8ed7fbb8fef2eb799ce91e828ee,0.0019860947504639626,0.2786532938480377,1.1742885362764355e-05,0.04600013047456741,0.9696042537689209,,,,,,,0.036047495901584625,0.3244091272354126,0.2522666188132529,0.7139147133773078,0.24510771760787753,0.11872531194239855,0.7100387426735096,0.03252415743577657,0.08085506875067949,0.7731621386948231,0.13787414565166156,0.060576354153454304,0.8093736624847047,0.2426349281168984,-0.002847139676111915,-0.013744230237323962,-0.012335911393165588,-0.0028181448578834534,-0.005563899874687195,-0.007127268179056179,-0.0023561135506703357,-0.004254272075369325,0.00043161579577194464,-0.00603223398019781
again_dense_2hz_phase5_redesigned_target_blocked_v1,residual_future_max_delta_rows_4_10,continuous,blocked_temporal_70_30,1,20260626,temporal_mean_2s_then_pca256,monotonic_do_no_harm_residual,train_only_video_mean_residual,156873,68008,True,True,False,ae26e1ab4869d45e47106a7c1ce5fd76,89d6bbc9a0739787f8f1c52cac372389,False,true_inner_val_labels_targets,true_train_labels_targets,,,,,,,,0.10593827813863754,,0.1454267339947002,0.19190612666602044,0.054968485759102126,,,,,0.14762522280216217,,,,,0.09680598974227905,,,,,0.07844597101211548,,,,,,,5.0,13.0,7.306784391403198e-05,true_heldout_labels_targets,patience_exhausted,True,outputs/again_dense_2hz_phase5_redesigned_target_blocked_20260630_010721/checkpoints/residual_future_max_delta_rows_4_10__blocked_temporal_70_30__fold1__train_only_video_mean_residual__monotonic_do_no_harm_residual__continuous__20260626__best.npz,acd3ef82ed5377895328ccc4244c73d5,0.0019453151617199183,0.06993924081325531,0.0017261287430301309,0.015944592654705048,0.43760356307029724,,,,,,,0.030694831162691116,0.3294273912906647,0.2523589416709341,0.713902400064025,0.25042560587903995,0.13520148117095232,0.7190014734382751,0.03440961583785058,0.0843822481110692,0.7759728289864467,0.13975960405373555,0.06602222938090563,0.8135933219491478,0.24746641527221305,-0.0035864963360961455,-0.004270155350579924,0.004140257835388184,0.0007090345025062561,-0.00011802464723587036,0.0018354625857093243,0.00045457674095328304,-3.461261092618795e-05,0.0005239386534531265,-0.0007143457090353911
again_dense_2hz_phase5_redesigned_target_blocked_v1,residual_future_max_delta_rows_4_10,continuous,blocked_temporal_70_30,1,20260626,temporal_mean_2s_then_pca256,monotonic_do_no_harm_residual,diagnostics_only_residual,156873,68008,True,True,False,ae26e1ab4869d45e47106a7c1ce5fd76,89d6bbc9a0739787f8f1c52cac372389,False,true_inner_val_labels_targets,true_train_labels_targets,,,,,,,,0.108948715031147,,0.14791412692732747,0.15962629954199054,0.02842996513008538,,,,,0.11663050949573517,,,,,0.08478184044361115,,,,,0.06774179637432098,,,,,,,20.0,28.0,0.0024418383836746216,true_heldout_labels_targets,patience_exhausted,True,outputs/again_dense_2hz_phase5_redesigned_target_blocked_20260630_010721/checkpoints/residual_future_max_delta_rows_4_10__blocked_temporal_70_30__fold1__diagnostics_only_residual__monotonic_do_no_harm_residual__continuous__20260626__best.npz,af81ab7d8afe73815e4e15df8cf3da06,0.0019600163213908672,0.2512691617012024,8.00351335783489e-06,0.017129862681031227,0.9938042163848877,,,,,,,0.03716801106929779,0.32524779438972473,0.25203981105420253,0.7136583224578766,0.22422567585934877,0.10420676786452532,0.7031458749637773,0.029695969832665568,0.0723580988124013,0.7674343543098242,0.1277398067405138,0.055318054743111134,0.805287805042685,0.22837614895121378,-0.03012501696511289,-0.03654998247460983,-0.02685445547103882,-0.011315114796161652,-0.010822199285030365,-0.014020135888788476,-0.008083897935669215,-0.008340129517388939,0.000204808036721571,-0.026914275728726567
again_dense_2hz_phase5_redesigned_target_blocked_v1,residual_future_max_delta_rows_4_10,continuous,blocked_temporal_70_30,1,20260627,temporal_mean_2s_then_pca256,monotonic_do_no_harm_residual,frozen_ar_only,156873,68008,True,True,False,c813c8f9a397b86f3bed42f8eed30b55,ccad80ace3106801cbebaaa5699b0bfd,True,not_applicable,not_applicable,,,,,,,,0.10660392791032791,,0.145878122184343,0.19800320098428953,0.06273937172700182,,,,,0.14373300969600677,,,,,0.09746422618627548,,,,,0.07932526618242264,,,,,,,,,,,,,,,,,,,,,,,,,,0.03347519040107727,0.32827451825141907,0.2504839704561075,0.7133586503263968,0.25125186867963056,0.13130926806479692,0.7172298130446016,0.034291774687720954,0.08504048455506563,0.7763530894285714,0.1394060806033467,0.06690152455121279,0.8141502570574081,0.24899835022389818,,,,,,,,,,
again_dense_2hz_phase5_redesigned_target_blocked_v1,residual_future_max_delta_rows_4_10,continuous,blocked_temporal_70_30,1,20260627,temporal_mean_2s_then_pca256,monotonic_do_no_harm_residual,real_residual,156873,68008,True,True,False,c813c8f9a397b86f3bed42f8eed30b55,ccad80ace3106801cbebaaa5699b0bfd,False,true_inner_val_labels_targets,true_train_labels_targets,,,,,,,,0.1077723354101181,,0.14671413839931333,0.19465247731366672,0.06143706527932268,,,,,0.14644236862659454,,,,,0.09411007165908813,,,,,0.07668443769216537,,,,,,,8.0,16.0,0.02316094934940338,true_heldout_labels_targets,patience_exhausted,True,outputs/again_dense_2hz_phase5_redesigned_target_blocked_20260630_010721/checkpoints/residual_future_max_delta_rows_4_10__blocked_temporal_70_30__fold1__real_residual__monotonic_do_no_harm_residual__continuous__20260627__best.npz,2ef26d552f1f54cd025cac4f9fd25046,0.002031141659244895,0.05258213356137276,7.974850450409576e-05,0.005954037420451641,0.2975953221321106,,,,,,,0.0366143099963665,0.3246989846229553,0.25086126503959555,0.7133210461664969,0.2441052208105556,0.1340186269953847,0.7190766898100525,0.034880980438369076,0.08168633002787828,0.7744116022024478,0.13351402309686541,0.06426069606095552,0.8123230086899383,0.2383926467122319,-0.0013023064476791399,-0.003350723670622807,0.0027093589305877686,-0.0033541545271873474,-0.002640828490257263,0.0018468767654508111,-0.0019414872261236393,-0.0018272483674697249,0.00037729458348806366,-0.007146647869074957
again_dense_2hz_phase5_redesigned_target_blocked_v1,residual_future_max_delta_rows_4_10,continuous,blocked_temporal_70_30,1,20260627,temporal_mean_2s_then_pca256,monotonic_do_no_harm_residual,shuffled_pca_residual,156873,68008,True,True,False,c813c8f9a397b86f3bed42f8eed30b55,ccad80ace3106801cbebaaa5699b0bfd,False,true_inner_val_labels_targets,true_train_labels_targets,,,,,,,,0.10832352191209793,,0.14724694444679062,0.1766108710206883,0.04015771973235,,,,,0.13389982283115387,,,,,0.09148062020540237,,,,,0.07008443027734756,,,,,,,4.0,12.0,0.00033396482467651367,true_heldout_labels_targets,patience_exhausted,True,outputs/again_dense_2hz_phase5_redesigned_target_blocked_20260630_010721/checkpoints/residual_future_max_delta_rows_4_10__blocked_temporal_70_30__fold1__shuffled_pca_residual__monotonic_do_no_harm_residual__continuous__20260627__best.npz,aa0b2820309125a851f0457864d3cbef,0.0019134881440550089,0.12542781233787537,6.807767931604758e-05,0.006957530044019222,0.7493276596069336,,,,,,,0.03676876798272133,0.3260500431060791,0.2507483659068251,0.7132672255343562,0.23419983143824785,0.12147608119994402,0.7121404827866963,0.032877680886165446,0.07905687857419252,0.7720459161896884,0.1338675465472543,0.057660688646137714,0.8073833717116697,0.231440018854584,-0.02258165199465182,-0.021392329963601242,-0.009833186864852905,-0.005983605980873108,-0.009240835905075073,-0.005089330257905367,-0.0043071732388829664,-0.006766885345738327,0.00026439545071760273,-0.01705203724138271
again_dense_2hz_phase5_redesigned_target_blocked_v1,residual_future_max_delta_rows_4_10,continuous,blocked_temporal_70_30,1,20260627,temporal_mean_2s_then_pca256,monotonic_do_no_harm_residual,random_pca_residual,156873,68008,True,True,False,c813c8f9a397b86f3bed42f8eed30b55,ccad80ace3106801cbebaaa5699b0bfd,False,true_inner_val_labels_targets,true_train_labels_targets,,,,,,,,0.10863378643989563,,0.1475076222571809,0.17318212626541954,0.03793662280504404,,,,,0.1304284781217575,,,,,0.08851125091314316,,,,,0.06846392154693604,,,,,,,4.0,12.0,0.001203097403049469,true_heldout_labels_targets,patience_exhausted,True,outputs/again_dense_2hz_phase5_redesigned_target_blocked_20260630_010721/checkpoints/residual_future_max_delta_rows_4_10__blocked_temporal_70_30__fold1__random_pca_residual__monotonic_do_no_harm_residual__continuous__20260627__best.npz,38608aa94b468b4724c02579a27ecb79,0.0019130496075376868,0.15300853550434113,0.00013789182412438095,0.01180190034210682,0.8242279887199402,,,,,,,0.037412021309137344,0.32558077573776245,0.2507704357028522,0.713273619271031,0.23163649436770498,0.11800473649054766,0.7103109001421528,0.03275983973603582,0.07608750928193331,0.7701201071963574,0.13103935894414329,0.056040179915726185,0.8061887701334963,0.22896535470186188,-0.02480274892195778,-0.02482107471886999,-0.013304531574249268,-0.008952975273132324,-0.010861344635486603,-0.006918912902448837,-0.006232982232214024,-0.007961486923911743,0.00028646524674469376,-0.019615374311925587
again_dense_2hz_phase5_redesigned_target_blocked_v1,residual_future_max_delta_rows_4_10,continuous,blocked_temporal_70_30,1,20260627,temporal_mean_2s_then_pca256,monotonic_do_no_harm_residual,label_permutation_residual,156873,68008,True,True,False,c813c8f9a397b86f3bed42f8eed30b55,ccad80ace3106801cbebaaa5699b0bfd,False,permuted_inner_val_labels_targets,permuted_train_labels_targets,,,,,,,,0.10780925303697586,,0.14682640834290744,0.1852676511586569,0.04980190390474263,,,,,0.1353655308485031,,,,,0.09309814125299454,,,,,0.07350900769233704,,,,,,,20.0,28.0,0.004176463931798935,true_heldout_labels_targets,patience_exhausted,True,outputs/again_dense_2hz_phase5_redesigned_target_blocked_20260630_010721/checkpoints/residual_future_max_delta_rows_4_10__blocked_temporal_70_30__fold1__label_permutation_residual__monotonic_do_no_harm_residual__continuous__20260627__best.npz,acf896100fa38857169abb680c9f0aa6,0.002003622939810157,0.20474934577941895,4.14578607887961e-06,0.005584067665040493,0.9576396346092224,,,,,,,0.0360373929142952,0.3263664245605469,0.2507268077277999,0.7132456537260868,0.23917632280580048,0.12294178921729326,0.7128684048942632,0.03275983973603582,0.08067439962178469,0.7731588022086815,0.13622436954984682,0.061085266061127186,0.809805292450102,0.23521093565873202,-0.012937467822259192,-0.01273554982563263,-0.008367478847503662,-0.004366084933280945,-0.005816258490085602,-0.004361408150338475,-0.003194287219889902,-0.0043449646073060455,0.00024283727169244207,-0.012075545873830085
again_dense_2hz_phase5_redesigned_target_blocked_v1,residual_future_max_delta_rows_4_10,continuous,blocked_temporal_70_30,1,20260627,temporal_mean_2s_then_pca256,monotonic_do_no_harm_residual,train_only_video_mean_residual,156873,68008,True,True,False,c813c8f9a397b86f3bed42f8eed30b55,ccad80ace3106801cbebaaa5699b0bfd,True,true_inner_val_labels_targets,true_train_labels_targets,,,,,,,,0.10660392791032791,,0.145878122184343,0.19800320098428953,0.06273937172700182,,,,,0.14373300969600677,,,,,0.09746422618627548,,,,,0.07932526618242264,,,,,,,0.0,8.0,0.0,true_heldout_labels_targets,patience_exhausted,False,,,0.0,0.0,0.0,0.0,0.0,,,,,,,0.03347519040107727,0.32827451825141907,0.2504839704561075,0.7133586503263968,0.25125186867963056,0.13130926806479692,0.7172298130446016,0.034291774687720954,0.08504048455506563,0.7763530894285714,0.1394060806033467,0.06690152455121279,0.8141502570574081,0.24899835022389818,0.0,0.0,0.0,0.0,0.0,0.0,0.0,0.0,0.0,0.0
again_dense_2hz_phase5_redesigned_target_blocked_v1,residual_future_max_delta_rows_4_10,continuous,blocked_temporal_70_30,1,20260627,temporal_mean_2s_then_pca256,monotonic_do_no_harm_residual,diagnostics_only_residual,156873,68008,True,True,False,c813c8f9a397b86f3bed42f8eed30b55,ccad80ace3106801cbebaaa5699b0bfd,False,true_inner_val_labels_targets,true_train_labels_targets,,,,,,,,0.10951829701662064,,0.14824098202060698,0.16312162855491394,0.03130295577205142,,,,,0.125578835606575,,,,,0.0824798196554184,,,,,0.06669749319553375,,,,,,,30.0,38.0,0.00459502637386322,true_heldout_labels_targets,patience_exhausted,True,outputs/again_dense_2hz_phase5_redesigned_target_blocked_20260630_010721/checkpoints/residual_future_max_delta_rows_4_10__blocked_temporal_70_30__fold1__diagnostics_only_residual__monotonic_do_no_harm_residual__continuous__20260627__best.npz,14ee16a2c6ffc3e650a97e26f5b1b61b,0.0019581669475883245,0.24034664034843445,7.95099276729161e-06,0.012550685554742813,0.9951239824295044,,,,,,,0.039077382534742355,0.32444632053375244,0.2507763782621337,0.7132896615216188,0.2251516303768893,0.11315509397536516,0.7073622234507655,0.031699269384869194,0.07005607802420855,0.7660555185537443,0.12538298373792128,0.0542737515643239,0.8046006838614734,0.22601932594862126,-0.0314364159549504,-0.03488157242937559,-0.018154174089431763,-0.014984406530857086,-0.012627772986888885,-0.009867589593836157,-0.010297570874827078,-0.009549573195934635,0.0002924078060262403,-0.026100238302741274
