video_id,sample_label,sample_time_seconds,frame_readable,mean_brightness,near_black,mean_absdiff_from_previous,contact_sheet_path
5F222604-CB86-1ABA-EB7B-31FF78B7BE93_fps_C697A0AC-C316-A3C7-1E20-9767B3E5600D,first_frame,0.0,True,98.21303819444445,False,,outputs/again_alignment_offset_diagnosis_20260621_131041/contact_sheets/5F222604-CB86-1ABA-EB7B-31FF78B7BE93_fps_C697A0AC-C316-A3C7-1E20-9767B3E5600D.jpg
5F222604-CB86-1ABA-EB7B-31FF78B7BE93_fps_C697A0AC-C316-A3C7-1E20-9767B3E5600D,t_1s,1.0,True,96.66368055555556,False,4.0017547607421875,outputs/again_alignment_offset_diagnosis_20260621_131041/contact_sheets/5F222604-CB86-1ABA-EB7B-31FF78B7BE93_fps_C697A0AC-C316-A3C7-1E20-9767B3E5600D.jpg
5F222604-CB86-1ABA-EB7B-31FF78B7BE93_fps_C697A0AC-C316-A3C7-1E20-9767B3E5600D,t_2s,2.0,True,95.90298090277778,False,1.711516261100769,outputs/again_alignment_offset_diagnosis_20260621_131041/contact_sheets/5F222604-CB86-1ABA-EB7B-31FF78B7BE93_fps_C697A0AC-C316-A3C7-1E20-9767B3E5600D.jpg
5F222604-CB86-1ABA-EB7B-31FF78B7BE93_fps_C697A0AC-C316-A3C7-1E20-9767B3E5600D,t_3s,3.0,True,98.0512482638889,False,2.431152820587158,outputs/again_alignment_offset_diagnosis_20260621_131041/contact_sheets/5F222604-CB86-1ABA-EB7B-31FF78B7BE93_fps_C697A0AC-C316-A3C7-1E20-9767B3E5600D.jpg
5F222604-CB86-1ABA-EB7B-31FF78B7BE93_fps_C697A0AC-C316-A3C7-1E20-9767B3E5600D,t_4s,4.0,True,96.58188368055555,False,31.246004104614258,outputs/again_alignment_offset_diagnosis_20260621_131041/contact_sheets/5F222604-CB86-1ABA-EB7B-31FF78B7BE93_fps_C697A0AC-C316-A3C7-1E20-9767B3E5600D.jpg
5F222604-CB86-1ABA-EB7B-31FF78B7BE93_fps_C697A0AC-C316-A3C7-1E20-9767B3E5600D,last_minus_4s,121.378,True,90.931265625,False,34.42969512939453,outputs/again_alignment_offset_diagnosis_20260621_131041/contact_sheets/5F222604-CB86-1ABA-EB7B-31FF78B7BE93_fps_C697A0AC-C316-A3C7-1E20-9767B3E5600D.jpg
5F222604-CB86-1ABA-EB7B-31FF78B7BE93_fps_C697A0AC-C316-A3C7-1E20-9767B3E5600D,last_minus_3s,122.378,True,93.63202604166666,False,27.271194458007812,outputs/again_alignment_offset_diagnosis_20260621_131041/contact_sheets/5F222604-CB86-1ABA-EB7B-31FF78B7BE93_fps_C697A0AC-C316-A3C7-1E20-9767B3E5600D.jpg
5F222604-CB86-1ABA-EB7B-31FF78B7BE93_fps_C697A0AC-C316-A3C7-1E20-9767B3E5600D,last_minus_2s,123.378,True,3.146314236111111,True,91.5982666015625,outputs/again_alignment_offset_diagnosis_20260621_131041/contact_sheets/5F222604-CB86-1ABA-EB7B-31FF78B7BE93_fps_C697A0AC-C316-A3C7-1E20-9767B3E5600D.jpg
5F222604-CB86-1ABA-EB7B-31FF78B7BE93_fps_C697A0AC-C316-A3C7-1E20-9767B3E5600D,last_minus_1s,124.378,True,3.141815972222222,True,0.0887662023305893,outputs/again_alignment_offset_diagnosis_20260621_131041/contact_sheets/5F222604-CB86-1ABA-EB7B-31FF78B7BE93_fps_C697A0AC-C316-A3C7-1E20-9767B3E5600D.jpg
5F222604-CB86-1ABA-EB7B-31FF78B7BE93_fps_C697A0AC-C316-A3C7-1E20-9767B3E5600D,last_frame,125.328,True,3.112894097222222,True,0.5948072671890259,outputs/again_alignment_offset_diagnosis_20260621_131041/contact_sheets/5F222604-CB86-1ABA-EB7B-31FF78B7BE93_fps_C697A0AC-C316-A3C7-1E20-9767B3E5600D.jpg
772BA0E9-AC30-CEA6-AA1B-18A0300702AA_gallery_AD495E56-6CDA-C100-1557-C6D2922FF843,first_frame,0.0,True,76.44398611111112,False,,outputs/again_alignment_offset_diagnosis_20260621_131041/contact_sheets/772BA0E9-AC30-CEA6-AA1B-18A0300702AA_gallery_AD495E56-6CDA-C100-1557-C6D2922FF843.jpg
772BA0E9-AC30-CEA6-AA1B-18A0300702AA_gallery_AD495E56-6CDA-C100-1557-C6D2922FF843,t_1s,1.0,True,98.81115972222223,False,58.82596206665039,outputs/again_alignment_offset_diagnosis_20260621_131041/contact_sheets/772BA0E9-AC30-CEA6-AA1B-18A0300702AA_gallery_AD495E56-6CDA-C100-1557-C6D2922FF843.jpg
772BA0E9-AC30-CEA6-AA1B-18A0300702AA_gallery_AD495E56-6CDA-C100-1557-C6D2922FF843,t_2s,2.0,True,98.75736284722223,False,2.4046196937561035,outputs/again_alignment_offset_diagnosis_20260621_131041/contact_sheets/772BA0E9-AC30-CEA6-AA1B-18A0300702AA_gallery_AD495E56-6CDA-C100-1557-C6D2922FF843.jpg
772BA0E9-AC30-CEA6-AA1B-18A0300702AA_gallery_AD495E56-6CDA-C100-1557-C6D2922FF843,t_3s,3.0,True,98.37989930555555,False,2.004065990447998,outputs/again_alignment_offset_diagnosis_20260621_131041/contact_sheets/772BA0E9-AC30-CEA6-AA1B-18A0300702AA_gallery_AD495E56-6CDA-C100-1557-C6D2922FF843.jpg
772BA0E9-AC30-CEA6-AA1B-18A0300702AA_gallery_AD495E56-6CDA-C100-1557-C6D2922FF843,t_4s,4.0,True,98.1788263888889,False,4.361515998840332,outputs/again_alignment_offset_diagnosis_20260621_131041/contact_sheets/772BA0E9-AC30-CEA6-AA1B-18A0300702AA_gallery_AD495E56-6CDA-C100-1557-C6D2922FF843.jpg
772BA0E9-AC30-CEA6-AA1B-18A0300702AA_gallery_AD495E56-6CDA-C100-1557-C6D2922FF843,last_minus_4s,120.866,True,97.61752430555556,False,6.365007400512695,outputs/again_alignment_offset_diagnosis_20260621_131041/contact_sheets/772BA0E9-AC30-CEA6-AA1B-18A0300702AA_gallery_AD495E56-6CDA-C100-1557-C6D2922FF843.jpg
772BA0E9-AC30-CEA6-AA1B-18A0300702AA_gallery_AD495E56-6CDA-C100-1557-C6D2922FF843,last_minus_3s,121.866,True,98.34890798611112,False,7.051759719848633,outputs/again_alignment_offset_diagnosis_20260621_131041/contact_sheets/772BA0E9-AC30-CEA6-AA1B-18A0300702AA_gallery_AD495E56-6CDA-C100-1557-C6D2922FF843.jpg
772BA0E9-AC30-CEA6-AA1B-18A0300702AA_gallery_AD495E56-6CDA-C100-1557-C6D2922FF843,last_minus_2s,122.866,True,2.708237847222222,True,95.39434814453125,outputs/again_alignment_offset_diagnosis_20260621_131041/contact_sheets/772BA0E9-AC30-CEA6-AA1B-18A0300702AA_gallery_AD495E56-6CDA-C100-1557-C6D2922FF843.jpg
772BA0E9-AC30-CEA6-AA1B-18A0300702AA_gallery_AD495E56-6CDA-C100-1557-C6D2922FF843,last_minus_1s,123.866,True,6.654045138888889,True,4.038793563842773,outputs/again_alignment_offset_diagnosis_20260621_131041/contact_sheets/772BA0E9-AC30-CEA6-AA1B-18A0300702AA_gallery_AD495E56-6CDA-C100-1557-C6D2922FF843.jpg
772BA0E9-AC30-CEA6-AA1B-18A0300702AA_gallery_AD495E56-6CDA-C100-1557-C6D2922FF843,last_frame,124.816,True,2.6892065972222223,True,4.547901153564453,outputs/again_alignment_offset_diagnosis_20260621_131041/contact_sheets/772BA0E9-AC30-CEA6-AA1B-18A0300702AA_gallery_AD495E56-6CDA-C100-1557-C6D2922FF843.jpg
8322EDEF-4C09-318A-1B7E-56D62A6839AD_endless_DBD868B7-F648-F70A-2DB2-DF3E78B79A97,first_frame,0.0,True,66.91886284722223,False,,outputs/again_alignment_offset_diagnosis_20260621_131041/contact_sheets/8322EDEF-4C09-318A-1B7E-56D62A6839AD_endless_DBD868B7-F648-F70A-2DB2-DF3E78B79A97.jpg
8322EDEF-4C09-318A-1B7E-56D62A6839AD_endless_DBD868B7-F648-F70A-2DB2-DF3E78B79A97,t_1s,1.0,True,52.56836979166667,False,39.990814208984375,outputs/again_alignment_offset_diagnosis_20260621_131041/contact_sheets/8322EDEF-4C09-318A-1B7E-56D62A6839AD_endless_DBD868B7-F648-F70A-2DB2-DF3E78B79A97.jpg
8322EDEF-4C09-318A-1B7E-56D62A6839AD_endless_DBD868B7-F648-F70A-2DB2-DF3E78B79A97,t_2s,2.0,True,52.30468923611111,False,3.9303205013275146,outputs/again_alignment_offset_diagnosis_20260621_131041/contact_sheets/8322EDEF-4C09-318A-1B7E-56D62A6839AD_endless_DBD868B7-F648-F70A-2DB2-DF3E78B79A97.jpg
8322EDEF-4C09-318A-1B7E-56D62A6839AD_endless_DBD868B7-F648-F70A-2DB2-DF3E78B79A97,t_3s,3.0,True,48.762541666666664,False,9.592575073242188,outputs/again_alignment_offset_diagnosis_20260621_131041/contact_sheets/8322EDEF-4C09-318A-1B7E-56D62A6839AD_endless_DBD868B7-F648-F70A-2DB2-DF3E78B79A97.jpg
8322EDEF-4C09-318A-1B7E-56D62A6839AD_endless_DBD868B7-F648-F70A-2DB2-DF3E78B79A97,t_4s,4.0,True,45.991375,False,9.722423553466797,outputs/again_alignment_offset_diagnosis_20260621_131041/contact_sheets/8322EDEF-4C09-318A-1B7E-56D62A6839AD_endless_DBD868B7-F648-F70A-2DB2-DF3E78B79A97.jpg
8322EDEF-4C09-318A-1B7E-56D62A6839AD_endless_DBD868B7-F648-F70A-2DB2-DF3E78B79A97,last_minus_4s,121.823,True,46.13242881944444,False,8.059151649475098,outputs/again_alignment_offset_diagnosis_20260621_131041/contact_sheets/8322EDEF-4C09-318A-1B7E-56D62A6839AD_endless_DBD868B7-F648-F70A-2DB2-DF3E78B79A97.jpg
8322EDEF-4C09-318A-1B7E-56D62A6839AD_endless_DBD868B7-F648-F70A-2DB2-DF3E78B79A97,last_minus_3s,122.823,True,46.24148090277778,False,6.042315483093262,outputs/again_alignment_offset_diagnosis_20260621_131041/contact_sheets/8322EDEF-4C09-318A-1B7E-56D62A6839AD_endless_DBD868B7-F648-F70A-2DB2-DF3E78B79A97.jpg
8322EDEF-4C09-318A-1B7E-56D62A6839AD_endless_DBD868B7-F648-F70A-2DB2-DF3E78B79A97,last_minus_2s,123.823,True,49.606298611111114,False,10.816503524780273,outputs/again_alignment_offset_diagnosis_20260621_131041/contact_sheets/8322EDEF-4C09-318A-1B7E-56D62A6839AD_endless_DBD868B7-F648-F70A-2DB2-DF3E78B79A97.jpg
8322EDEF-4C09-318A-1B7E-56D62A6839AD_endless_DBD868B7-F648-F70A-2DB2-DF3E78B79A97,last_minus_1s,124.823,True,49.61790798611111,False,0.15599305927753448,outputs/again_alignment_offset_diagnosis_20260621_131041/contact_sheets/8322EDEF-4C09-318A-1B7E-56D62A6839AD_endless_DBD868B7-F648-F70A-2DB2-DF3E78B79A97.jpg
8322EDEF-4C09-318A-1B7E-56D62A6839AD_endless_DBD868B7-F648-F70A-2DB2-DF3E78B79A97,last_frame,125.773,True,49.55571527777778,False,2.4512813091278076,outputs/again_alignment_offset_diagnosis_20260621_131041/contact_sheets/8322EDEF-4C09-318A-1B7E-56D62A6839AD_endless_DBD868B7-F648-F70A-2DB2-DF3E78B79A97.jpg
94AA1B20-A5D9-F2B4-FD96-2F20A00FAE89_gallery_A2FD1DBA-2F70-8FF1-5E50-DD8D3E22289C,first_frame,0.0,True,76.44398611111112,False,,outputs/again_alignment_offset_diagnosis_20260621_131041/contact_sheets/94AA1B20-A5D9-F2B4-FD96-2F20A00FAE89_gallery_A2FD1DBA-2F70-8FF1-5E50-DD8D3E22289C.jpg
94AA1B20-A5D9-F2B4-FD96-2F20A00FAE89_gallery_A2FD1DBA-2F70-8FF1-5E50-DD8D3E22289C,t_1s,1.0,True,98.81572569444444,False,58.84319305419922,outputs/again_alignment_offset_diagnosis_20260621_131041/contact_sheets/94AA1B20-A5D9-F2B4-FD96-2F20A00FAE89_gallery_A2FD1DBA-2F70-8FF1-5E50-DD8D3E22289C.jpg
94AA1B20-A5D9-F2B4-FD96-2F20A00FAE89_gallery_A2FD1DBA-2F70-8FF1-5E50-DD8D3E22289C,t_2s,2.0,True,98.75359375,False,2.670405626296997,outputs/again_alignment_offset_diagnosis_20260621_131041/contact_sheets/94AA1B20-A5D9-F2B4-FD96-2F20A00FAE89_gallery_A2FD1DBA-2F70-8FF1-5E50-DD8D3E22289C.jpg
94AA1B20-A5D9-F2B4-FD96-2F20A00FAE89_gallery_A2FD1DBA-2F70-8FF1-5E50-DD8D3E22289C,t_3s,3.0,True,98.28385590277777,False,1.5829062461853027,outputs/again_alignment_offset_diagnosis_20260621_131041/contact_sheets/94AA1B20-A5D9-F2B4-FD96-2F20A00FAE89_gallery_A2FD1DBA-2F70-8FF1-5E50-DD8D3E22289C.jpg
94AA1B20-A5D9-F2B4-FD96-2F20A00FAE89_gallery_A2FD1DBA-2F70-8FF1-5E50-DD8D3E22289C,t_4s,4.0,True,98.21684027777778,False,2.3250763416290283,outputs/again_alignment_offset_diagnosis_20260621_131041/contact_sheets/94AA1B20-A5D9-F2B4-FD96-2F20A00FAE89_gallery_A2FD1DBA-2F70-8FF1-5E50-DD8D3E22289C.jpg
94AA1B20-A5D9-F2B4-FD96-2F20A00FAE89_gallery_A2FD1DBA-2F70-8FF1-5E50-DD8D3E22289C,last_minus_4s,120.926,True,98.503609375,False,5.8110480308532715,outputs/again_alignment_offset_diagnosis_20260621_131041/contact_sheets/94AA1B20-A5D9-F2B4-FD96-2F20A00FAE89_gallery_A2FD1DBA-2F70-8FF1-5E50-DD8D3E22289C.jpg
94AA1B20-A5D9-F2B4-FD96-2F20A00FAE89_gallery_A2FD1DBA-2F70-8FF1-5E50-DD8D3E22289C,last_minus_3s,121.926,True,105.43720659722223,False,21.395034790039062,outputs/again_alignment_offset_diagnosis_20260621_131041/contact_sheets/94AA1B20-A5D9-F2B4-FD96-2F20A00FAE89_gallery_A2FD1DBA-2F70-8FF1-5E50-DD8D3E22289C.jpg
94AA1B20-A5D9-F2B4-FD96-2F20A00FAE89_gallery_A2FD1DBA-2F70-8FF1-5E50-DD8D3E22289C,last_minus_2s,122.926,True,2.7095694444444445,True,104.67977905273438,outputs/again_alignment_offset_diagnosis_20260621_131041/contact_sheets/94AA1B20-A5D9-F2B4-FD96-2F20A00FAE89_gallery_A2FD1DBA-2F70-8FF1-5E50-DD8D3E22289C.jpg
94AA1B20-A5D9-F2B4-FD96-2F20A00FAE89_gallery_A2FD1DBA-2F70-8FF1-5E50-DD8D3E22289C,last_minus_1s,123.926,True,2.709375,True,0.09036226570606232,outputs/again_alignment_offset_diagnosis_20260621_131041/contact_sheets/94AA1B20-A5D9-F2B4-FD96-2F20A00FAE89_gallery_A2FD1DBA-2F70-8FF1-5E50-DD8D3E22289C.jpg
94AA1B20-A5D9-F2B4-FD96-2F20A00FAE89_gallery_A2FD1DBA-2F70-8FF1-5E50-DD8D3E22289C,last_frame,124.876,True,2.687565972222222,True,0.5633796453475952,outputs/again_alignment_offset_diagnosis_20260621_131041/contact_sheets/94AA1B20-A5D9-F2B4-FD96-2F20A00FAE89_gallery_A2FD1DBA-2F70-8FF1-5E50-DD8D3E22289C.jpg
A135AF2A-692D-9C83-AB54-34F977E4D14D_endless_C090FF31-267B-F7FB-BB2F-D6A4D73B0BE6,first_frame,0.0,True,66.91886284722223,False,,outputs/again_alignment_offset_diagnosis_20260621_131041/contact_sheets/A135AF2A-692D-9C83-AB54-34F977E4D14D_endless_C090FF31-267B-F7FB-BB2F-D6A4D73B0BE6.jpg
A135AF2A-692D-9C83-AB54-34F977E4D14D_endless_C090FF31-267B-F7FB-BB2F-D6A4D73B0BE6,t_1s,1.0,True,52.56692881944444,False,39.99546813964844,outputs/again_alignment_offset_diagnosis_20260621_131041/contact_sheets/A135AF2A-692D-9C83-AB54-34F977E4D14D_endless_C090FF31-267B-F7FB-BB2F-D6A4D73B0BE6.jpg
A135AF2A-692D-9C83-AB54-34F977E4D14D_endless_C090FF31-267B-F7FB-BB2F-D6A4D73B0BE6,t_2s,2.0,True,52.301824652777775,False,3.916734457015991,outputs/again_alignment_offset_diagnosis_20260621_131041/contact_sheets/A135AF2A-692D-9C83-AB54-34F977E4D14D_endless_C090FF31-267B-F7FB-BB2F-D6A4D73B0BE6.jpg
A135AF2A-692D-9C83-AB54-34F977E4D14D_endless_C090FF31-267B-F7FB-BB2F-D6A4D73B0BE6,t_3s,3.0,True,48.722821180555556,False,12.007018089294434,outputs/again_alignment_offset_diagnosis_20260621_131041/contact_sheets/A135AF2A-692D-9C83-AB54-34F977E4D14D_endless_C090FF31-267B-F7FB-BB2F-D6A4D73B0BE6.jpg
A135AF2A-692D-9C83-AB54-34F977E4D14D_endless_C090FF31-267B-F7FB-BB2F-D6A4D73B0BE6,t_4s,4.0,True,46.23823784722222,False,11.697101593017578,outputs/again_alignment_offset_diagnosis_20260621_131041/contact_sheets/A135AF2A-692D-9C83-AB54-34F977E4D14D_endless_C090FF31-267B-F7FB-BB2F-D6A4D73B0BE6.jpg
A135AF2A-692D-9C83-AB54-34F977E4D14D_endless_C090FF31-267B-F7FB-BB2F-D6A4D73B0BE6,last_minus_4s,121.864,True,46.91074826388889,False,9.088740348815918,outputs/again_alignment_offset_diagnosis_20260621_131041/contact_sheets/A135AF2A-692D-9C83-AB54-34F977E4D14D_endless_C090FF31-267B-F7FB-BB2F-D6A4D73B0BE6.jpg
A135AF2A-692D-9C83-AB54-34F977E4D14D_endless_C090FF31-267B-F7FB-BB2F-D6A4D73B0BE6,last_minus_3s,122.864,True,47.11782465277778,False,9.230618476867676,outputs/again_alignment_offset_diagnosis_20260621_131041/contact_sheets/A135AF2A-692D-9C83-AB54-34F977E4D14D_endless_C090FF31-267B-F7FB-BB2F-D6A4D73B0BE6.jpg
A135AF2A-692D-9C83-AB54-34F977E4D14D_endless_C090FF31-267B-F7FB-BB2F-D6A4D73B0BE6,last_minus_2s,123.864,True,50.42116840277778,False,13.133094787597656,outputs/again_alignment_offset_diagnosis_20260621_131041/contact_sheets/A135AF2A-692D-9C83-AB54-34F977E4D14D_endless_C090FF31-267B-F7FB-BB2F-D6A4D73B0BE6.jpg
A135AF2A-692D-9C83-AB54-34F977E4D14D_endless_C090FF31-267B-F7FB-BB2F-D6A4D73B0BE6,last_minus_1s,124.864,True,50.42447048611111,False,0.28523552417755127,outputs/again_alignment_offset_diagnosis_20260621_131041/contact_sheets/A135AF2A-692D-9C83-AB54-34F977E4D14D_endless_C090FF31-267B-F7FB-BB2F-D6A4D73B0BE6.jpg
A135AF2A-692D-9C83-AB54-34F977E4D14D_endless_C090FF31-267B-F7FB-BB2F-D6A4D73B0BE6,last_frame,125.81400000000001,True,50.37326041666667,False,2.568781852722168,outputs/again_alignment_offset_diagnosis_20260621_131041/contact_sheets/A135AF2A-692D-9C83-AB54-34F977E4D14D_endless_C090FF31-267B-F7FB-BB2F-D6A4D73B0BE6.jpg
B0AAFE06-91C2-2C6D-4547-7508BB719E45_gun_A65112C8-01A8-CCF9-8541-64B569AFF894,first_frame,0.0,True,87.29782465277778,False,,outputs/again_alignment_offset_diagnosis_20260621_131041/contact_sheets/B0AAFE06-91C2-2C6D-4547-7508BB719E45_gun_A65112C8-01A8-CCF9-8541-64B569AFF894.jpg
B0AAFE06-91C2-2C6D-4547-7508BB719E45_gun_A65112C8-01A8-CCF9-8541-64B569AFF894,t_1s,1.0,True,107.16098784722222,False,65.15789031982422,outputs/again_alignment_offset_diagnosis_20260621_131041/contact_sheets/B0AAFE06-91C2-2C6D-4547-7508BB719E45_gun_A65112C8-01A8-CCF9-8541-64B569AFF894.jpg
B0AAFE06-91C2-2C6D-4547-7508BB719E45_gun_A65112C8-01A8-CCF9-8541-64B569AFF894,t_2s,2.0,True,107.04323784722222,False,1.81853187084198,outputs/again_alignment_offset_diagnosis_20260621_131041/contact_sheets/B0AAFE06-91C2-2C6D-4547-7508BB719E45_gun_A65112C8-01A8-CCF9-8541-64B569AFF894.jpg
B0AAFE06-91C2-2C6D-4547-7508BB719E45_gun_A65112C8-01A8-CCF9-8541-64B569AFF894,t_3s,3.0,True,104.84198090277778,False,3.567556142807007,outputs/again_alignment_offset_diagnosis_20260621_131041/contact_sheets/B0AAFE06-91C2-2C6D-4547-7508BB719E45_gun_A65112C8-01A8-CCF9-8541-64B569AFF894.jpg
B0AAFE06-91C2-2C6D-4547-7508BB719E45_gun_A65112C8-01A8-CCF9-8541-64B569AFF894,t_4s,4.0,True,104.89925347222223,False,4.327242851257324,outputs/again_alignment_offset_diagnosis_20260621_131041/contact_sheets/B0AAFE06-91C2-2C6D-4547-7508BB719E45_gun_A65112C8-01A8-CCF9-8541-64B569AFF894.jpg
B0AAFE06-91C2-2C6D-4547-7508BB719E45_gun_A65112C8-01A8-CCF9-8541-64B569AFF894,last_minus_4s,124.86600000000001,True,87.14127604166667,False,62.21071243286133,outputs/again_alignment_offset_diagnosis_20260621_131041/contact_sheets/B0AAFE06-91C2-2C6D-4547-7508BB719E45_gun_A65112C8-01A8-CCF9-8541-64B569AFF894.jpg
B0AAFE06-91C2-2C6D-4547-7508BB719E45_gun_A65112C8-01A8-CCF9-8541-64B569AFF894,last_minus_3s,125.86600000000001,True,83.09333680555555,False,42.04975128173828,outputs/again_alignment_offset_diagnosis_20260621_131041/contact_sheets/B0AAFE06-91C2-2C6D-4547-7508BB719E45_gun_A65112C8-01A8-CCF9-8541-64B569AFF894.jpg
B0AAFE06-91C2-2C6D-4547-7508BB719E45_gun_A65112C8-01A8-CCF9-8541-64B569AFF894,last_minus_2s,126.86600000000001,True,77.99709201388889,False,37.911476135253906,outputs/again_alignment_offset_diagnosis_20260621_131041/contact_sheets/B0AAFE06-91C2-2C6D-4547-7508BB719E45_gun_A65112C8-01A8-CCF9-8541-64B569AFF894.jpg
B0AAFE06-91C2-2C6D-4547-7508BB719E45_gun_A65112C8-01A8-CCF9-8541-64B569AFF894,last_minus_1s,127.86600000000001,True,78.10822569444444,False,20.75642204284668,outputs/again_alignment_offset_diagnosis_20260621_131041/contact_sheets/B0AAFE06-91C2-2C6D-4547-7508BB719E45_gun_A65112C8-01A8-CCF9-8541-64B569AFF894.jpg
B0AAFE06-91C2-2C6D-4547-7508BB719E45_gun_A65112C8-01A8-CCF9-8541-64B569AFF894,last_frame,128.816,True,78.13791840277777,False,11.782279968261719,outputs/again_alignment_offset_diagnosis_20260621_131041/contact_sheets/B0AAFE06-91C2-2C6D-4547-7508BB719E45_gun_A65112C8-01A8-CCF9-8541-64B569AFF894.jpg
B17DF37B-207D-A052-4D45-F862B3BF4C4C_apex_212034DA-3D73-E3F7-7D60-100EDA5FFEAB,first_frame,0.0,True,79.47497222222222,False,,outputs/again_alignment_offset_diagnosis_20260621_131041/contact_sheets/B17DF37B-207D-A052-4D45-F862B3BF4C4C_apex_212034DA-3D73-E3F7-7D60-100EDA5FFEAB.jpg
B17DF37B-207D-A052-4D45-F862B3BF4C4C_apex_212034DA-3D73-E3F7-7D60-100EDA5FFEAB,t_1s,1.0,True,109.66388888888889,False,77.91582489013672,outputs/again_alignment_offset_diagnosis_20260621_131041/contact_sheets/B17DF37B-207D-A052-4D45-F862B3BF4C4C_apex_212034DA-3D73-E3F7-7D60-100EDA5FFEAB.jpg
B17DF37B-207D-A052-4D45-F862B3BF4C4C_apex_212034DA-3D73-E3F7-7D60-100EDA5FFEAB,t_2s,2.0,True,109.73060590277778,False,13.19224739074707,outputs/again_alignment_offset_diagnosis_20260621_131041/contact_sheets/B17DF37B-207D-A052-4D45-F862B3BF4C4C_apex_212034DA-3D73-E3F7-7D60-100EDA5FFEAB.jpg
B17DF37B-207D-A052-4D45-F862B3BF4C4C_apex_212034DA-3D73-E3F7-7D60-100EDA5FFEAB,t_3s,3.0,True,106.01217534722223,False,9.581372261047363,outputs/again_alignment_offset_diagnosis_20260621_131041/contact_sheets/B17DF37B-207D-A052-4D45-F862B3BF4C4C_apex_212034DA-3D73-E3F7-7D60-100EDA5FFEAB.jpg
B17DF37B-207D-A052-4D45-F862B3BF4C4C_apex_212034DA-3D73-E3F7-7D60-100EDA5FFEAB,t_4s,4.0,True,106.64549131944445,False,23.981945037841797,outputs/again_alignment_offset_diagnosis_20260621_131041/contact_sheets/B17DF37B-207D-A052-4D45-F862B3BF4C4C_apex_212034DA-3D73-E3F7-7D60-100EDA5FFEAB.jpg
B17DF37B-207D-A052-4D45-F862B3BF4C4C_apex_212034DA-3D73-E3F7-7D60-100EDA5FFEAB,last_minus_4s,121.839,True,51.38023263888889,False,71.57746887207031,outputs/again_alignment_offset_diagnosis_20260621_131041/contact_sheets/B17DF37B-207D-A052-4D45-F862B3BF4C4C_apex_212034DA-3D73-E3F7-7D60-100EDA5FFEAB.jpg
B17DF37B-207D-A052-4D45-F862B3BF4C4C_apex_212034DA-3D73-E3F7-7D60-100EDA5FFEAB,last_minus_3s,122.839,True,63.53620138888889,False,48.39975357055664,outputs/again_alignment_offset_diagnosis_20260621_131041/contact_sheets/B17DF37B-207D-A052-4D45-F862B3BF4C4C_apex_212034DA-3D73-E3F7-7D60-100EDA5FFEAB.jpg
B17DF37B-207D-A052-4D45-F862B3BF4C4C_apex_212034DA-3D73-E3F7-7D60-100EDA5FFEAB,last_minus_2s,123.839,True,122.37494791666667,False,84.68303680419922,outputs/again_alignment_offset_diagnosis_20260621_131041/contact_sheets/B17DF37B-207D-A052-4D45-F862B3BF4C4C_apex_212034DA-3D73-E3F7-7D60-100EDA5FFEAB.jpg
B17DF37B-207D-A052-4D45-F862B3BF4C4C_apex_212034DA-3D73-E3F7-7D60-100EDA5FFEAB,last_minus_1s,124.839,True,110.06986458333333,False,51.67444610595703,outputs/again_alignment_offset_diagnosis_20260621_131041/contact_sheets/B17DF37B-207D-A052-4D45-F862B3BF4C4C_apex_212034DA-3D73-E3F7-7D60-100EDA5FFEAB.jpg
B17DF37B-207D-A052-4D45-F862B3BF4C4C_apex_212034DA-3D73-E3F7-7D60-100EDA5FFEAB,last_frame,125.789,True,110.97061111111111,False,29.826717376708984,outputs/again_alignment_offset_diagnosis_20260621_131041/contact_sheets/B17DF37B-207D-A052-4D45-F862B3BF4C4C_apex_212034DA-3D73-E3F7-7D60-100EDA5FFEAB.jpg
B6EE5F90-8F59-D3CF-C449-59216B28207B_fps_B544C913-70BE-6B19-4D48-8B005AB5DE1B,first_frame,0.0,True,95.278046875,False,,outputs/again_alignment_offset_diagnosis_20260621_131041/contact_sheets/B6EE5F90-8F59-D3CF-C449-59216B28207B_fps_B544C913-70BE-6B19-4D48-8B005AB5DE1B.jpg
B6EE5F90-8F59-D3CF-C449-59216B28207B_fps_B544C913-70BE-6B19-4D48-8B005AB5DE1B,t_1s,1.0,True,96.65007118055556,False,54.645565032958984,outputs/again_alignment_offset_diagnosis_20260621_131041/contact_sheets/B6EE5F90-8F59-D3CF-C449-59216B28207B_fps_B544C913-70BE-6B19-4D48-8B005AB5DE1B.jpg
B6EE5F90-8F59-D3CF-C449-59216B28207B_fps_B544C913-70BE-6B19-4D48-8B005AB5DE1B,t_2s,2.0,True,97.91374479166667,False,3.983433961868286,outputs/again_alignment_offset_diagnosis_20260621_131041/contact_sheets/B6EE5F90-8F59-D3CF-C449-59216B28207B_fps_B544C913-70BE-6B19-4D48-8B005AB5DE1B.jpg
B6EE5F90-8F59-D3CF-C449-59216B28207B_fps_B544C913-70BE-6B19-4D48-8B005AB5DE1B,t_3s,3.0,True,100.75132638888888,False,21.14582633972168,outputs/again_alignment_offset_diagnosis_20260621_131041/contact_sheets/B6EE5F90-8F59-D3CF-C449-59216B28207B_fps_B544C913-70BE-6B19-4D48-8B005AB5DE1B.jpg
B6EE5F90-8F59-D3CF-C449-59216B28207B_fps_B544C913-70BE-6B19-4D48-8B005AB5DE1B,t_4s,4.0,True,98.995359375,False,23.656326293945312,outputs/again_alignment_offset_diagnosis_20260621_131041/contact_sheets/B6EE5F90-8F59-D3CF-C449-59216B28207B_fps_B544C913-70BE-6B19-4D48-8B005AB5DE1B.jpg
B6EE5F90-8F59-D3CF-C449-59216B28207B_fps_B544C913-70BE-6B19-4D48-8B005AB5DE1B,last_minus_4s,121.262,True,96.10388194444444,False,33.452537536621094,outputs/again_alignment_offset_diagnosis_20260621_131041/contact_sheets/B6EE5F90-8F59-D3CF-C449-59216B28207B_fps_B544C913-70BE-6B19-4D48-8B005AB5DE1B.jpg
B6EE5F90-8F59-D3CF-C449-59216B28207B_fps_B544C913-70BE-6B19-4D48-8B005AB5DE1B,last_minus_3s,122.262,True,85.76626041666667,False,27.299739837646484,outputs/again_alignment_offset_diagnosis_20260621_131041/contact_sheets/B6EE5F90-8F59-D3CF-C449-59216B28207B_fps_B544C913-70BE-6B19-4D48-8B005AB5DE1B.jpg
B6EE5F90-8F59-D3CF-C449-59216B28207B_fps_B544C913-70BE-6B19-4D48-8B005AB5DE1B,last_minus_2s,123.262,True,3.6328541666666667,True,83.07261657714844,outputs/again_alignment_offset_diagnosis_20260621_131041/contact_sheets/B6EE5F90-8F59-D3CF-C449-59216B28207B_fps_B544C913-70BE-6B19-4D48-8B005AB5DE1B.jpg
B6EE5F90-8F59-D3CF-C449-59216B28207B_fps_B544C913-70BE-6B19-4D48-8B005AB5DE1B,last_minus_1s,124.262,True,3.648314236111111,True,0.1510908603668213,outputs/again_alignment_offset_diagnosis_20260621_131041/contact_sheets/B6EE5F90-8F59-D3CF-C449-59216B28207B_fps_B544C913-70BE-6B19-4D48-8B005AB5DE1B.jpg
B6EE5F90-8F59-D3CF-C449-59216B28207B_fps_B544C913-70BE-6B19-4D48-8B005AB5DE1B,last_frame,125.212,True,3.6285052083333333,True,0.5606955885887146,outputs/again_alignment_offset_diagnosis_20260621_131041/contact_sheets/B6EE5F90-8F59-D3CF-C449-59216B28207B_fps_B544C913-70BE-6B19-4D48-8B005AB5DE1B.jpg
D0F7ABC0-F552-63CD-CAC6-6703C39B83CA_endless_536F0792-E386-C985-C5A4-36DDC461F910,first_frame,0.0,True,66.92221180555556,False,,outputs/again_alignment_offset_diagnosis_20260621_131041/contact_sheets/D0F7ABC0-F552-63CD-CAC6-6703C39B83CA_endless_536F0792-E386-C985-C5A4-36DDC461F910.jpg
D0F7ABC0-F552-63CD-CAC6-6703C39B83CA_endless_536F0792-E386-C985-C5A4-36DDC461F910,t_1s,1.0,True,52.51666319444445,False,39.958763122558594,outputs/again_alignment_offset_diagnosis_20260621_131041/contact_sheets/D0F7ABC0-F552-63CD-CAC6-6703C39B83CA_endless_536F0792-E386-C985-C5A4-36DDC461F910.jpg
D0F7ABC0-F552-63CD-CAC6-6703C39B83CA_endless_536F0792-E386-C985-C5A4-36DDC461F910,t_2s,2.0,True,52.250288194444444,False,3.910067081451416,outputs/again_alignment_offset_diagnosis_20260621_131041/contact_sheets/D0F7ABC0-F552-63CD-CAC6-6703C39B83CA_endless_536F0792-E386-C985-C5A4-36DDC461F910.jpg
D0F7ABC0-F552-63CD-CAC6-6703C39B83CA_endless_536F0792-E386-C985-C5A4-36DDC461F910,t_3s,3.0,True,48.675142361111114,False,11.435941696166992,outputs/again_alignment_offset_diagnosis_20260621_131041/contact_sheets/D0F7ABC0-F552-63CD-CAC6-6703C39B83CA_endless_536F0792-E386-C985-C5A4-36DDC461F910.jpg
D0F7ABC0-F552-63CD-CAC6-6703C39B83CA_endless_536F0792-E386-C985-C5A4-36DDC461F910,t_4s,4.0,True,46.20178125,False,11.064118385314941,outputs/again_alignment_offset_diagnosis_20260621_131041/contact_sheets/D0F7ABC0-F552-63CD-CAC6-6703C39B83CA_endless_536F0792-E386-C985-C5A4-36DDC461F910.jpg
D0F7ABC0-F552-63CD-CAC6-6703C39B83CA_endless_536F0792-E386-C985-C5A4-36DDC461F910,last_minus_4s,121.855,True,46.54724826388889,False,7.749689102172852,outputs/again_alignment_offset_diagnosis_20260621_131041/contact_sheets/D0F7ABC0-F552-63CD-CAC6-6703C39B83CA_endless_536F0792-E386-C985-C5A4-36DDC461F910.jpg
D0F7ABC0-F552-63CD-CAC6-6703C39B83CA_endless_536F0792-E386-C985-C5A4-36DDC461F910,last_minus_3s,122.855,True,47.01507465277778,False,7.953029155731201,outputs/again_alignment_offset_diagnosis_20260621_131041/contact_sheets/D0F7ABC0-F552-63CD-CAC6-6703C39B83CA_endless_536F0792-E386-C985-C5A4-36DDC461F910.jpg
D0F7ABC0-F552-63CD-CAC6-6703C39B83CA_endless_536F0792-E386-C985-C5A4-36DDC461F910,last_minus_2s,123.855,True,50.31286111111111,False,12.078234672546387,outputs/again_alignment_offset_diagnosis_20260621_131041/contact_sheets/D0F7ABC0-F552-63CD-CAC6-6703C39B83CA_endless_536F0792-E386-C985-C5A4-36DDC461F910.jpg
D0F7ABC0-F552-63CD-CAC6-6703C39B83CA_endless_536F0792-E386-C985-C5A4-36DDC461F910,last_minus_1s,124.855,True,50.32430729166666,False,0.1798998862504959,outputs/again_alignment_offset_diagnosis_20260621_131041/contact_sheets/D0F7ABC0-F552-63CD-CAC6-6703C39B83CA_endless_536F0792-E386-C985-C5A4-36DDC461F910.jpg
D0F7ABC0-F552-63CD-CAC6-6703C39B83CA_endless_536F0792-E386-C985-C5A4-36DDC461F910,last_frame,125.805,True,50.25734722222222,False,2.5063188076019287,outputs/again_alignment_offset_diagnosis_20260621_131041/contact_sheets/D0F7ABC0-F552-63CD-CAC6-6703C39B83CA_endless_536F0792-E386-C985-C5A4-36DDC461F910.jpg
DCB45A10-FAF5-53E0-AB53-2D42AC9BB090_endless_FEF8E949-11A2-A405-E369-EBD7D749EB6D,first_frame,0.0,True,66.92221180555556,False,,outputs/again_alignment_offset_diagnosis_20260621_131041/contact_sheets/DCB45A10-FAF5-53E0-AB53-2D42AC9BB090_endless_FEF8E949-11A2-A405-E369-EBD7D749EB6D.jpg
DCB45A10-FAF5-53E0-AB53-2D42AC9BB090_endless_FEF8E949-11A2-A405-E369-EBD7D749EB6D,t_1s,1.0,True,52.509,False,39.96902847290039,outputs/again_alignment_offset_diagnosis_20260621_131041/contact_sheets/DCB45A10-FAF5-53E0-AB53-2D42AC9BB090_endless_FEF8E949-11A2-A405-E369-EBD7D749EB6D.jpg
DCB45A10-FAF5-53E0-AB53-2D42AC9BB090_endless_FEF8E949-11A2-A405-E369-EBD7D749EB6D,t_2s,2.0,True,52.24363715277778,False,3.918039321899414,outputs/again_alignment_offset_diagnosis_20260621_131041/contact_sheets/DCB45A10-FAF5-53E0-AB53-2D42AC9BB090_endless_FEF8E949-11A2-A405-E369-EBD7D749EB6D.jpg
DCB45A10-FAF5-53E0-AB53-2D42AC9BB090_endless_FEF8E949-11A2-A405-E369-EBD7D749EB6D,t_3s,3.0,True,48.67932291666666,False,9.539721488952637,outputs/again_alignment_offset_diagnosis_20260621_131041/contact_sheets/DCB45A10-FAF5-53E0-AB53-2D42AC9BB090_endless_FEF8E949-11A2-A405-E369-EBD7D749EB6D.jpg
DCB45A10-FAF5-53E0-AB53-2D42AC9BB090_endless_FEF8E949-11A2-A405-E369-EBD7D749EB6D,t_4s,4.0,True,46.18086458333333,False,10.086333274841309,outputs/again_alignment_offset_diagnosis_20260621_131041/contact_sheets/DCB45A10-FAF5-53E0-AB53-2D42AC9BB090_endless_FEF8E949-11A2-A405-E369-EBD7D749EB6D.jpg
DCB45A10-FAF5-53E0-AB53-2D42AC9BB090_endless_FEF8E949-11A2-A405-E369-EBD7D749EB6D,last_minus_4s,121.922,True,47.271789930555556,False,8.396475791931152,outputs/again_alignment_offset_diagnosis_20260621_131041/contact_sheets/DCB45A10-FAF5-53E0-AB53-2D42AC9BB090_endless_FEF8E949-11A2-A405-E369-EBD7D749EB6D.jpg
DCB45A10-FAF5-53E0-AB53-2D42AC9BB090_endless_FEF8E949-11A2-A405-E369-EBD7D749EB6D,last_minus_3s,122.922,True,46.83973958333333,False,10.565213203430176,outputs/again_alignment_offset_diagnosis_20260621_131041/contact_sheets/DCB45A10-FAF5-53E0-AB53-2D42AC9BB090_endless_FEF8E949-11A2-A405-E369-EBD7D749EB6D.jpg
DCB45A10-FAF5-53E0-AB53-2D42AC9BB090_endless_FEF8E949-11A2-A405-E369-EBD7D749EB6D,last_minus_2s,123.922,True,49.699020833333336,False,11.327476501464844,outputs/again_alignment_offset_diagnosis_20260621_131041/contact_sheets/DCB45A10-FAF5-53E0-AB53-2D42AC9BB090_endless_FEF8E949-11A2-A405-E369-EBD7D749EB6D.jpg
DCB45A10-FAF5-53E0-AB53-2D42AC9BB090_endless_FEF8E949-11A2-A405-E369-EBD7D749EB6D,last_minus_1s,124.922,True,49.71085763888889,False,0.17050637304782867,outputs/again_alignment_offset_diagnosis_20260621_131041/contact_sheets/DCB45A10-FAF5-53E0-AB53-2D42AC9BB090_endless_FEF8E949-11A2-A405-E369-EBD7D749EB6D.jpg
DCB45A10-FAF5-53E0-AB53-2D42AC9BB090_endless_FEF8E949-11A2-A405-E369-EBD7D749EB6D,last_frame,125.872,True,49.648371527777776,False,2.491488456726074,outputs/again_alignment_offset_diagnosis_20260621_131041/contact_sheets/DCB45A10-FAF5-53E0-AB53-2D42AC9BB090_endless_FEF8E949-11A2-A405-E369-EBD7D749EB6D.jpg
0A76B59A-F1FF-F3F5-A3CA-2386FA8EF308_topdown_A6A44F57-D5D1-4F7C-3BFB-411924ED2594,first_frame,0.0,True,70.09234027777778,False,,outputs/again_alignment_offset_diagnosis_20260621_131041/contact_sheets/0A76B59A-F1FF-F3F5-A3CA-2386FA8EF308_topdown_A6A44F57-D5D1-4F7C-3BFB-411924ED2594.jpg
0A76B59A-F1FF-F3F5-A3CA-2386FA8EF308_topdown_A6A44F57-D5D1-4F7C-3BFB-411924ED2594,t_1s,1.0,True,32.99316319444444,False,53.573795318603516,outputs/again_alignment_offset_diagnosis_20260621_131041/contact_sheets/0A76B59A-F1FF-F3F5-A3CA-2386FA8EF308_topdown_A6A44F57-D5D1-4F7C-3BFB-411924ED2594.jpg
0A76B59A-F1FF-F3F5-A3CA-2386FA8EF308_topdown_A6A44F57-D5D1-4F7C-3BFB-411924ED2594,t_2s,2.0,True,34.34377256944445,False,4.632893085479736,outputs/again_alignment_offset_diagnosis_20260621_131041/contact_sheets/0A76B59A-F1FF-F3F5-A3CA-2386FA8EF308_topdown_A6A44F57-D5D1-4F7C-3BFB-411924ED2594.jpg
0A76B59A-F1FF-F3F5-A3CA-2386FA8EF308_topdown_A6A44F57-D5D1-4F7C-3BFB-411924ED2594,t_3s,3.0,True,33.73179513888889,False,1.197159767150879,outputs/again_alignment_offset_diagnosis_20260621_131041/contact_sheets/0A76B59A-F1FF-F3F5-A3CA-2386FA8EF308_topdown_A6A44F57-D5D1-4F7C-3BFB-411924ED2594.jpg
0A76B59A-F1FF-F3F5-A3CA-2386FA8EF308_topdown_A6A44F57-D5D1-4F7C-3BFB-411924ED2594,t_4s,4.0,True,33.73677256944445,False,0.3661753535270691,outputs/again_alignment_offset_diagnosis_20260621_131041/contact_sheets/0A76B59A-F1FF-F3F5-A3CA-2386FA8EF308_topdown_A6A44F57-D5D1-4F7C-3BFB-411924ED2594.jpg
0A76B59A-F1FF-F3F5-A3CA-2386FA8EF308_topdown_A6A44F57-D5D1-4F7C-3BFB-411924ED2594,last_minus_4s,122.67,True,36.254434027777776,False,28.4621639251709,outputs/again_alignment_offset_diagnosis_20260621_131041/contact_sheets/0A76B59A-F1FF-F3F5-A3CA-2386FA8EF308_topdown_A6A44F57-D5D1-4F7C-3BFB-411924ED2594.jpg
0A76B59A-F1FF-F3F5-A3CA-2386FA8EF308_topdown_A6A44F57-D5D1-4F7C-3BFB-411924ED2594,last_minus_3s,123.67,True,2.69878125,True,34.21202087402344,outputs/again_alignment_offset_diagnosis_20260621_131041/contact_sheets/0A76B59A-F1FF-F3F5-A3CA-2386FA8EF308_topdown_A6A44F57-D5D1-4F7C-3BFB-411924ED2594.jpg
0A76B59A-F1FF-F3F5-A3CA-2386FA8EF308_topdown_A6A44F57-D5D1-4F7C-3BFB-411924ED2594,last_minus_2s,124.67,True,2.4965399305555556,True,0.18282638490200043,outputs/again_alignment_offset_diagnosis_20260621_131041/contact_sheets/0A76B59A-F1FF-F3F5-A3CA-2386FA8EF308_topdown_A6A44F57-D5D1-4F7C-3BFB-411924ED2594.jpg
0A76B59A-F1FF-F3F5-A3CA-2386FA8EF308_topdown_A6A44F57-D5D1-4F7C-3BFB-411924ED2594,last_minus_1s,125.67,True,2.501496527777778,True,0.11583622545003891,outputs/again_alignment_offset_diagnosis_20260621_131041/contact_sheets/0A76B59A-F1FF-F3F5-A3CA-2386FA8EF308_topdown_A6A44F57-D5D1-4F7C-3BFB-411924ED2594.jpg
0A76B59A-F1FF-F3F5-A3CA-2386FA8EF308_topdown_A6A44F57-D5D1-4F7C-3BFB-411924ED2594,last_frame,126.62,True,2.4824895833333334,True,0.5844323039054871,outputs/again_alignment_offset_diagnosis_20260621_131041/contact_sheets/0A76B59A-F1FF-F3F5-A3CA-2386FA8EF308_topdown_A6A44F57-D5D1-4F7C-3BFB-411924ED2594.jpg
46A9A47E-EDE3-2EF4-2F06-E95AF67D57E1_topdown_FC1C2B2E-92EF-9F7D-B0E2-553796B3B9CA,first_frame,0.0,True,70.09234027777778,False,,outputs/again_alignment_offset_diagnosis_20260621_131041/contact_sheets/46A9A47E-EDE3-2EF4-2F06-E95AF67D57E1_topdown_FC1C2B2E-92EF-9F7D-B0E2-553796B3B9CA.jpg
46A9A47E-EDE3-2EF4-2F06-E95AF67D57E1_topdown_FC1C2B2E-92EF-9F7D-B0E2-553796B3B9CA,t_1s,1.0,True,33.00046875,False,53.58063888549805,outputs/again_alignment_offset_diagnosis_20260621_131041/contact_sheets/46A9A47E-EDE3-2EF4-2F06-E95AF67D57E1_topdown_FC1C2B2E-92EF-9F7D-B0E2-553796B3B9CA.jpg
46A9A47E-EDE3-2EF4-2F06-E95AF67D57E1_topdown_FC1C2B2E-92EF-9F7D-B0E2-553796B3B9CA,t_2s,2.0,True,34.289911458333336,False,4.820827960968018,outputs/again_alignment_offset_diagnosis_20260621_131041/contact_sheets/46A9A47E-EDE3-2EF4-2F06-E95AF67D57E1_topdown_FC1C2B2E-92EF-9F7D-B0E2-553796B3B9CA.jpg
46A9A47E-EDE3-2EF4-2F06-E95AF67D57E1_topdown_FC1C2B2E-92EF-9F7D-B0E2-553796B3B9CA,t_3s,3.0,True,33.77027951388889,False,7.217788219451904,outputs/again_alignment_offset_diagnosis_20260621_131041/contact_sheets/46A9A47E-EDE3-2EF4-2F06-E95AF67D57E1_topdown_FC1C2B2E-92EF-9F7D-B0E2-553796B3B9CA.jpg
46A9A47E-EDE3-2EF4-2F06-E95AF67D57E1_topdown_FC1C2B2E-92EF-9F7D-B0E2-553796B3B9CA,t_4s,4.0,True,40.437928819444444,False,22.000185012817383,outputs/again_alignment_offset_diagnosis_20260621_131041/contact_sheets/46A9A47E-EDE3-2EF4-2F06-E95AF67D57E1_topdown_FC1C2B2E-92EF-9F7D-B0E2-553796B3B9CA.jpg
46A9A47E-EDE3-2EF4-2F06-E95AF67D57E1_topdown_FC1C2B2E-92EF-9F7D-B0E2-553796B3B9CA,last_minus_4s,122.479,True,50.54675520833333,False,30.966796875,outputs/again_alignment_offset_diagnosis_20260621_131041/contact_sheets/46A9A47E-EDE3-2EF4-2F06-E95AF67D57E1_topdown_FC1C2B2E-92EF-9F7D-B0E2-553796B3B9CA.jpg
46A9A47E-EDE3-2EF4-2F06-E95AF67D57E1_topdown_FC1C2B2E-92EF-9F7D-B0E2-553796B3B9CA,last_minus_3s,123.479,True,5.495322916666667,True,45.18150329589844,outputs/again_alignment_offset_diagnosis_20260621_131041/contact_sheets/46A9A47E-EDE3-2EF4-2F06-E95AF67D57E1_topdown_FC1C2B2E-92EF-9F7D-B0E2-553796B3B9CA.jpg
46A9A47E-EDE3-2EF4-2F06-E95AF67D57E1_topdown_FC1C2B2E-92EF-9F7D-B0E2-553796B3B9CA,last_minus_2s,124.479,True,40.98918576388889,False,43.350677490234375,outputs/again_alignment_offset_diagnosis_20260621_131041/contact_sheets/46A9A47E-EDE3-2EF4-2F06-E95AF67D57E1_topdown_FC1C2B2E-92EF-9F7D-B0E2-553796B3B9CA.jpg
46A9A47E-EDE3-2EF4-2F06-E95AF67D57E1_topdown_FC1C2B2E-92EF-9F7D-B0E2-553796B3B9CA,last_minus_1s,125.479,True,64.6383107638889,False,27.280118942260742,outputs/again_alignment_offset_diagnosis_20260621_131041/contact_sheets/46A9A47E-EDE3-2EF4-2F06-E95AF67D57E1_topdown_FC1C2B2E-92EF-9F7D-B0E2-553796B3B9CA.jpg
46A9A47E-EDE3-2EF4-2F06-E95AF67D57E1_topdown_FC1C2B2E-92EF-9F7D-B0E2-553796B3B9CA,last_frame,126.429,True,41.951760416666666,False,25.89743423461914,outputs/again_alignment_offset_diagnosis_20260621_131041/contact_sheets/46A9A47E-EDE3-2EF4-2F06-E95AF67D57E1_topdown_FC1C2B2E-92EF-9F7D-B0E2-553796B3B9CA.jpg
B3CE5256-6F65-85EB-0078-689BD5CC1B17_topdown_DB908187-61E5-133A-52C3-5674E44AD52C,first_frame,0.0,True,70.11087152777777,False,,outputs/again_alignment_offset_diagnosis_20260621_131041/contact_sheets/B3CE5256-6F65-85EB-0078-689BD5CC1B17_topdown_DB908187-61E5-133A-52C3-5674E44AD52C.jpg
B3CE5256-6F65-85EB-0078-689BD5CC1B17_topdown_DB908187-61E5-133A-52C3-5674E44AD52C,t_1s,1.0,True,33.06865104166667,False,53.58971405029297,outputs/again_alignment_offset_diagnosis_20260621_131041/contact_sheets/B3CE5256-6F65-85EB-0078-689BD5CC1B17_topdown_DB908187-61E5-133A-52C3-5674E44AD52C.jpg
B3CE5256-6F65-85EB-0078-689BD5CC1B17_topdown_DB908187-61E5-133A-52C3-5674E44AD52C,t_2s,2.0,True,32.19932291666667,False,2.3718559741973877,outputs/again_alignment_offset_diagnosis_20260621_131041/contact_sheets/B3CE5256-6F65-85EB-0078-689BD5CC1B17_topdown_DB908187-61E5-133A-52C3-5674E44AD52C.jpg
B3CE5256-6F65-85EB-0078-689BD5CC1B17_topdown_DB908187-61E5-133A-52C3-5674E44AD52C,t_3s,3.0,True,33.810453125,False,3.5641822814941406,outputs/again_alignment_offset_diagnosis_20260621_131041/contact_sheets/B3CE5256-6F65-85EB-0078-689BD5CC1B17_topdown_DB908187-61E5-133A-52C3-5674E44AD52C.jpg
B3CE5256-6F65-85EB-0078-689BD5CC1B17_topdown_DB908187-61E5-133A-52C3-5674E44AD52C,t_4s,4.0,True,36.79976736111111,False,15.652497291564941,outputs/again_alignment_offset_diagnosis_20260621_131041/contact_sheets/B3CE5256-6F65-85EB-0078-689BD5CC1B17_topdown_DB908187-61E5-133A-52C3-5674E44AD52C.jpg
B3CE5256-6F65-85EB-0078-689BD5CC1B17_topdown_DB908187-61E5-133A-52C3-5674E44AD52C,last_minus_4s,123.701,True,31.83770833333333,False,27.96039390563965,outputs/again_alignment_offset_diagnosis_20260621_131041/contact_sheets/B3CE5256-6F65-85EB-0078-689BD5CC1B17_topdown_DB908187-61E5-133A-52C3-5674E44AD52C.jpg
B3CE5256-6F65-85EB-0078-689BD5CC1B17_topdown_DB908187-61E5-133A-52C3-5674E44AD52C,last_minus_3s,124.701,True,2.459262152777778,True,29.62247657775879,outputs/again_alignment_offset_diagnosis_20260621_131041/contact_sheets/B3CE5256-6F65-85EB-0078-689BD5CC1B17_topdown_DB908187-61E5-133A-52C3-5674E44AD52C.jpg
B3CE5256-6F65-85EB-0078-689BD5CC1B17_topdown_DB908187-61E5-133A-52C3-5674E44AD52C,last_minus_2s,125.701,True,2.4621788194444445,True,0.07454224675893784,outputs/again_alignment_offset_diagnosis_20260621_131041/contact_sheets/B3CE5256-6F65-85EB-0078-689BD5CC1B17_topdown_DB908187-61E5-133A-52C3-5674E44AD52C.jpg
B3CE5256-6F65-85EB-0078-689BD5CC1B17_topdown_DB908187-61E5-133A-52C3-5674E44AD52C,last_minus_1s,126.701,True,2.442296875,True,0.5632743239402771,outputs/again_alignment_offset_diagnosis_20260621_131041/contact_sheets/B3CE5256-6F65-85EB-0078-689BD5CC1B17_topdown_DB908187-61E5-133A-52C3-5674E44AD52C.jpg
B3CE5256-6F65-85EB-0078-689BD5CC1B17_topdown_DB908187-61E5-133A-52C3-5674E44AD52C,last_frame,127.651,True,2.442296875,True,0.0,outputs/again_alignment_offset_diagnosis_20260621_131041/contact_sheets/B3CE5256-6F65-85EB-0078-689BD5CC1B17_topdown_DB908187-61E5-133A-52C3-5674E44AD52C.jpg
BC7EE230-0AF9-3AC5-24E5-8EC4B0B432A8_topdown_C1E0BA23-00AF-FD13-9B00-4F2306FE57EC,first_frame,0.0,True,70.11087152777777,False,,outputs/again_alignment_offset_diagnosis_20260621_131041/contact_sheets/BC7EE230-0AF9-3AC5-24E5-8EC4B0B432A8_topdown_C1E0BA23-00AF-FD13-9B00-4F2306FE57EC.jpg
BC7EE230-0AF9-3AC5-24E5-8EC4B0B432A8_topdown_C1E0BA23-00AF-FD13-9B00-4F2306FE57EC,t_1s,1.0,True,33.06044444444444,False,53.61513900756836,outputs/again_alignment_offset_diagnosis_20260621_131041/contact_sheets/BC7EE230-0AF9-3AC5-24E5-8EC4B0B432A8_topdown_C1E0BA23-00AF-FD13-9B00-4F2306FE57EC.jpg
BC7EE230-0AF9-3AC5-24E5-8EC4B0B432A8_topdown_C1E0BA23-00AF-FD13-9B00-4F2306FE57EC,t_2s,2.0,True,34.392859375,False,4.787795543670654,outputs/again_alignment_offset_diagnosis_20260621_131041/contact_sheets/BC7EE230-0AF9-3AC5-24E5-8EC4B0B432A8_topdown_C1E0BA23-00AF-FD13-9B00-4F2306FE57EC.jpg
BC7EE230-0AF9-3AC5-24E5-8EC4B0B432A8_topdown_C1E0BA23-00AF-FD13-9B00-4F2306FE57EC,t_3s,3.0,True,34.67801736111111,False,9.867775917053223,outputs/again_alignment_offset_diagnosis_20260621_131041/contact_sheets/BC7EE230-0AF9-3AC5-24E5-8EC4B0B432A8_topdown_C1E0BA23-00AF-FD13-9B00-4F2306FE57EC.jpg
BC7EE230-0AF9-3AC5-24E5-8EC4B0B432A8_topdown_C1E0BA23-00AF-FD13-9B00-4F2306FE57EC,t_4s,4.0,True,34.760977430555556,False,12.587202072143555,outputs/again_alignment_offset_diagnosis_20260621_131041/contact_sheets/BC7EE230-0AF9-3AC5-24E5-8EC4B0B432A8_topdown_C1E0BA23-00AF-FD13-9B00-4F2306FE57EC.jpg
BC7EE230-0AF9-3AC5-24E5-8EC4B0B432A8_topdown_C1E0BA23-00AF-FD13-9B00-4F2306FE57EC,last_minus_4s,122.273,True,44.69758506944444,False,29.319435119628906,outputs/again_alignment_offset_diagnosis_20260621_131041/contact_sheets/BC7EE230-0AF9-3AC5-24E5-8EC4B0B432A8_topdown_C1E0BA23-00AF-FD13-9B00-4F2306FE57EC.jpg
BC7EE230-0AF9-3AC5-24E5-8EC4B0B432A8_topdown_C1E0BA23-00AF-FD13-9B00-4F2306FE57EC,last_minus_3s,123.273,True,4.878399305555556,True,39.0167121887207,outputs/again_alignment_offset_diagnosis_20260621_131041/contact_sheets/BC7EE230-0AF9-3AC5-24E5-8EC4B0B432A8_topdown_C1E0BA23-00AF-FD13-9B00-4F2306FE57EC.jpg
BC7EE230-0AF9-3AC5-24E5-8EC4B0B432A8_topdown_C1E0BA23-00AF-FD13-9B00-4F2306FE57EC,last_minus_2s,124.273,True,11.404059027777778,False,5.179355144500732,outputs/again_alignment_offset_diagnosis_20260621_131041/contact_sheets/BC7EE230-0AF9-3AC5-24E5-8EC4B0B432A8_topdown_C1E0BA23-00AF-FD13-9B00-4F2306FE57EC.jpg
BC7EE230-0AF9-3AC5-24E5-8EC4B0B432A8_topdown_C1E0BA23-00AF-FD13-9B00-4F2306FE57EC,last_minus_1s,125.273,True,2.5036840277777777,True,7.150974750518799,outputs/again_alignment_offset_diagnosis_20260621_131041/contact_sheets/BC7EE230-0AF9-3AC5-24E5-8EC4B0B432A8_topdown_C1E0BA23-00AF-FD13-9B00-4F2306FE57EC.jpg
BC7EE230-0AF9-3AC5-24E5-8EC4B0B432A8_topdown_C1E0BA23-00AF-FD13-9B00-4F2306FE57EC,last_frame,126.223,True,2.495885416666667,True,0.03983449190855026,outputs/again_alignment_offset_diagnosis_20260621_131041/contact_sheets/BC7EE230-0AF9-3AC5-24E5-8EC4B0B432A8_topdown_C1E0BA23-00AF-FD13-9B00-4F2306FE57EC.jpg
DCB45A10-FAF5-53E0-AB53-2D42AC9BB090_gallery_059E4DF3-7153-38D0-3966-D8157C89FCEF,first_frame,0.0,True,76.44398611111112,False,,outputs/again_alignment_offset_diagnosis_20260621_131041/contact_sheets/DCB45A10-FAF5-53E0-AB53-2D42AC9BB090_gallery_059E4DF3-7153-38D0-3966-D8157C89FCEF.jpg
DCB45A10-FAF5-53E0-AB53-2D42AC9BB090_gallery_059E4DF3-7153-38D0-3966-D8157C89FCEF,t_1s,1.0,True,98.80176041666667,False,58.817222595214844,outputs/again_alignment_offset_diagnosis_20260621_131041/contact_sheets/DCB45A10-FAF5-53E0-AB53-2D42AC9BB090_gallery_059E4DF3-7153-38D0-3966-D8157C89FCEF.jpg
DCB45A10-FAF5-53E0-AB53-2D42AC9BB090_gallery_059E4DF3-7153-38D0-3966-D8157C89FCEF,t_2s,2.0,True,98.74200520833334,False,2.445904016494751,outputs/again_alignment_offset_diagnosis_20260621_131041/contact_sheets/DCB45A10-FAF5-53E0-AB53-2D42AC9BB090_gallery_059E4DF3-7153-38D0-3966-D8157C89FCEF.jpg
DCB45A10-FAF5-53E0-AB53-2D42AC9BB090_gallery_059E4DF3-7153-38D0-3966-D8157C89FCEF,t_3s,3.0,True,97.99444270833334,False,2.565053701400757,outputs/again_alignment_offset_diagnosis_20260621_131041/contact_sheets/DCB45A10-FAF5-53E0-AB53-2D42AC9BB090_gallery_059E4DF3-7153-38D0-3966-D8157C89FCEF.jpg
DCB45A10-FAF5-53E0-AB53-2D42AC9BB090_gallery_059E4DF3-7153-38D0-3966-D8157C89FCEF,t_4s,4.0,True,97.81534722222223,False,1.101065993309021,outputs/again_alignment_offset_diagnosis_20260621_131041/contact_sheets/DCB45A10-FAF5-53E0-AB53-2D42AC9BB090_gallery_059E4DF3-7153-38D0-3966-D8157C89FCEF.jpg
DCB45A10-FAF5-53E0-AB53-2D42AC9BB090_gallery_059E4DF3-7153-38D0-3966-D8157C89FCEF,last_minus_4s,120.945,True,98.50667361111111,False,6.160404682159424,outputs/again_alignment_offset_diagnosis_20260621_131041/contact_sheets/DCB45A10-FAF5-53E0-AB53-2D42AC9BB090_gallery_059E4DF3-7153-38D0-3966-D8157C89FCEF.jpg
DCB45A10-FAF5-53E0-AB53-2D42AC9BB090_gallery_059E4DF3-7153-38D0-3966-D8157C89FCEF,last_minus_3s,121.945,True,101.15560069444444,False,5.579329490661621,outputs/again_alignment_offset_diagnosis_20260621_131041/contact_sheets/DCB45A10-FAF5-53E0-AB53-2D42AC9BB090_gallery_059E4DF3-7153-38D0-3966-D8157C89FCEF.jpg
DCB45A10-FAF5-53E0-AB53-2D42AC9BB090_gallery_059E4DF3-7153-38D0-3966-D8157C89FCEF,last_minus_2s,122.945,True,5.408546875,True,95.2410888671875,outputs/again_alignment_offset_diagnosis_20260621_131041/contact_sheets/DCB45A10-FAF5-53E0-AB53-2D42AC9BB090_gallery_059E4DF3-7153-38D0-3966-D8157C89FCEF.jpg
DCB45A10-FAF5-53E0-AB53-2D42AC9BB090_gallery_059E4DF3-7153-38D0-3966-D8157C89FCEF,last_minus_1s,123.945,True,2.896296875,True,2.9015064239501953,outputs/again_alignment_offset_diagnosis_20260621_131041/contact_sheets/DCB45A10-FAF5-53E0-AB53-2D42AC9BB090_gallery_059E4DF3-7153-38D0-3966-D8157C89FCEF.jpg
DCB45A10-FAF5-53E0-AB53-2D42AC9BB090_gallery_059E4DF3-7153-38D0-3966-D8157C89FCEF,last_frame,124.895,True,2.880980902777778,True,0.8797476887702942,outputs/again_alignment_offset_diagnosis_20260621_131041/contact_sheets/DCB45A10-FAF5-53E0-AB53-2D42AC9BB090_gallery_059E4DF3-7153-38D0-3966-D8157C89FCEF.jpg
874A6B13-C999-C802-1138-FA198591D897_solid_ADB2A2F7-134D-65C9-12CC-128AE4A431C4,first_frame,0.0,True,97.59225694444444,False,,outputs/again_alignment_offset_diagnosis_20260621_131041/contact_sheets/874A6B13-C999-C802-1138-FA198591D897_solid_ADB2A2F7-134D-65C9-12CC-128AE4A431C4.jpg
874A6B13-C999-C802-1138-FA198591D897_solid_ADB2A2F7-134D-65C9-12CC-128AE4A431C4,t_1s,1.0,True,138.56597916666666,False,78.12989044189453,outputs/again_alignment_offset_diagnosis_20260621_131041/contact_sheets/874A6B13-C999-C802-1138-FA198591D897_solid_ADB2A2F7-134D-65C9-12CC-128AE4A431C4.jpg
874A6B13-C999-C802-1138-FA198591D897_solid_ADB2A2F7-134D-65C9-12CC-128AE4A431C4,t_2s,2.0,True,138.44762847222222,False,4.620710849761963,outputs/again_alignment_offset_diagnosis_20260621_131041/contact_sheets/874A6B13-C999-C802-1138-FA198591D897_solid_ADB2A2F7-134D-65C9-12CC-128AE4A431C4.jpg
874A6B13-C999-C802-1138-FA198591D897_solid_ADB2A2F7-134D-65C9-12CC-128AE4A431C4,t_3s,3.0,True,134.71375868055554,False,6.776226997375488,outputs/again_alignment_offset_diagnosis_20260621_131041/contact_sheets/874A6B13-C999-C802-1138-FA198591D897_solid_ADB2A2F7-134D-65C9-12CC-128AE4A431C4.jpg
874A6B13-C999-C802-1138-FA198591D897_solid_ADB2A2F7-134D-65C9-12CC-128AE4A431C4,t_4s,4.0,True,136.39249479166668,False,28.050443649291992,outputs/again_alignment_offset_diagnosis_20260621_131041/contact_sheets/874A6B13-C999-C802-1138-FA198591D897_solid_ADB2A2F7-134D-65C9-12CC-128AE4A431C4.jpg
874A6B13-C999-C802-1138-FA198591D897_solid_ADB2A2F7-134D-65C9-12CC-128AE4A431C4,last_minus_4s,121.811,True,114.94695138888889,False,42.679466247558594,outputs/again_alignment_offset_diagnosis_20260621_131041/contact_sheets/874A6B13-C999-C802-1138-FA198591D897_solid_ADB2A2F7-134D-65C9-12CC-128AE4A431C4.jpg
874A6B13-C999-C802-1138-FA198591D897_solid_ADB2A2F7-134D-65C9-12CC-128AE4A431C4,last_minus_3s,122.811,True,114.81265451388889,False,27.919584274291992,outputs/again_alignment_offset_diagnosis_20260621_131041/contact_sheets/874A6B13-C999-C802-1138-FA198591D897_solid_ADB2A2F7-134D-65C9-12CC-128AE4A431C4.jpg
874A6B13-C999-C802-1138-FA198591D897_solid_ADB2A2F7-134D-65C9-12CC-128AE4A431C4,last_minus_2s,123.811,True,118.25906770833333,False,34.64704513549805,outputs/again_alignment_offset_diagnosis_20260621_131041/contact_sheets/874A6B13-C999-C802-1138-FA198591D897_solid_ADB2A2F7-134D-65C9-12CC-128AE4A431C4.jpg
874A6B13-C999-C802-1138-FA198591D897_solid_ADB2A2F7-134D-65C9-12CC-128AE4A431C4,last_minus_1s,124.811,True,118.46009027777778,False,11.746284484863281,outputs/again_alignment_offset_diagnosis_20260621_131041/contact_sheets/874A6B13-C999-C802-1138-FA198591D897_solid_ADB2A2F7-134D-65C9-12CC-128AE4A431C4.jpg
874A6B13-C999-C802-1138-FA198591D897_solid_ADB2A2F7-134D-65C9-12CC-128AE4A431C4,last_frame,125.76100000000001,True,118.59236111111112,False,5.879880428314209,outputs/again_alignment_offset_diagnosis_20260621_131041/contact_sheets/874A6B13-C999-C802-1138-FA198591D897_solid_ADB2A2F7-134D-65C9-12CC-128AE4A431C4.jpg
99827717-1B21-7ECC-CAD1-99489F7E19EA_solid_446137B1-0CB9-2120-DC76-7541D1FFEE4E,first_frame,0.0,True,97.59296180555556,False,,outputs/again_alignment_offset_diagnosis_20260621_131041/contact_sheets/99827717-1B21-7ECC-CAD1-99489F7E19EA_solid_446137B1-0CB9-2120-DC76-7541D1FFEE4E.jpg
99827717-1B21-7ECC-CAD1-99489F7E19EA_solid_446137B1-0CB9-2120-DC76-7541D1FFEE4E,t_1s,1.0,True,138.54575520833333,False,78.1416015625,outputs/again_alignment_offset_diagnosis_20260621_131041/contact_sheets/99827717-1B21-7ECC-CAD1-99489F7E19EA_solid_446137B1-0CB9-2120-DC76-7541D1FFEE4E.jpg
99827717-1B21-7ECC-CAD1-99489F7E19EA_solid_446137B1-0CB9-2120-DC76-7541D1FFEE4E,t_2s,2.0,True,138.45574479166666,False,3.935777187347412,outputs/again_alignment_offset_diagnosis_20260621_131041/contact_sheets/99827717-1B21-7ECC-CAD1-99489F7E19EA_solid_446137B1-0CB9-2120-DC76-7541D1FFEE4E.jpg
99827717-1B21-7ECC-CAD1-99489F7E19EA_solid_446137B1-0CB9-2120-DC76-7541D1FFEE4E,t_3s,3.0,True,134.7079079861111,False,6.766605854034424,outputs/again_alignment_offset_diagnosis_20260621_131041/contact_sheets/99827717-1B21-7ECC-CAD1-99489F7E19EA_solid_446137B1-0CB9-2120-DC76-7541D1FFEE4E.jpg
99827717-1B21-7ECC-CAD1-99489F7E19EA_solid_446137B1-0CB9-2120-DC76-7541D1FFEE4E,t_4s,4.0,True,138.83930729166667,False,24.226152420043945,outputs/again_alignment_offset_diagnosis_20260621_131041/contact_sheets/99827717-1B21-7ECC-CAD1-99489F7E19EA_solid_446137B1-0CB9-2120-DC76-7541D1FFEE4E.jpg
99827717-1B21-7ECC-CAD1-99489F7E19EA_solid_446137B1-0CB9-2120-DC76-7541D1FFEE4E,last_minus_4s,121.916,True,118.71490798611111,False,43.2153434753418,outputs/again_alignment_offset_diagnosis_20260621_131041/contact_sheets/99827717-1B21-7ECC-CAD1-99489F7E19EA_solid_446137B1-0CB9-2120-DC76-7541D1FFEE4E.jpg
99827717-1B21-7ECC-CAD1-99489F7E19EA_solid_446137B1-0CB9-2120-DC76-7541D1FFEE4E,last_minus_3s,122.916,True,115.69016840277777,False,18.07794952392578,outputs/again_alignment_offset_diagnosis_20260621_131041/contact_sheets/99827717-1B21-7ECC-CAD1-99489F7E19EA_solid_446137B1-0CB9-2120-DC76-7541D1FFEE4E.jpg
99827717-1B21-7ECC-CAD1-99489F7E19EA_solid_446137B1-0CB9-2120-DC76-7541D1FFEE4E,last_minus_2s,123.916,True,118.9798125,False,12.763962745666504,outputs/again_alignment_offset_diagnosis_20260621_131041/contact_sheets/99827717-1B21-7ECC-CAD1-99489F7E19EA_solid_446137B1-0CB9-2120-DC76-7541D1FFEE4E.jpg
99827717-1B21-7ECC-CAD1-99489F7E19EA_solid_446137B1-0CB9-2120-DC76-7541D1FFEE4E,last_minus_1s,124.916,True,118.48411458333334,False,6.36248254776001,outputs/again_alignment_offset_diagnosis_20260621_131041/contact_sheets/99827717-1B21-7ECC-CAD1-99489F7E19EA_solid_446137B1-0CB9-2120-DC76-7541D1FFEE4E.jpg
99827717-1B21-7ECC-CAD1-99489F7E19EA_solid_446137B1-0CB9-2120-DC76-7541D1FFEE4E,last_frame,125.866,True,118.2894375,False,4.198703289031982,outputs/again_alignment_offset_diagnosis_20260621_131041/contact_sheets/99827717-1B21-7ECC-CAD1-99489F7E19EA_solid_446137B1-0CB9-2120-DC76-7541D1FFEE4E.jpg
FC50071B-D2BA-C98B-AC6E-7339010D56DA_gallery_8560E34E-106E-978E-68B9-C0F006B32EC6,first_frame,0.0,True,76.44398611111112,False,,outputs/again_alignment_offset_diagnosis_20260621_131041/contact_sheets/FC50071B-D2BA-C98B-AC6E-7339010D56DA_gallery_8560E34E-106E-978E-68B9-C0F006B32EC6.jpg
FC50071B-D2BA-C98B-AC6E-7339010D56DA_gallery_8560E34E-106E-978E-68B9-C0F006B32EC6,t_1s,1.0,True,98.81335590277777,False,58.83164978027344,outputs/again_alignment_offset_diagnosis_20260621_131041/contact_sheets/FC50071B-D2BA-C98B-AC6E-7339010D56DA_gallery_8560E34E-106E-978E-68B9-C0F006B32EC6.jpg
FC50071B-D2BA-C98B-AC6E-7339010D56DA_gallery_8560E34E-106E-978E-68B9-C0F006B32EC6,t_2s,2.0,True,98.75357291666667,False,2.433725118637085,outputs/again_alignment_offset_diagnosis_20260621_131041/contact_sheets/FC50071B-D2BA-C98B-AC6E-7339010D56DA_gallery_8560E34E-106E-978E-68B9-C0F006B32EC6.jpg
FC50071B-D2BA-C98B-AC6E-7339010D56DA_gallery_8560E34E-106E-978E-68B9-C0F006B32EC6,t_3s,3.0,True,98.14522222222222,False,1.511059045791626,outputs/again_alignment_offset_diagnosis_20260621_131041/contact_sheets/FC50071B-D2BA-C98B-AC6E-7339010D56DA_gallery_8560E34E-106E-978E-68B9-C0F006B32EC6.jpg
FC50071B-D2BA-C98B-AC6E-7339010D56DA_gallery_8560E34E-106E-978E-68B9-C0F006B32EC6,t_4s,4.0,True,97.57032465277777,False,3.9671237468719482,outputs/again_alignment_offset_diagnosis_20260621_131041/contact_sheets/FC50071B-D2BA-C98B-AC6E-7339010D56DA_gallery_8560E34E-106E-978E-68B9-C0F006B32EC6.jpg
FC50071B-D2BA-C98B-AC6E-7339010D56DA_gallery_8560E34E-106E-978E-68B9-C0F006B32EC6,last_minus_4s,120.795,True,93.92628819444444,False,10.554474830627441,outputs/again_alignment_offset_diagnosis_20260621_131041/contact_sheets/FC50071B-D2BA-C98B-AC6E-7339010D56DA_gallery_8560E34E-106E-978E-68B9-C0F006B32EC6.jpg
FC50071B-D2BA-C98B-AC6E-7339010D56DA_gallery_8560E34E-106E-978E-68B9-C0F006B32EC6,last_minus_3s,121.795,True,100.08549305555556,False,9.708121299743652,outputs/again_alignment_offset_diagnosis_20260621_131041/contact_sheets/FC50071B-D2BA-C98B-AC6E-7339010D56DA_gallery_8560E34E-106E-978E-68B9-C0F006B32EC6.jpg
FC50071B-D2BA-C98B-AC6E-7339010D56DA_gallery_8560E34E-106E-978E-68B9-C0F006B32EC6,last_minus_2s,122.795,True,5.344272569444445,True,98.39893341064453,outputs/again_alignment_offset_diagnosis_20260621_131041/contact_sheets/FC50071B-D2BA-C98B-AC6E-7339010D56DA_gallery_8560E34E-106E-978E-68B9-C0F006B32EC6.jpg
FC50071B-D2BA-C98B-AC6E-7339010D56DA_gallery_8560E34E-106E-978E-68B9-C0F006B32EC6,last_minus_1s,123.795,True,5.343520833333334,True,0.06382697075605392,outputs/again_alignment_offset_diagnosis_20260621_131041/contact_sheets/FC50071B-D2BA-C98B-AC6E-7339010D56DA_gallery_8560E34E-106E-978E-68B9-C0F006B32EC6.jpg
FC50071B-D2BA-C98B-AC6E-7339010D56DA_gallery_8560E34E-106E-978E-68B9-C0F006B32EC6,last_frame,124.745,True,39.35428125,False,43.50570297241211,outputs/again_alignment_offset_diagnosis_20260621_131041/contact_sheets/FC50071B-D2BA-C98B-AC6E-7339010D56DA_gallery_8560E34E-106E-978E-68B9-C0F006B32EC6.jpg
FC66D29E-8CD8-AE29-A071-33549272C1EE_gun_DCD07A2D-8272-E17B-D277-B7B90C44630E,first_frame,0.0,True,87.29899652777777,False,,outputs/again_alignment_offset_diagnosis_20260621_131041/contact_sheets/FC66D29E-8CD8-AE29-A071-33549272C1EE_gun_DCD07A2D-8272-E17B-D277-B7B90C44630E.jpg
FC66D29E-8CD8-AE29-A071-33549272C1EE_gun_DCD07A2D-8272-E17B-D277-B7B90C44630E,t_1s,1.0,True,107.25383680555555,False,65.28829956054688,outputs/again_alignment_offset_diagnosis_20260621_131041/contact_sheets/FC66D29E-8CD8-AE29-A071-33549272C1EE_gun_DCD07A2D-8272-E17B-D277-B7B90C44630E.jpg
FC66D29E-8CD8-AE29-A071-33549272C1EE_gun_DCD07A2D-8272-E17B-D277-B7B90C44630E,t_2s,2.0,True,107.10609895833333,False,2.775132417678833,outputs/again_alignment_offset_diagnosis_20260621_131041/contact_sheets/FC66D29E-8CD8-AE29-A071-33549272C1EE_gun_DCD07A2D-8272-E17B-D277-B7B90C44630E.jpg
FC66D29E-8CD8-AE29-A071-33549272C1EE_gun_DCD07A2D-8272-E17B-D277-B7B90C44630E,t_3s,3.0,True,105.79604861111112,False,5.919214725494385,outputs/again_alignment_offset_diagnosis_20260621_131041/contact_sheets/FC66D29E-8CD8-AE29-A071-33549272C1EE_gun_DCD07A2D-8272-E17B-D277-B7B90C44630E.jpg
FC66D29E-8CD8-AE29-A071-33549272C1EE_gun_DCD07A2D-8272-E17B-D277-B7B90C44630E,t_4s,4.0,True,104.90089930555555,False,1.1053588390350342,outputs/again_alignment_offset_diagnosis_20260621_131041/contact_sheets/FC66D29E-8CD8-AE29-A071-33549272C1EE_gun_DCD07A2D-8272-E17B-D277-B7B90C44630E.jpg
FC66D29E-8CD8-AE29-A071-33549272C1EE_gun_DCD07A2D-8272-E17B-D277-B7B90C44630E,last_minus_4s,121.846,True,61.658487847222226,False,69.45765686035156,outputs/again_alignment_offset_diagnosis_20260621_131041/contact_sheets/FC66D29E-8CD8-AE29-A071-33549272C1EE_gun_DCD07A2D-8272-E17B-D277-B7B90C44630E.jpg
FC66D29E-8CD8-AE29-A071-33549272C1EE_gun_DCD07A2D-8272-E17B-D277-B7B90C44630E,last_minus_3s,122.846,True,54.66856076388889,False,43.97466278076172,outputs/again_alignment_offset_diagnosis_20260621_131041/contact_sheets/FC66D29E-8CD8-AE29-A071-33549272C1EE_gun_DCD07A2D-8272-E17B-D277-B7B90C44630E.jpg
FC66D29E-8CD8-AE29-A071-33549272C1EE_gun_DCD07A2D-8272-E17B-D277-B7B90C44630E,last_minus_2s,123.846,True,64.50843923611112,False,47.96109390258789,outputs/again_alignment_offset_diagnosis_20260621_131041/contact_sheets/FC66D29E-8CD8-AE29-A071-33549272C1EE_gun_DCD07A2D-8272-E17B-D277-B7B90C44630E.jpg
FC66D29E-8CD8-AE29-A071-33549272C1EE_gun_DCD07A2D-8272-E17B-D277-B7B90C44630E,last_minus_1s,124.846,True,63.329125,False,14.142855644226074,outputs/again_alignment_offset_diagnosis_20260621_131041/contact_sheets/FC66D29E-8CD8-AE29-A071-33549272C1EE_gun_DCD07A2D-8272-E17B-D277-B7B90C44630E.jpg
FC66D29E-8CD8-AE29-A071-33549272C1EE_gun_DCD07A2D-8272-E17B-D277-B7B90C44630E,last_frame,125.796,True,62.322241319444444,False,14.794868469238281,outputs/again_alignment_offset_diagnosis_20260621_131041/contact_sheets/FC66D29E-8CD8-AE29-A071-33549272C1EE_gun_DCD07A2D-8272-E17B-D277-B7B90C44630E.jpg
647C581E-E72F-0765-F94A-065909B99374_endless_95308EC2-755C-3727-71E1-9460BE0F9C21,first_frame,0.0,True,66.91886284722223,False,,outputs/again_alignment_offset_diagnosis_20260621_131041/contact_sheets/647C581E-E72F-0765-F94A-065909B99374_endless_95308EC2-755C-3727-71E1-9460BE0F9C21.jpg
647C581E-E72F-0765-F94A-065909B99374_endless_95308EC2-755C-3727-71E1-9460BE0F9C21,t_1s,1.0,True,52.576571180555554,False,40.01853561401367,outputs/again_alignment_offset_diagnosis_20260621_131041/contact_sheets/647C581E-E72F-0765-F94A-065909B99374_endless_95308EC2-755C-3727-71E1-9460BE0F9C21.jpg
647C581E-E72F-0765-F94A-065909B99374_endless_95308EC2-755C-3727-71E1-9460BE0F9C21,t_2s,2.0,True,52.301329861111114,False,4.055983066558838,outputs/again_alignment_offset_diagnosis_20260621_131041/contact_sheets/647C581E-E72F-0765-F94A-065909B99374_endless_95308EC2-755C-3727-71E1-9460BE0F9C21.jpg
647C581E-E72F-0765-F94A-065909B99374_endless_95308EC2-755C-3727-71E1-9460BE0F9C21,t_3s,3.0,True,48.05957291666667,False,7.274767875671387,outputs/again_alignment_offset_diagnosis_20260621_131041/contact_sheets/647C581E-E72F-0765-F94A-065909B99374_endless_95308EC2-755C-3727-71E1-9460BE0F9C21.jpg
647C581E-E72F-0765-F94A-065909B99374_endless_95308EC2-755C-3727-71E1-9460BE0F9C21,t_4s,4.0,True,45.93157291666667,False,9.793608665466309,outputs/again_alignment_offset_diagnosis_20260621_131041/contact_sheets/647C581E-E72F-0765-F94A-065909B99374_endless_95308EC2-755C-3727-71E1-9460BE0F9C21.jpg
647C581E-E72F-0765-F94A-065909B99374_endless_95308EC2-755C-3727-71E1-9460BE0F9C21,last_minus_4s,119.608,True,45.98784722222222,False,7.047636032104492,outputs/again_alignment_offset_diagnosis_20260621_131041/contact_sheets/647C581E-E72F-0765-F94A-065909B99374_endless_95308EC2-755C-3727-71E1-9460BE0F9C21.jpg
647C581E-E72F-0765-F94A-065909B99374_endless_95308EC2-755C-3727-71E1-9460BE0F9C21,last_minus_3s,120.608,True,45.982085069444445,False,6.726383686065674,outputs/again_alignment_offset_diagnosis_20260621_131041/contact_sheets/647C581E-E72F-0765-F94A-065909B99374_endless_95308EC2-755C-3727-71E1-9460BE0F9C21.jpg
647C581E-E72F-0765-F94A-065909B99374_endless_95308EC2-755C-3727-71E1-9460BE0F9C21,last_minus_2s,121.608,True,46.23665451388889,False,7.317727088928223,outputs/again_alignment_offset_diagnosis_20260621_131041/contact_sheets/647C581E-E72F-0765-F94A-065909B99374_endless_95308EC2-755C-3727-71E1-9460BE0F9C21.jpg
647C581E-E72F-0765-F94A-065909B99374_endless_95308EC2-755C-3727-71E1-9460BE0F9C21,last_minus_1s,122.608,True,46.29988888888889,False,7.179904937744141,outputs/again_alignment_offset_diagnosis_20260621_131041/contact_sheets/647C581E-E72F-0765-F94A-065909B99374_endless_95308EC2-755C-3727-71E1-9460BE0F9C21.jpg
647C581E-E72F-0765-F94A-065909B99374_endless_95308EC2-755C-3727-71E1-9460BE0F9C21,last_frame,123.558,True,49.709614583333334,False,11.924724578857422,outputs/again_alignment_offset_diagnosis_20260621_131041/contact_sheets/647C581E-E72F-0765-F94A-065909B99374_endless_95308EC2-755C-3727-71E1-9460BE0F9C21.jpg
647C581E-E72F-0765-F94A-065909B99374_platform_09E23002-0A95-96C1-2D9D-825462C4C000,first_frame,0.0,True,79.64150520833333,False,,outputs/again_alignment_offset_diagnosis_20260621_131041/contact_sheets/647C581E-E72F-0765-F94A-065909B99374_platform_09E23002-0A95-96C1-2D9D-825462C4C000.jpg
647C581E-E72F-0765-F94A-065909B99374_platform_09E23002-0A95-96C1-2D9D-825462C4C000,t_1s,1.0,True,90.06783680555556,False,47.93406295776367,outputs/again_alignment_offset_diagnosis_20260621_131041/contact_sheets/647C581E-E72F-0765-F94A-065909B99374_platform_09E23002-0A95-96C1-2D9D-825462C4C000.jpg
647C581E-E72F-0765-F94A-065909B99374_platform_09E23002-0A95-96C1-2D9D-825462C4C000,t_2s,2.0,True,89.84861284722223,False,2.8612356185913086,outputs/again_alignment_offset_diagnosis_20260621_131041/contact_sheets/647C581E-E72F-0765-F94A-065909B99374_platform_09E23002-0A95-96C1-2D9D-825462C4C000.jpg
647C581E-E72F-0765-F94A-065909B99374_platform_09E23002-0A95-96C1-2D9D-825462C4C000,t_3s,3.0,True,87.49450347222222,False,5.280891418457031,outputs/again_alignment_offset_diagnosis_20260621_131041/contact_sheets/647C581E-E72F-0765-F94A-065909B99374_platform_09E23002-0A95-96C1-2D9D-825462C4C000.jpg
647C581E-E72F-0765-F94A-065909B99374_platform_09E23002-0A95-96C1-2D9D-825462C4C000,t_4s,4.0,True,85.95785243055556,False,1.8154971599578857,outputs/again_alignment_offset_diagnosis_20260621_131041/contact_sheets/647C581E-E72F-0765-F94A-065909B99374_platform_09E23002-0A95-96C1-2D9D-825462C4C000.jpg
647C581E-E72F-0765-F94A-065909B99374_platform_09E23002-0A95-96C1-2D9D-825462C4C000,last_minus_4s,121.046,True,126.91270486111111,False,55.665260314941406,outputs/again_alignment_offset_diagnosis_20260621_131041/contact_sheets/647C581E-E72F-0765-F94A-065909B99374_platform_09E23002-0A95-96C1-2D9D-825462C4C000.jpg
647C581E-E72F-0765-F94A-065909B99374_platform_09E23002-0A95-96C1-2D9D-825462C4C000,last_minus_3s,122.046,True,118.47757465277778,False,35.900142669677734,outputs/again_alignment_offset_diagnosis_20260621_131041/contact_sheets/647C581E-E72F-0765-F94A-065909B99374_platform_09E23002-0A95-96C1-2D9D-825462C4C000.jpg
647C581E-E72F-0765-F94A-065909B99374_platform_09E23002-0A95-96C1-2D9D-825462C4C000,last_minus_2s,123.046,True,121.44176041666667,False,58.36930465698242,outputs/again_alignment_offset_diagnosis_20260621_131041/contact_sheets/647C581E-E72F-0765-F94A-065909B99374_platform_09E23002-0A95-96C1-2D9D-825462C4C000.jpg
647C581E-E72F-0765-F94A-065909B99374_platform_09E23002-0A95-96C1-2D9D-825462C4C000,last_minus_1s,124.046,True,123.70201736111112,False,23.513750076293945,outputs/again_alignment_offset_diagnosis_20260621_131041/contact_sheets/647C581E-E72F-0765-F94A-065909B99374_platform_09E23002-0A95-96C1-2D9D-825462C4C000.jpg
647C581E-E72F-0765-F94A-065909B99374_platform_09E23002-0A95-96C1-2D9D-825462C4C000,last_frame,124.99600000000001,True,124.00664409722222,False,14.41080093383789,outputs/again_alignment_offset_diagnosis_20260621_131041/contact_sheets/647C581E-E72F-0765-F94A-065909B99374_platform_09E23002-0A95-96C1-2D9D-825462C4C000.jpg
AB9921A8-F143-E101-6A47-E66882F571B2_platform_C80B406C-B1A2-6DE9-C6DF-ADADFA7F9EDA,first_frame,0.0,True,97.81161284722222,False,,outputs/again_alignment_offset_diagnosis_20260621_131041/contact_sheets/AB9921A8-F143-E101-6A47-E66882F571B2_platform_C80B406C-B1A2-6DE9-C6DF-ADADFA7F9EDA.jpg
AB9921A8-F143-E101-6A47-E66882F571B2_platform_C80B406C-B1A2-6DE9-C6DF-ADADFA7F9EDA,t_1s,1.0,True,90.41624652777777,False,16.70445442199707,outputs/again_alignment_offset_diagnosis_20260621_131041/contact_sheets/AB9921A8-F143-E101-6A47-E66882F571B2_platform_C80B406C-B1A2-6DE9-C6DF-ADADFA7F9EDA.jpg
AB9921A8-F143-E101-6A47-E66882F571B2_platform_C80B406C-B1A2-6DE9-C6DF-ADADFA7F9EDA,t_2s,2.0,True,90.20352430555556,False,4.325903415679932,outputs/again_alignment_offset_diagnosis_20260621_131041/contact_sheets/AB9921A8-F143-E101-6A47-E66882F571B2_platform_C80B406C-B1A2-6DE9-C6DF-ADADFA7F9EDA.jpg
AB9921A8-F143-E101-6A47-E66882F571B2_platform_C80B406C-B1A2-6DE9-C6DF-ADADFA7F9EDA,t_3s,3.0,True,87.8010625,False,6.180902004241943,outputs/again_alignment_offset_diagnosis_20260621_131041/contact_sheets/AB9921A8-F143-E101-6A47-E66882F571B2_platform_C80B406C-B1A2-6DE9-C6DF-ADADFA7F9EDA.jpg
AB9921A8-F143-E101-6A47-E66882F571B2_platform_C80B406C-B1A2-6DE9-C6DF-ADADFA7F9EDA,t_4s,4.0,True,86.2818125,False,2.846721649169922,outputs/again_alignment_offset_diagnosis_20260621_131041/contact_sheets/AB9921A8-F143-E101-6A47-E66882F571B2_platform_C80B406C-B1A2-6DE9-C6DF-ADADFA7F9EDA.jpg
AB9921A8-F143-E101-6A47-E66882F571B2_platform_C80B406C-B1A2-6DE9-C6DF-ADADFA7F9EDA,last_minus_4s,120.925,True,130.3159670138889,False,56.41583251953125,outputs/again_alignment_offset_diagnosis_20260621_131041/contact_sheets/AB9921A8-F143-E101-6A47-E66882F571B2_platform_C80B406C-B1A2-6DE9-C6DF-ADADFA7F9EDA.jpg
AB9921A8-F143-E101-6A47-E66882F571B2_platform_C80B406C-B1A2-6DE9-C6DF-ADADFA7F9EDA,last_minus_3s,121.925,True,131.05106597222223,False,24.16649055480957,outputs/again_alignment_offset_diagnosis_20260621_131041/contact_sheets/AB9921A8-F143-E101-6A47-E66882F571B2_platform_C80B406C-B1A2-6DE9-C6DF-ADADFA7F9EDA.jpg
AB9921A8-F143-E101-6A47-E66882F571B2_platform_C80B406C-B1A2-6DE9-C6DF-ADADFA7F9EDA,last_minus_2s,122.925,True,135.73284375,False,32.2120246887207,outputs/again_alignment_offset_diagnosis_20260621_131041/contact_sheets/AB9921A8-F143-E101-6A47-E66882F571B2_platform_C80B406C-B1A2-6DE9-C6DF-ADADFA7F9EDA.jpg
AB9921A8-F143-E101-6A47-E66882F571B2_platform_C80B406C-B1A2-6DE9-C6DF-ADADFA7F9EDA,last_minus_1s,123.925,True,135.07567013888888,False,27.99579620361328,outputs/again_alignment_offset_diagnosis_20260621_131041/contact_sheets/AB9921A8-F143-E101-6A47-E66882F571B2_platform_C80B406C-B1A2-6DE9-C6DF-ADADFA7F9EDA.jpg
AB9921A8-F143-E101-6A47-E66882F571B2_platform_C80B406C-B1A2-6DE9-C6DF-ADADFA7F9EDA,last_frame,124.875,True,134.95780381944445,False,19.123779296875,outputs/again_alignment_offset_diagnosis_20260621_131041/contact_sheets/AB9921A8-F143-E101-6A47-E66882F571B2_platform_C80B406C-B1A2-6DE9-C6DF-ADADFA7F9EDA.jpg
AB9921A8-F143-E101-6A47-E66882F571B2_tiny_3A7D6BD3-8CBE-71EB-1187-627B5E79EEB8,first_frame,0.0,True,95.46247916666667,False,,outputs/again_alignment_offset_diagnosis_20260621_131041/contact_sheets/AB9921A8-F143-E101-6A47-E66882F571B2_tiny_3A7D6BD3-8CBE-71EB-1187-627B5E79EEB8.jpg
AB9921A8-F143-E101-6A47-E66882F571B2_tiny_3A7D6BD3-8CBE-71EB-1187-627B5E79EEB8,t_1s,1.0,True,137.81238541666667,False,69.46802520751953,outputs/again_alignment_offset_diagnosis_20260621_131041/contact_sheets/AB9921A8-F143-E101-6A47-E66882F571B2_tiny_3A7D6BD3-8CBE-71EB-1187-627B5E79EEB8.jpg
AB9921A8-F143-E101-6A47-E66882F571B2_tiny_3A7D6BD3-8CBE-71EB-1187-627B5E79EEB8,t_2s,2.0,True,137.70926215277777,False,3.682910203933716,outputs/again_alignment_offset_diagnosis_20260621_131041/contact_sheets/AB9921A8-F143-E101-6A47-E66882F571B2_tiny_3A7D6BD3-8CBE-71EB-1187-627B5E79EEB8.jpg
AB9921A8-F143-E101-6A47-E66882F571B2_tiny_3A7D6BD3-8CBE-71EB-1187-627B5E79EEB8,t_3s,3.0,True,135.12118923611112,False,7.808896064758301,outputs/again_alignment_offset_diagnosis_20260621_131041/contact_sheets/AB9921A8-F143-E101-6A47-E66882F571B2_tiny_3A7D6BD3-8CBE-71EB-1187-627B5E79EEB8.jpg
AB9921A8-F143-E101-6A47-E66882F571B2_tiny_3A7D6BD3-8CBE-71EB-1187-627B5E79EEB8,t_4s,4.0,True,132.30685416666665,False,27.506925582885742,outputs/again_alignment_offset_diagnosis_20260621_131041/contact_sheets/AB9921A8-F143-E101-6A47-E66882F571B2_tiny_3A7D6BD3-8CBE-71EB-1187-627B5E79EEB8.jpg
AB9921A8-F143-E101-6A47-E66882F571B2_tiny_3A7D6BD3-8CBE-71EB-1187-627B5E79EEB8,last_minus_4s,117.897,True,137.4558142361111,False,40.620765686035156,outputs/again_alignment_offset_diagnosis_20260621_131041/contact_sheets/AB9921A8-F143-E101-6A47-E66882F571B2_tiny_3A7D6BD3-8CBE-71EB-1187-627B5E79EEB8.jpg
AB9921A8-F143-E101-6A47-E66882F571B2_tiny_3A7D6BD3-8CBE-71EB-1187-627B5E79EEB8,last_minus_3s,118.897,True,136.42294444444445,False,36.45170211791992,outputs/again_alignment_offset_diagnosis_20260621_131041/contact_sheets/AB9921A8-F143-E101-6A47-E66882F571B2_tiny_3A7D6BD3-8CBE-71EB-1187-627B5E79EEB8.jpg
AB9921A8-F143-E101-6A47-E66882F571B2_tiny_3A7D6BD3-8CBE-71EB-1187-627B5E79EEB8,last_minus_2s,119.897,True,135.16526041666665,False,38.58385467529297,outputs/again_alignment_offset_diagnosis_20260621_131041/contact_sheets/AB9921A8-F143-E101-6A47-E66882F571B2_tiny_3A7D6BD3-8CBE-71EB-1187-627B5E79EEB8.jpg
AB9921A8-F143-E101-6A47-E66882F571B2_tiny_3A7D6BD3-8CBE-71EB-1187-627B5E79EEB8,last_minus_1s,120.897,True,131.04978125,False,31.735477447509766,outputs/again_alignment_offset_diagnosis_20260621_131041/contact_sheets/AB9921A8-F143-E101-6A47-E66882F571B2_tiny_3A7D6BD3-8CBE-71EB-1187-627B5E79EEB8.jpg
AB9921A8-F143-E101-6A47-E66882F571B2_tiny_3A7D6BD3-8CBE-71EB-1187-627B5E79EEB8,last_frame,121.84700000000001,True,131.7997829861111,False,25.52075958251953,outputs/again_alignment_offset_diagnosis_20260621_131041/contact_sheets/AB9921A8-F143-E101-6A47-E66882F571B2_tiny_3A7D6BD3-8CBE-71EB-1187-627B5E79EEB8.jpg
F1430977-52AF-4F46-BF92-0A8D736CBD2B_platform_A01ADF10-31A9-1A25-7048-2EC7A4AD617D,first_frame,0.0,True,79.64150520833333,False,,outputs/again_alignment_offset_diagnosis_20260621_131041/contact_sheets/F1430977-52AF-4F46-BF92-0A8D736CBD2B_platform_A01ADF10-31A9-1A25-7048-2EC7A4AD617D.jpg
F1430977-52AF-4F46-BF92-0A8D736CBD2B_platform_A01ADF10-31A9-1A25-7048-2EC7A4AD617D,t_1s,1.0,True,90.06900520833334,False,47.92551040649414,outputs/again_alignment_offset_diagnosis_20260621_131041/contact_sheets/F1430977-52AF-4F46-BF92-0A8D736CBD2B_platform_A01ADF10-31A9-1A25-7048-2EC7A4AD617D.jpg
F1430977-52AF-4F46-BF92-0A8D736CBD2B_platform_A01ADF10-31A9-1A25-7048-2EC7A4AD617D,t_2s,2.0,True,89.85976215277778,False,2.5381550788879395,outputs/again_alignment_offset_diagnosis_20260621_131041/contact_sheets/F1430977-52AF-4F46-BF92-0A8D736CBD2B_platform_A01ADF10-31A9-1A25-7048-2EC7A4AD617D.jpg
F1430977-52AF-4F46-BF92-0A8D736CBD2B_platform_A01ADF10-31A9-1A25-7048-2EC7A4AD617D,t_3s,3.0,True,86.8870451388889,False,5.046774864196777,outputs/again_alignment_offset_diagnosis_20260621_131041/contact_sheets/F1430977-52AF-4F46-BF92-0A8D736CBD2B_platform_A01ADF10-31A9-1A25-7048-2EC7A4AD617D.jpg
F1430977-52AF-4F46-BF92-0A8D736CBD2B_platform_A01ADF10-31A9-1A25-7048-2EC7A4AD617D,t_4s,4.0,True,85.95268923611111,False,2.187375068664551,outputs/again_alignment_offset_diagnosis_20260621_131041/contact_sheets/F1430977-52AF-4F46-BF92-0A8D736CBD2B_platform_A01ADF10-31A9-1A25-7048-2EC7A4AD617D.jpg
F1430977-52AF-4F46-BF92-0A8D736CBD2B_platform_A01ADF10-31A9-1A25-7048-2EC7A4AD617D,last_minus_4s,123.209,True,117.53864583333333,False,44.484657287597656,outputs/again_alignment_offset_diagnosis_20260621_131041/contact_sheets/F1430977-52AF-4F46-BF92-0A8D736CBD2B_platform_A01ADF10-31A9-1A25-7048-2EC7A4AD617D.jpg
F1430977-52AF-4F46-BF92-0A8D736CBD2B_platform_A01ADF10-31A9-1A25-7048-2EC7A4AD617D,last_minus_3s,124.209,True,116.83583506944444,False,16.88435935974121,outputs/again_alignment_offset_diagnosis_20260621_131041/contact_sheets/F1430977-52AF-4F46-BF92-0A8D736CBD2B_platform_A01ADF10-31A9-1A25-7048-2EC7A4AD617D.jpg
F1430977-52AF-4F46-BF92-0A8D736CBD2B_platform_A01ADF10-31A9-1A25-7048-2EC7A4AD617D,last_minus_2s,125.209,True,116.73964930555556,False,1.048838496208191,outputs/again_alignment_offset_diagnosis_20260621_131041/contact_sheets/F1430977-52AF-4F46-BF92-0A8D736CBD2B_platform_A01ADF10-31A9-1A25-7048-2EC7A4AD617D.jpg
F1430977-52AF-4F46-BF92-0A8D736CBD2B_platform_A01ADF10-31A9-1A25-7048-2EC7A4AD617D,last_minus_1s,126.209,True,117.41726388888888,False,18.457366943359375,outputs/again_alignment_offset_diagnosis_20260621_131041/contact_sheets/F1430977-52AF-4F46-BF92-0A8D736CBD2B_platform_A01ADF10-31A9-1A25-7048-2EC7A4AD617D.jpg
F1430977-52AF-4F46-BF92-0A8D736CBD2B_platform_A01ADF10-31A9-1A25-7048-2EC7A4AD617D,last_frame,127.159,True,117.51960069444445,False,16.36901092529297,outputs/again_alignment_offset_diagnosis_20260621_131041/contact_sheets/F1430977-52AF-4F46-BF92-0A8D736CBD2B_platform_A01ADF10-31A9-1A25-7048-2EC7A4AD617D.jpg
