target_name,target_type,architecture,control_type,seeds,rows_test_total,mean_pr_auc,min_pr_auc,max_pr_auc,mean_roc_auc,min_roc_auc,max_roc_auc,mean_top_1pct_recall,min_top_1pct_recall,max_top_1pct_recall,mean_top_5pct_recall,min_top_5pct_recall,max_top_5pct_recall,mean_top_10pct_recall,min_top_10pct_recall,max_top_10pct_recall,mean_top_1pct_precision,min_top_1pct_precision,max_top_1pct_precision,mean_top_5pct_precision,min_top_5pct_precision,max_top_5pct_precision,mean_top_10pct_precision,min_top_10pct_precision,max_top_10pct_precision,mean_continuous_spearman,min_continuous_spearman,max_continuous_spearman,mean_continuous_pearson,min_continuous_pearson,max_continuous_pearson,mean_top_1pct_continuous_lift,min_top_1pct_continuous_lift,max_top_1pct_continuous_lift,mean_top_5pct_continuous_lift,min_top_5pct_continuous_lift,max_top_5pct_continuous_lift,mean_top_10pct_continuous_lift,min_top_10pct_continuous_lift,max_top_10pct_continuous_lift,mean_top_1pct_avg_true_movement,min_top_1pct_avg_true_movement,max_top_1pct_avg_true_movement,mean_top_5pct_avg_true_movement,min_top_5pct_avg_true_movement,max_top_5pct_avg_true_movement,mean_top_10pct_avg_true_movement,min_top_10pct_avg_true_movement,max_top_10pct_avg_true_movement,mean_ndcg_at_1pct,min_ndcg_at_1pct,max_ndcg_at_1pct,mean_ndcg_at_5pct,min_ndcg_at_5pct,max_ndcg_at_5pct,mean_ndcg_at_10pct,min_ndcg_at_10pct,max_ndcg_at_10pct,mean_delta_vs_frozen_ar_pr_auc,min_delta_vs_frozen_ar_pr_auc,max_delta_vs_frozen_ar_pr_auc,mean_delta_vs_frozen_ar_top_5pct_continuous_lift,min_delta_vs_frozen_ar_top_5pct_continuous_lift,max_delta_vs_frozen_ar_top_5pct_continuous_lift,mean_delta_vs_frozen_ar_continuous_spearman,min_delta_vs_frozen_ar_continuous_spearman,max_delta_vs_frozen_ar_continuous_spearman
future_arousal_max_delta_rows_4_10_train_q90,binary,current_row_mlp_residual,diagnostics_only_residual,3,207303,0.2644205890803925,0.2581502161128414,0.2685802459845078,0.7420832308888333,0.7335096511238642,0.7473343880568262,0.03891132424701323,0.0373548712771327,0.0397526501766784,0.16325929665152275,0.161660777385159,0.1643109540636042,0.2766700319703853,0.2752397778899546,0.2782685512367491,0.44556840077071286,0.4277456647398844,0.4552023121387283,0.3743248456790123,0.3706597222222222,0.3767361111111111,0.3172237495779675,0.3155838518304152,0.3190565764722906,0.2668167313964061,0.2325831581278404,0.2913246910722709,0.32741149990898705,0.2884046473297627,0.3529323272723456,,,,,,,,,,0.23587866127490995,0.2258582860231399,0.242208182811737,0.1885915944973627,0.1863719373941421,0.1900248527526855,0.16204295059045148,0.161615565419197,0.1628365218639373,,,,,,,,,,-0.001793888059146058,-0.0055408745603752,0.0001357594433412,,,,,,
future_arousal_max_delta_rows_4_10_train_q90,binary,current_row_mlp_residual,frozen_ar_only,3,207303,0.26621447713953855,0.2636910906732166,0.268556795044912,0.7444277772923665,0.7401799731857736,0.7475899203341895,0.03987884906612817,0.0396264512872286,0.0403836446239273,0.1635116944304223,0.1627965673902069,0.1640585562847047,0.2776796230859835,0.2752397778899546,0.2796567390206966,0.45664739884393063,0.453757225433526,0.4624277456647399,0.37490354938271603,0.3732638888888889,0.3761574074074074,0.3183813244585925,0.3155838518304152,0.32064824193315,0.29728152520738593,0.296161136932833,0.2984579583880707,0.3544453834388827,0.353057325081977,0.3564064502179761,,,,,,,,,,0.24317285418510434,0.2395052760839462,0.2476958185434341,0.18902172644933066,0.1881201416254043,0.1899268925189972,0.162326435248057,0.161689817905426,0.1628072708845138,,,,,,,,,,,,,,,,,,
future_arousal_max_delta_rows_4_10_train_q90,binary,current_row_mlp_residual,label_permutation_residual,3,207303,0.26549152663141234,0.2636910906732166,0.2665845652735688,0.7421333993670426,0.7401799731857736,0.7455314377426884,0.04050984351337703,0.0396264512872286,0.0415194346289752,0.16325929665152272,0.1627965673902069,0.1636799596163553,0.27620730270906946,0.273851590106007,0.2796567390206966,0.4638728323699422,0.453757225433526,0.4754335260115607,0.3743248456790123,0.3732638888888889,0.3752893518518518,0.3166931944243476,0.3139921863695558,0.32064824193315,0.2824572047706021,0.2552052693501503,0.296161136932833,0.3400005574184184,0.3107182296395765,0.3562261175337015,,,,,,,,,,0.24510627488295234,0.2395053058862686,0.2481177002191543,0.18927453955014542,0.1881201416254043,0.1899268925189972,0.16161637504895524,0.160759761929512,0.1624822169542312,,,,,,,,,,-0.0007229505081262333,-0.0023578710974603,0.0001890195730816,,,,,,
future_arousal_max_delta_rows_4_10_train_q90,binary,current_row_mlp_residual,random_pca_residual,3,207303,0.2662682569059744,0.263735546068989,0.2686736789484469,0.744376381763042,0.7401213841595358,0.7474943227724533,0.039920915362611435,0.0396264512872286,0.0403836446239273,0.1635116944304223,0.1627965673902069,0.1640585562847047,0.2777216893824667,0.2752397778899546,0.2796567390206966,0.4571290944123314,0.453757225433526,0.4624277456647399,0.37490354938271603,0.3732638888888889,0.3761574074074074,0.3184295567452853,0.3155838518304152,0.32064824193315,0.27324932865728235,0.2552070698550454,0.2984579583880707,0.3337416631425958,0.314179567704228,0.3564064502179761,,,,,,,,,,0.243261640270551,0.2395052760839462,0.2476958185434341,0.18899879356225333,0.1880901306867599,0.1899268925189972,0.16235134005546567,0.161689817905426,0.1628819704055786,,,,,,,,,,5.377976643571938e-05,0.0,0.0001168839035348,,,,,,
future_arousal_max_delta_rows_4_10_train_q90,binary,current_row_mlp_residual,real_residual,3,207303,0.26993810573472393,0.2638575374617925,0.274920639008648,0.751225393960146,0.7467043012629659,0.7543818596987844,0.039794716473161636,0.037733467945482,0.0413932357395254,0.16346962813393906,0.1598939929328622,0.1654467440686522,0.2787733467945482,0.2747349823321555,0.2847046945986875,0.4556840077071291,0.4320809248554913,0.4739884393063583,0.3748070987654321,0.3666087962962963,0.3793402777777778,0.31963536391260305,0.3150050643901027,0.3264361163362755,0.2529652823271857,0.2440424657404823,0.260773532633579,0.2864285555354022,0.2742340977658917,0.3011343993857537,,,,,,,,,,0.23021332919597626,0.2187058925628662,0.237013578414917,0.18840637803077698,0.185123935341835,0.1900593787431717,0.16219568749268845,0.1598308235406875,0.1647488921880722,,,,,,,,,,0.0037236285951852337,0.0001664467885758,0.0063638439637359,,,,,,
future_arousal_max_delta_rows_4_10_train_q90,binary,current_row_mlp_residual,shuffled_pca_residual,3,207303,0.2662611418977901,0.2637413654923455,0.2686465145005376,0.7443684043836568,0.7401250250873334,0.7474667497065001,0.03987884906612817,0.0396264512872286,0.0403836446239273,0.1635116944304223,0.1627965673902069,0.1640585562847047,0.2776796230859835,0.2752397778899546,0.2795305401312468,0.45664739884393063,0.453757225433526,0.4624277456647399,0.37490354938271603,0.3732638888888889,0.3761574074074074,0.3183813244585925,0.3155838518304152,0.3205035450730719,0.27416910629413344,0.2589075745306889,0.2984579583880707,0.33537134739374047,0.3194752777039384,0.3564064502179761,,,,,,,,,,0.24297886093457535,0.2395052760839462,0.2476958185434341,0.18903415401776633,0.1881962120532989,0.1899268925189972,0.16234797736008963,0.161689817905426,0.162886843085289,,,,,,,,,,4.6664758251509696e-05,0.0,8.971945562563644e-05,,,,,,
future_arousal_max_delta_rows_4_10_train_q90,binary,current_row_mlp_residual,train_only_video_mean_residual,3,207303,0.2669905978512827,0.2642607442846491,0.2705873258550103,0.7473021746129231,0.744018614708538,0.7507180982298308,0.03958438499074537,0.0392478546188793,0.0398788490661282,0.16300689887262318,0.161660777385159,0.1641847551741544,0.2759128386336867,0.2732205956587582,0.27776375567895,0.4532755298651252,0.449421965317919,0.4566473988439306,0.3737461419753086,0.3706597222222222,0.3764467592592592,0.3163555684174986,0.3132687020691651,0.318477789031978,0.2498102440403154,0.2469779717915725,0.2545296045123794,0.3036484863627891,0.2993834992002292,0.3080809352944676,,,,,,,,,,0.24063785870869955,0.2364632487297058,0.245227575302124,0.18876942992210388,0.1866422295570373,0.1902352273464203,0.16140983502070105,0.1603655219078064,0.1621211171150207,,,,,,,,,,0.0007761207117440331,-0.0002718222862985,0.0020305308100982,,,,,,
future_arousal_max_delta_rows_4_10_train_q90,binary,delta_feature_mlp_residual,diagnostics_only_residual,3,207303,0.265531287068141,0.2610967095130408,0.2689056334821074,0.7429532066914265,0.7356317344323025,0.747740609362344,0.039458186101295596,0.0389954568399798,0.0397526501766784,0.16359582702338885,0.1626703685007572,0.1643109540636042,0.27683829715631836,0.274987380111055,0.2780161534578496,0.45183044315992293,0.4465317919075144,0.4552023121387283,0.37509645061728397,0.372974537037037,0.3767361111111111,0.31741667872473833,0.315294458110259,0.3187671827521343,0.2677406851326873,0.2477708301026076,0.2851493619831538,0.32689573586911996,0.3012723607908011,0.347887910466555,,,,,,,,,,0.23727469146251676,0.2298317998647689,0.2424869686365127,0.18893170356750488,0.1872228384017944,0.1902472525835037,0.1622381707032521,0.1615767627954483,0.1626975834369659,,,,,,,,,,-0.0006831900713975999,-0.0025943811601758,0.0003488384371953,,,,,,
future_arousal_max_delta_rows_4_10_train_q90,binary,delta_feature_mlp_residual,frozen_ar_only,3,207303,0.26621447713953855,0.2636910906732166,0.268556795044912,0.7444277772923665,0.7401799731857736,0.7475899203341895,0.03987884906612817,0.0396264512872286,0.0403836446239273,0.1635116944304223,0.1627965673902069,0.1640585562847047,0.2776796230859835,0.2752397778899546,0.2796567390206966,0.45664739884393063,0.453757225433526,0.4624277456647399,0.37490354938271603,0.3732638888888889,0.3761574074074074,0.3183813244585925,0.3155838518304152,0.32064824193315,0.29728152520738593,0.296161136932833,0.2984579583880707,0.3544453834388827,0.353057325081977,0.3564064502179761,,,,,,,,,,0.24317285418510434,0.2395052760839462,0.2476958185434341,0.18902172644933066,0.1881201416254043,0.1899268925189972,0.162326435248057,0.161689817905426,0.1628072708845138,,,,,,,,,,,,,,,,,,
future_arousal_max_delta_rows_4_10_train_q90,binary,delta_feature_mlp_residual,label_permutation_residual,3,207303,0.26459458703660804,0.2595994734065048,0.2675843295933444,0.7421721534162735,0.7350241316568733,0.7459937561533228,0.038995456839979764,0.0383644623927309,0.0396264512872286,0.16363789331987208,0.1622917718324078,0.1649419485108531,0.276291435302036,0.2752397778899546,0.2773851590106007,0.44653179190751446,0.4393063583815029,0.453757225433526,0.37519290123456783,0.3721064814814814,0.3781828703703703,0.31678965899773304,0.3155838518304152,0.3180436984517436,0.2622866038133161,0.2426400022641357,0.2972990067748831,0.3217442371069575,0.3014281914405658,0.3563966876925007,,,,,,,,,,0.23858302831649777,0.2355354875326156,0.2407083213329315,0.18873011569182077,0.1864192187786102,0.1899268925189972,0.161743625998497,0.1611449420452118,0.1623961180448532,,,,,,,,,,-0.0016198901029305665,-0.0040916172667118,0.0002044124094877,,,,,,
future_arousal_max_delta_rows_4_10_train_q90,binary,delta_feature_mlp_residual,random_pca_residual,3,207303,0.26454102693751275,0.2620119300497834,0.2670057525819236,0.7413188880626583,0.7373421432949205,0.7444127807267756,0.039626451287228664,0.0395002523977789,0.0398788490661282,0.1640164899882214,0.1626703685007572,0.1648157496214033,0.27692242974928477,0.274987380111055,0.2795305401312468,0.45375722543352603,0.4523121387283237,0.4566473988439306,0.3760609567901234,0.372974537037037,0.3778935185185185,0.31751314329812375,0.315294458110259,0.3205035450730719,0.23063806220773928,0.2252837501201668,0.235166143157847,0.28007204498230537,0.2725506225653771,0.2859323534215433,,,,,,,,,,0.24093019465605414,0.2388415485620498,0.2439794838428497,0.18897387385368347,0.1873599886894226,0.1903121769428253,0.16192581256230668,0.1614652276039123,0.1623633056879043,,,,,,,,,,-0.0016734502020257667,-0.0017901475196558,-0.0015510424629883,,,,,,
future_arousal_max_delta_rows_4_10_train_q90,binary,delta_feature_mlp_residual,real_residual,3,207303,0.2671334717444309,0.2636695873008366,0.2712441067718227,0.7452337119598442,0.7410074199261787,0.7473869659422125,0.039920915362611435,0.0374810701665825,0.0420242301867743,0.16330136294800598,0.1585058051489146,0.1663301362948006,0.27894161198048123,0.2770065623422514,0.2800353356890459,0.4571290944123314,0.4291907514450867,0.4812138728323699,0.3744212962962963,0.3634259259259259,0.3813657407407407,0.31982829305937394,0.3176096078715092,0.3210823325133844,0.2673183583560769,0.2622754816110153,0.2718368644068383,0.30207121399329223,0.2886216496057923,0.314461082646675,,,,,,,,,,0.23504069447517387,0.2204810827970504,0.2470468878746032,0.18920389811197913,0.1856189966201782,0.1913147717714309,0.16290430724620816,0.161594957113266,0.1635773628950119,,,,,,,,,,0.0009189946048923,-0.0027259583996505,0.0027956304874168,,,,,,
future_arousal_max_delta_rows_4_10_train_q90,binary,delta_feature_mlp_residual,shuffled_pca_residual,3,207303,0.2642625100699604,0.2620366398995233,0.2654811322576904,0.7410740389344412,0.737439232296202,0.7433521588622489,0.0396685175837119,0.0395002523977789,0.0400050479555779,0.16372202591283858,0.1626703685007572,0.1646895507319535,0.2773851590106006,0.2757445734477536,0.2795305401312468,0.4542389210019268,0.4523121387283237,0.4580924855491329,0.37538580246913583,0.372974537037037,0.3776041666666667,0.3180436984517436,0.3161626392707278,0.3205035450730719,0.2319919132422814,0.2254836243974907,0.2360310863117539,0.2800686150073473,0.2729025189509149,0.2847488596201838,,,,,,,,,,0.24208922684192657,0.2386738806962967,0.2463244795799255,0.1888870298862457,0.1874058693647384,0.1906175911426544,0.16207422812779745,0.1616479754447937,0.1624769568443298,,,,,,,,,,-0.0019519670695782,-0.0030756627872216,-0.0011257876478197,,,,,,
future_arousal_max_delta_rows_4_10_train_q90,binary,delta_feature_mlp_residual,train_only_video_mean_residual,3,207303,0.26518415229170395,0.2611910423083318,0.2675133923508154,0.7422635503306223,0.7363109294001863,0.7459737609617403,0.03958438499074537,0.0391216557294295,0.0402574457344775,0.16351169443042232,0.1622917718324078,0.1643109540636042,0.2776375567895002,0.2762493690055527,0.2795305401312468,0.4532755298651252,0.4479768786127168,0.4609826589595375,0.37490354938271603,0.3721064814814814,0.3767361111111111,0.31833309217189987,0.3167414267110404,0.3205035450730719,0.23839635321215355,0.2211360799519534,0.2694711207168221,0.29248420788100654,0.2749005318489557,0.3246401618755086,,,,,,,,,,0.24186004201571146,0.239604577422142,0.2430182248353958,0.18829500675201416,0.1865677237510681,0.1892707198858261,0.16229106982549027,0.1622099876403808,0.1623532623052597,,,,,,,,,,-0.0010303248478346,-0.0025000483648848,0.0011178466503282,,,,,,
future_arousal_max_delta_rows_4_10_train_q90,binary,low_ar_confidence_temporal_residual,diagnostics_only_residual,3,207303,0.2653040479320574,0.2606116646706262,0.2689049334250589,0.7427678724646651,0.7350369935179604,0.7477531855188985,0.03971058388019513,0.0392478546188793,0.0402574457344775,0.16363789331987208,0.1627965673902069,0.164437152953054,0.27675416456335183,0.2752397778899546,0.2778899545683998,0.4547206165703275,0.449421965317919,0.4609826589595375,0.3751929012345679,0.3732638888888889,0.3770254629629629,0.31732021415135286,0.3155838518304152,0.3186224858920561,0.2735435749321265,0.2456847558163393,0.2984579583880707,0.3303208014469871,0.2996767486071539,0.3564064502179761,,,,,,,,,,0.23887620866298676,0.232161745429039,0.244961604475975,0.18883052468299863,0.1870754808187484,0.1899268925189972,0.16218849023183188,0.161689817905426,0.1627020686864853,,,,,,,,,,-0.0009104292074811666,-0.0030794260025904,0.0003481383801469,,,,,,
future_arousal_max_delta_rows_4_10_train_q90,binary,low_ar_confidence_temporal_residual,frozen_ar_only,3,207303,0.26621447713953855,0.2636910906732166,0.268556795044912,0.7444277772923665,0.7401799731857736,0.7475899203341895,0.03987884906612817,0.0396264512872286,0.0403836446239273,0.1635116944304223,0.1627965673902069,0.1640585562847047,0.2776796230859835,0.2752397778899546,0.2796567390206966,0.45664739884393063,0.453757225433526,0.4624277456647399,0.37490354938271603,0.3732638888888889,0.3761574074074074,0.3183813244585925,0.3155838518304152,0.32064824193315,0.29728152520738593,0.296161136932833,0.2984579583880707,0.3544453834388827,0.353057325081977,0.3564064502179761,,,,,,,,,,0.24317285418510434,0.2395052760839462,0.2476958185434341,0.18902172644933066,0.1881201416254043,0.1899268925189972,0.162326435248057,0.161689817905426,0.1628072708845138,,,,,,,,,,,,,,,,,,
future_arousal_max_delta_rows_4_10_train_q90,binary,low_ar_confidence_temporal_residual,label_permutation_residual,3,207303,0.2632196200728694,0.2588669940143505,0.2687549729753975,0.7392616050176247,0.7341813197885924,0.7476332824434083,0.04000504795557793,0.0396264512872286,0.0406360424028268,0.1615345784957092,0.1593891973750631,0.1640585562847047,0.27578663974423684,0.2729681978798586,0.2781423523472993,0.4580924855491329,0.453757225433526,0.4653179190751445,0.3703703703703704,0.3654513888888889,0.3761574074074074,0.3162108715574205,0.3129793083490088,0.3189118796122124,0.2774189108071499,0.2415601652167147,0.2960141500684111,0.337296504285463,0.3032178169236542,0.3548052649897092,,,,,,,,,,0.24232105414072666,0.2411305904388427,0.2435151040554046,0.18645999828974405,0.1845410913228988,0.1890181452035904,0.16142083207766209,0.1602222323417663,0.1628072708845138,,,,,,,,,,-0.002994857066669167,-0.0048240966588661,0.0001981779304854,,,,,,
future_arousal_max_delta_rows_4_10_train_q90,binary,low_ar_confidence_temporal_residual,random_pca_residual,3,207303,0.26454864764905706,0.2618135705602191,0.2673297766138667,0.7414680179210714,0.737002371500271,0.7449319667164822,0.039458186101295596,0.0393740535083291,0.0396264512872286,0.16431095406360421,0.163301362948006,0.1651943462897526,0.2771748275281844,0.2747349823321555,0.2795305401312468,0.4518304431599229,0.4508670520231214,0.453757225433526,0.3767361111111111,0.3744212962962963,0.378761574074074,0.31780253701828,0.3150050643901027,0.3205035450730719,0.23694143117412236,0.2239323812942589,0.247528828408332,0.28054992919704125,0.2729343581069263,0.2868639350480578,,,,,,,,,,0.23919437328974402,0.2347637861967086,0.2436220943927765,0.18905011812845862,0.1878837645053863,0.1900820881128311,0.16203980644543958,0.1613300293684005,0.1624230742454528,,,,,,,,,,-0.0016658294904815334,-0.0018929499274018,-0.0012270184310453,,,,,,
future_arousal_max_delta_rows_4_10_train_q90,binary,low_ar_confidence_temporal_residual,real_residual,3,207303,0.26881070505740556,0.266263479384688,0.2704151650203189,0.7445618280712445,0.740673208539959,0.7466532839225531,0.0411408379606259,0.040509843513377,0.0422766279656739,0.16477368332492004,0.1645633518425037,0.1649419485108531,0.2793202086488305,0.2781423523472993,0.2804139323573952,0.47109826589595377,0.4638728323699422,0.4841040462427746,0.3777970679012346,0.3773148148148148,0.3781828703703703,0.32026238363960835,0.3189118796122124,0.3215164230936189,0.2739848556800486,0.267802937586907,0.2858175810043722,0.3139575231170968,0.3067282906396568,0.3253385217442623,,,,,,,,,,0.24126639465490973,0.2370223551988601,0.2482833862304687,0.1907990972201029,0.1896574199199676,0.1921361982822418,0.16333673894405357,0.1629052907228469,0.1637663394212722,,,,,,,,,,0.0025962279178668997,0.0018583699754068,0.0033579250667226,,,,,,
future_arousal_max_delta_rows_4_10_train_q90,binary,low_ar_confidence_temporal_residual,shuffled_pca_residual,3,207303,0.26477966858763285,0.2614802147643074,0.2664708228120165,0.7418900138299147,0.7365971197336002,0.7452077932984765,0.03966851758371187,0.0396264512872286,0.0397526501766784,0.16325929665152275,0.1620393740535083,0.1641847551741544,0.2771748275281844,0.2751135790005048,0.2792781423523473,0.4542389210019268,0.453757225433526,0.4552023121387283,0.3743248456790123,0.3715277777777778,0.3764467592592592,0.31780253701828,0.3154391549703371,0.3202141513529156,0.24475190828977367,0.2243074136176487,0.2710303769440634,0.2923134413958995,0.271257971727387,0.3275954475817526,,,,,,,,,,0.2420520683129628,0.2403258830308914,0.2453754842281341,0.18824385603268937,0.1867999285459518,0.1898531764745712,0.16207275787989292,0.1616265177726745,0.1623282879590988,,,,,,,,,,-0.0014348085519057163,-0.0022108759089092,-7.577513912448985e-06,,,,,,
future_arousal_max_delta_rows_4_10_train_q90,binary,low_ar_confidence_temporal_residual,train_only_video_mean_residual,3,207303,0.2607798829197508,0.2484328375794414,0.2674847415562218,0.7410701710932962,0.7333455246998603,0.7458448669605808,0.03861686017163047,0.0362190812720848,0.0406360424028268,0.15901060070671372,0.1492932862190812,0.1641847551741544,0.27099108194514554,0.2608531044926804,0.276123170116103,0.4421965317919075,0.4147398843930636,0.4653179190751445,0.3645833333333333,0.3423032407407407,0.3764467592592592,0.3107123908744513,0.2990884097815077,0.3165967298509622,0.2440239643077722,0.2231351414539867,0.2795032301945103,0.29166185849533516,0.2661973058625924,0.3346944009687551,,,,,,,,,,0.22907214860121405,0.2033025324344635,0.245776891708374,0.1834860245386759,0.1721880286931991,0.1893020570278167,0.15873288114865616,0.15239879488945,0.1619139462709427,,,,,,,,,,-0.005434594219787834,-0.0152582530937752,0.0010891958557346,,,,,,
future_arousal_max_delta_rows_4_10_train_q90,binary,short_temporal_conv_residual,diagnostics_only_residual,3,207303,0.26621447713953855,0.2636910906732166,0.268556795044912,0.7444277772923665,0.7401799731857736,0.7475899203341895,0.03987884906612817,0.0396264512872286,0.0403836446239273,0.1635116944304223,0.1627965673902069,0.1640585562847047,0.2776796230859835,0.2752397778899546,0.2796567390206966,0.45664739884393063,0.453757225433526,0.4624277456647399,0.37490354938271603,0.3732638888888889,0.3761574074074074,0.3183813244585925,0.3155838518304152,0.32064824193315,0.29728152520738593,0.296161136932833,0.2984579583880707,0.3544453834388827,0.353057325081977,0.3564064502179761,,,,,,,,,,0.24317285418510434,0.2395052760839462,0.2476958185434341,0.18902172644933066,0.1881201416254043,0.1899268925189972,0.162326435248057,0.161689817905426,0.1628072708845138,,,,,,,,,,0.0,0.0,0.0,,,,,,
future_arousal_max_delta_rows_4_10_train_q90,binary,short_temporal_conv_residual,frozen_ar_only,3,207303,0.26621447713953855,0.2636910906732166,0.268556795044912,0.7444277772923665,0.7401799731857736,0.7475899203341895,0.03987884906612817,0.0396264512872286,0.0403836446239273,0.1635116944304223,0.1627965673902069,0.1640585562847047,0.2776796230859835,0.2752397778899546,0.2796567390206966,0.45664739884393063,0.453757225433526,0.4624277456647399,0.37490354938271603,0.3732638888888889,0.3761574074074074,0.3183813244585925,0.3155838518304152,0.32064824193315,0.29728152520738593,0.296161136932833,0.2984579583880707,0.3544453834388827,0.353057325081977,0.3564064502179761,,,,,,,,,,0.24317285418510434,0.2395052760839462,0.2476958185434341,0.18902172644933066,0.1881201416254043,0.1899268925189972,0.162326435248057,0.161689817905426,0.1628072708845138,,,,,,,,,,,,,,,,,,
future_arousal_max_delta_rows_4_10_train_q90,binary,short_temporal_conv_residual,label_permutation_residual,3,207303,0.26398696540889416,0.2614046541905019,0.2684473856717601,0.7424355901857044,0.7372906422165086,0.74708458327863,0.0387430590610802,0.0372286723876829,0.0396264512872286,0.16258623590779064,0.1615345784957092,0.1641847551741544,0.27696449604576817,0.2737253912165573,0.278899545683998,0.44364161849710976,0.4263005780346821,0.453757225433526,0.37278163580246915,0.3703703703703703,0.3764467592592592,0.31756137558481645,0.3138474895094776,0.3197800607726812,0.24833406882068274,0.2400928781163648,0.2609247988967255,0.3080394263557262,0.2967183619704637,0.320677198584487,,,,,,,,,,0.23475698133309675,0.2202417850494384,0.2440032064914703,0.188174029191335,0.1864395439624786,0.1892830580472946,0.1617532124121983,0.1603239029645919,0.1628516167402267,,,,,,,,,,-0.0022275117306443664,-0.0042866893360665,-0.0001094093731519,,,,,,
future_arousal_max_delta_rows_4_10_train_q90,binary,short_temporal_conv_residual,random_pca_residual,3,207303,0.2654930636010302,0.2612616751561923,0.2686695182168087,0.7432894290112334,0.7369522184934262,0.7474864509421554,0.03958438499074537,0.0395002523977789,0.0396264512872286,0.16359582702338882,0.1630489651691065,0.1640585562847047,0.2775113579000505,0.2751135790005048,0.2792781423523473,0.4532755298651252,0.4523121387283237,0.453757225433526,0.37509645061728397,0.3738425925925926,0.3761574074074074,0.3181883953118217,0.3154391549703371,0.3202141513529156,0.2737301362813667,0.2280310458909476,0.2972252723698232,0.3239821265008476,0.2617444046343148,0.3563909320843159,,,,,,,,,,0.24183038870493567,0.2395053058862686,0.2436683923006057,0.18903972208499908,0.1881741285324096,0.1899268925189972,0.16232056419054663,0.1616484671831131,0.1628072708845138,,,,,,,,,,-0.0007214135385084,-0.0024294155170243,0.0001524517296024,,,,,,
future_arousal_max_delta_rows_4_10_train_q90,binary,short_temporal_conv_residual,real_residual,3,207303,0.27385563067291635,0.2697372518888213,0.2770178562122585,0.7480008212117806,0.7400767018272062,0.7562482322934544,0.042991755005889275,0.0412670368500757,0.0445482079757698,0.16628806999831733,0.1654467440686522,0.1667087329631499,0.2816338549554097,0.2781423523472993,0.2859666834931852,0.49229287090558776,0.4725433526011561,0.5101156069364162,0.38126929012345673,0.3793402777777778,0.3822337962962963,0.32291515940770754,0.3189118796122124,0.3278830849370568,0.26534620313494073,0.2628277948716933,0.2669715249779238,0.3039305933713108,0.2815377487683911,0.3166388578448884,,,,,,,,,,0.24256809552510575,0.2276651710271835,0.2536214888095855,0.1913711279630661,0.1898135095834732,0.1923711895942688,0.16402043898900345,0.1628591269254684,0.1654921472072601,,,,,,,,,,0.007641153533377701,0.0060461612156046,0.0106223105117713,,,,,,
future_arousal_max_delta_rows_4_10_train_q90,binary,short_temporal_conv_residual,shuffled_pca_residual,3,207303,0.26479982479493147,0.2616537279609534,0.2665303349257848,0.742495431361049,0.7375582627867301,0.7454103629691874,0.0392478546188793,0.0386168601716304,0.0396264512872286,0.16384822480228833,0.1636799596163553,0.1641847551741544,0.27633350159851927,0.2752397778899546,0.2785209490156486,0.44942196531791906,0.4421965317919075,0.453757225433526,0.3756751543209876,0.3752893518518518,0.3764467592592592,0.3168378912844258,0.3155838518304152,0.3193459701924468,0.24865300832518134,0.2170485963619622,0.2972524618828503,0.28769863127970025,0.2446664930768965,0.3563900803545352,,,,,,,,,,0.23937646547953284,0.2354887574911117,0.2431353330612182,0.1891950964927673,0.1885265260934829,0.1899268925189972,0.16177371144294736,0.1615998297929763,0.1620314866304397,,,,,,,,,,-0.0014146523446070998,-0.0023413835468557,0.0001347892252976,,,,,,
future_arousal_max_delta_rows_4_10_train_q90,binary,short_temporal_conv_residual,train_only_video_mean_residual,3,207303,0.2648507088556866,0.2615367106748402,0.2686103814414409,0.744269490792779,0.7386432365791048,0.7473873908890264,0.038995456839979764,0.0384906612821807,0.0397526501766784,0.16077738515901052,0.1585058051489146,0.1643109540636042,0.2759969712266532,0.2746087834427057,0.2782685512367491,0.44653179190751446,0.4407514450867052,0.4552023121387283,0.36863425925925924,0.3634259259259259,0.3767361111111111,0.31645203299088404,0.3148603675300246,0.3190565764722906,0.24052509308865785,0.1964947338259681,0.2832192963839086,0.30547678465081723,0.2611510293822627,0.3468231971496033,,,,,,,,,,0.23325498402118683,0.227770060300827,0.2424137145280838,0.18687876562277472,0.1848214417695999,0.1893583685159683,0.16148911416530604,0.1605555266141891,0.1628365218639373,,,,,,,,,,-0.0013637682838519467,-0.0021543799983764,5.358639652885966e-05,,,,,,
residual_future_max_delta_rows_4_10,continuous,current_row_mlp_residual,diagnostics_only_residual,3,204024,,,,,,,,,,,,,,,,,,,,,,,,,0.02507938349143207,0.0229271953619019,0.0277604923359939,0.1543358443543317,0.1501243699330517,0.1570825551852967,0.10643018751094734,0.1041329028084874,0.1076705800369381,0.0691388668492436,0.0648127319291234,0.0733386846259236,0.05126845184713594,0.049940557219088,0.0531543092802166,0.1188539291421572,0.1165566444396972,0.120094321668148,0.08156260848045344,0.0772364735603332,0.0857624262571334,0.06369219347834583,0.0623642988502979,0.0655780509114265,0.7029116012531545,0.7008365081465016,0.7048126695244213,0.7650055031907114,0.7615840530835145,0.767986727559069,0.8022771927508149,0.8013650499057524,0.8038494384691866,,,,-0.014612436294555631,-0.0202277526259422,-0.0092015266418457,-0.03366912507918923,-0.0398121763650998,-0.0304007091132636
residual_future_max_delta_rows_4_10,continuous,current_row_mlp_residual,frozen_ar_only,3,204024,,,,,,,,,,,,,,,,,,,,,,,,,0.05874850857062133,0.054951171889664,0.0627393717270018,0.19590553585325446,0.1935371245588736,0.1980032009842895,0.1287362746273478,0.1238383324816823,0.1313092680647969,0.08375130314379926,0.0825402112677693,0.0850404845550656,0.06579466629773374,0.064342220313847,0.0669015245512127,0.1411600162585576,0.1362620741128921,0.1437330096960067,0.0961750447750091,0.0949639528989791,0.0974642261862754,0.07821840792894359,0.0767659619450569,0.0793252661824226,0.7160900762707615,0.7138744049151171,0.7172298130446016,0.7755213005389652,0.7746925599428307,0.7763530894285714,0.8133702263038417,0.8123324872940428,0.8141502570574081,,,,,,,,,
residual_future_max_delta_rows_4_10,continuous,current_row_mlp_residual,label_permutation_residual,3,204024,,,,,,,,,,,,,,,,,,,,,,,,,0.053388718189022265,0.0481144090425398,0.056876507300558,0.18031208223430753,0.1777391594831092,0.1826755508874838,0.1182448885714014,0.1150616081431508,0.1226426484063267,0.07868593651801342,0.0768328057602047,0.0801129462197423,0.06007331330329177,0.0588516192510724,0.062209059484303,0.13066863020261124,0.1274853497743606,0.1350663900375366,0.09110967814922327,0.0892565473914146,0.0925366878509521,0.0724970549345016,0.0712753608822822,0.0746328011155128,0.7094301068239165,0.7075622443913527,0.7115350605952327,0.7715748097010171,0.7706234275368941,0.7722892532926674,0.8087913417687105,0.8080403466749301,0.8102210891051417,,,,-0.005065366625785766,-0.0082076787948608,-0.0034281536936759,-0.0053597903815989995,-0.0075641335030327,-0.0016784747946402
residual_future_max_delta_rows_4_10,continuous,current_row_mlp_residual,random_pca_residual,3,204024,,,,,,,,,,,,,,,,,,,,,,,,,0.04823571992899991,0.0297504551944281,0.0627393717270018,0.1810225658792661,0.1582527048759321,0.1980032009842895,0.11839856673032041,0.102934886701405,0.1313092680647969,0.07755708415061234,0.0690400646999478,0.0850404845550656,0.05947285238653414,0.049395085312426,0.0669015245512127,0.13082230836153028,0.1153586283326149,0.1437330096960067,0.08998082578182214,0.0814638063311576,0.0974642261862754,0.07189659401774402,0.0618188269436359,0.0793252661824226,0.7104751141919521,0.7024851248639284,0.7172298130446016,0.7711675572990893,0.7653024395911953,0.7763530894285714,0.8085859135752167,0.801202831361181,0.8141502570574081,,,,-0.006194218993186933,-0.0146331489086151,0.0,-0.010512788641621399,-0.0288045269007701,0.0
residual_future_max_delta_rows_4_10,continuous,current_row_mlp_residual,real_residual,3,204024,,,,,,,,,,,,,,,,,,,,,,,,,0.07120802103046901,0.0647610617367042,0.0833552119285616,0.18906641806052904,0.1841475464673662,0.1966432589002582,0.10922978042314446,0.0972358109429478,0.1202820809558034,0.0713346224899093,0.0676554189994931,0.0743889631703496,0.05992057888458167,0.0591964768245816,0.0607227580621838,0.12165352205435431,0.1096595525741577,0.1327058225870132,0.08375836412111913,0.0800791606307029,0.0868127048015594,0.07234432051579154,0.0716202184557914,0.0731464996933937,0.7053050464818237,0.6983413773710432,0.7127723798268739,0.7665453114695587,0.7637096302300168,0.7681550316004613,0.8082176190485612,0.8072897250467559,0.8086848800235446,,,,-0.012416680653889933,-0.0148847922682762,-0.010651521384716,0.012459512459847633,0.0062060796415059,0.0206158402015598
residual_future_max_delta_rows_4_10,continuous,current_row_mlp_residual,shuffled_pca_residual,3,204024,,,,,,,,,,,,,,,,,,,,,,,,,0.04760258729966863,0.0254772666549718,0.0619507675396197,0.1772174883378954,0.1451701637453647,0.1976594242973742,0.12031681307901937,0.1061315583065152,0.1313652517274022,0.0742339016869664,0.0582332061603665,0.0851582111790776,0.05646000895649189,0.0406848350539803,0.0652192952111363,0.13274055471022916,0.118555299937725,0.143788993358612,0.08665764331817621,0.0706569477915763,0.0975819528102874,0.06888375058770176,0.0531085766851902,0.0776430368423461,0.7113421450497263,0.7036378249946312,0.7172607818462692,0.768965790205777,0.7580561542081279,0.7764127136923947,0.80638364538086,0.7946775307790455,0.8130462330275144,,,,-0.009517401456832901,-0.0254400074481964,0.0001177266240119,-0.011145921270952664,-0.0330777154402264,0.0004285558147504
residual_future_max_delta_rows_4_10,continuous,current_row_mlp_residual,train_only_video_mean_residual,3,204024,,,,,,,,,,,,,,,,,,,,,,,,,0.05619377458123533,0.054951171889664,0.0579366892463975,0.19324547075417373,0.1902886361143146,0.195910651589333,0.12903137225657701,0.1238383324816823,0.1326864482834935,0.08387580979615446,0.0825402112677693,0.0853315265849232,0.06473757543911529,0.0638193013146519,0.066051204688847,0.1414551138877868,0.1362620741128921,0.1451101899147033,0.09629955142736431,0.0949639528989791,0.0977552682161331,0.0771613170703252,0.0762430429458618,0.0784749463200569,0.7163411236287981,0.7138744049151171,0.718367850580322,0.7757023198843868,0.7746925599428307,0.7768961109357929,0.8127399749345147,0.8123324872940428,0.8135417107628461,,,,0.00012450665235518225,0.0,0.0002910420298576,-0.002554733989385967,-0.0070459091193572,0.0
residual_future_max_delta_rows_4_10,continuous,delta_feature_mlp_residual,diagnostics_only_residual,3,204024,,,,,,,,,,,,,,,,,,,,,,,,,0.0432217384727811,0.0400140325362648,0.0466243611685142,0.1649777197312493,0.1585028954744758,0.1690547829217953,0.11796038070072727,0.1150534423068165,0.1209236206486821,0.0744503112509846,0.073382650502026,0.075230267830193,0.053242943870524535,0.0509639950469136,0.0564459534361958,0.1303841223319371,0.1274771839380264,0.1333473622798919,0.0868740528821945,0.0858063921332359,0.0876540094614029,0.06566668550173438,0.0633877366781234,0.0688696950674057,0.7101817125025827,0.7083334694540775,0.7120048715558495,0.7689463346488682,0.7681663964322484,0.7695223721610087,0.8041078275113899,0.8025797539282109,0.8063622997980218,,,,-0.0093009918928146,-0.0116578340530395,-0.0078021958470344,-0.015526770097840233,-0.0161150105584876,-0.0149371393533992
residual_future_max_delta_rows_4_10,continuous,delta_feature_mlp_residual,frozen_ar_only,3,204024,,,,,,,,,,,,,,,,,,,,,,,,,0.05874850857062133,0.054951171889664,0.0627393717270018,0.19590553585325446,0.1935371245588736,0.1980032009842895,0.1287362746273478,0.1238383324816823,0.1313092680647969,0.08375130314379926,0.0825402112677693,0.0850404845550656,0.06579466629773374,0.064342220313847,0.0669015245512127,0.1411600162585576,0.1362620741128921,0.1437330096960067,0.0961750447750091,0.0949639528989791,0.0974642261862754,0.07821840792894359,0.0767659619450569,0.0793252661824226,0.7160900762707615,0.7138744049151171,0.7172298130446016,0.7755213005389652,0.7746925599428307,0.7763530894285714,0.8133702263038417,0.8123324872940428,0.8141502570574081,,,,,,,,,
residual_future_max_delta_rows_4_10,continuous,delta_feature_mlp_residual,label_permutation_residual,3,204024,,,,,,,,,,,,,,,,,,,,,,,,,0.05349084584739833,0.0458530957781644,0.0576553780998717,0.15320176371715064,0.1046629868050598,0.1929056322134091,0.08770250746359425,0.0422233836725354,0.1207833411172032,0.05644662647197637,0.0285063060000538,0.0841406779363751,0.04743814437339697,0.032299474813044,0.0637611569836735,0.10012624909480405,0.0546471253037452,0.133207082748413,0.06887036810318624,0.0409300476312637,0.0965644195675849,0.05986188600460687,0.0447232164442539,0.0761848986148834,0.688103761844622,0.6564816534759333,0.7118239432647466,0.7545229280456089,0.7324897032931736,0.7755201135146832,0.7977121088306313,0.7838864951493082,0.8118462353730154,,,,-0.027304676671822865,-0.0540339052677154,0.0004674643278121,-0.005257662723222933,-0.0090980761114996,-0.0015909184310392
residual_future_max_delta_rows_4_10,continuous,delta_feature_mlp_residual,random_pca_residual,3,204024,,,,,,,,,,,,,,,,,,,,,,,,,0.03334907583575917,0.0292639744818741,0.0359189324341319,0.1611728289823559,0.1570692732849076,0.1636666842791836,0.11007285832116993,0.1071929531171917,0.1132434727624058,0.06720074731856579,0.0640765698626637,0.0711351158097386,0.04787196808805063,0.0460132146254181,0.0506888004019856,0.12249659995237983,0.1196166947484016,0.1256672143936157,0.07962448894977567,0.0765003114938736,0.0835588574409484,0.060295709719260494,0.058436956256628,0.0631125420331955,0.7060019004607009,0.7047734163867756,0.7072529181467355,0.7643077506750058,0.762254534084172,0.7668078176342812,0.8002043281695091,0.7989372552843355,0.8022680091153495,,,,-0.0165505558252334,-0.0209639146924018,-0.0125380977988243,-0.025399432734862133,-0.0268204392928698,-0.0236906615039267
residual_future_max_delta_rows_4_10,continuous,delta_feature_mlp_residual,real_residual,3,204024,,,,,,,,,,,,,,,,,,,,,,,,,0.06018448590832163,0.0587022927899208,0.0631325030452411,0.17360950770719888,0.167300059065998,0.178849323530243,0.10604319690416253,0.0980706186965107,0.1127432407811284,0.06362357952942446,0.0577205317094922,0.0670967521145939,0.05415438332905367,0.051837240345776,0.0570071684196591,0.11846693853537237,0.1104943603277206,0.1251669824123382,0.0760473211606343,0.070144273340702,0.0795204937458038,0.06657812496026351,0.0642609819769859,0.0694309100508689,0.7051256560614522,0.7008221903920585,0.7079315117389845,0.7617331605931335,0.7576929786061304,0.7639633287036101,0.8041044718706534,0.8021624497230313,0.8061561834548483,,,,-0.020127723614374766,-0.0248196795582771,-0.0176197588443756,0.0014359773377002332,0.0001473106947225,0.0037674900001389
residual_future_max_delta_rows_4_10,continuous,delta_feature_mlp_residual,shuffled_pca_residual,3,204024,,,,,,,,,,,,,,,,,,,,,,,,,0.042296245271167765,0.0295081453519958,0.0625819567115369,0.17076157782206058,0.1558206166718528,0.1979187579823188,0.11420238483697172,0.1048835413530469,0.1313982727006077,0.07239941724886494,0.0650367783382535,0.0851092608645558,0.052154202945530366,0.0451512830331921,0.0652593495324254,0.12662612646818158,0.1173072829842567,0.1438220143318176,0.08482315888007479,0.0774605199694633,0.0975330024957656,0.06457794457674022,0.057575024664402,0.0776830911636352,0.7083209497352797,0.7032974309599168,0.7172134560524572,0.7677994259380748,0.762981031799849,0.7763726054054466,0.8034220709381992,0.7983032077233596,0.8130680494006042,,,,-0.0113518858949343,-0.0175034329295158,6.877630949020386e-05,-0.016452263299453568,-0.0254430265376682,-0.0001574150154649
residual_future_max_delta_rows_4_10,continuous,delta_feature_mlp_residual,train_only_video_mean_residual,3,204024,,,,,,,,,,,,,,,,,,,,,,,,,0.0586486863373776,0.0546146352442141,0.0627393717270018,0.1958765301480974,0.1934334278983138,0.1980032009842895,0.1287362746273478,0.1238383324816823,0.1313092680647969,0.083705134379367,0.0824017124250531,0.0850404845550656,0.0658105708037813,0.0643924595788121,0.0669015245512127,0.1411600162585576,0.1362620741128921,0.1437330096960067,0.09612887601057685,0.0948254540562629,0.0974642261862754,0.07823431243499113,0.0768162012100219,0.0793252661824226,0.7160657827389795,0.713802288534879,0.7172298130446016,0.7754854529105195,0.7745846218977549,0.7763530894285714,0.8133756528923005,0.8123498379264505,0.8141502570574081,,,,-4.616876443226564e-05,-0.0001384988427162,0.0,-9.982223324373614e-05,-0.0003365366454499,3.7069945718691544e-05
residual_future_max_delta_rows_4_10,continuous,low_ar_confidence_temporal_residual,diagnostics_only_residual,3,204024,,,,,,,,,,,,,,,,,,,,,,,,,0.04507895580692856,0.036160366402545,0.0625987278582249,0.17160557958045308,0.1529486494990001,0.1978673165038767,0.12036119122058149,0.1126508982852101,0.1313256593421101,0.07608111916730793,0.0711996825411915,0.0851355837658047,0.055833309578398826,0.0483056204393506,0.0654655518010258,0.13278493285179135,0.1250746399164199,0.14374940097332,0.08850486079851784,0.0836234241724014,0.0975593253970146,0.06825705120960868,0.0607293620705604,0.0778892934322357,0.711470308177032,0.7073058288589666,0.71724475428084,0.7700857294302733,0.7665653013797525,0.776406214762717,0.8060017956812828,0.8006548673518076,0.8132107610061519,,,,-0.007670183976491256,-0.0124735310673713,9.509921073913574e-05,-0.013669552763692765,-0.0223946156926532,-0.0001406438687769
residual_future_max_delta_rows_4_10,continuous,low_ar_confidence_temporal_residual,frozen_ar_only,3,204024,,,,,,,,,,,,,,,,,,,,,,,,,0.05874850857062133,0.054951171889664,0.0627393717270018,0.19590553585325446,0.1935371245588736,0.1980032009842895,0.1287362746273478,0.1238383324816823,0.1313092680647969,0.08375130314379926,0.0825402112677693,0.0850404845550656,0.06579466629773374,0.064342220313847,0.0669015245512127,0.1411600162585576,0.1362620741128921,0.1437330096960067,0.0961750447750091,0.0949639528989791,0.0974642261862754,0.07821840792894359,0.0767659619450569,0.0793252661824226,0.7160900762707615,0.7138744049151171,0.7172298130446016,0.7755213005389652,0.7746925599428307,0.7763530894285714,0.8133702263038417,0.8123324872940428,0.8141502570574081,,,,,,,,,
residual_future_max_delta_rows_4_10,continuous,low_ar_confidence_temporal_residual,label_permutation_residual,3,204024,,,,,,,,,,,,,,,,,,,,,,,,,0.0543424874208997,0.0416427017571156,0.0627949244884993,0.19146011787846196,0.1801953659133364,0.1980091091300287,0.12641649662206567,0.1169274719431996,0.1312607945874333,0.08243016370882587,0.0784641029313206,0.0850608916953206,0.06454070626447593,0.0609164433553814,0.0665654214099049,0.13884023825327552,0.1293512135744094,0.1436845362186432,0.09485390534003574,0.0908878445625305,0.0974846333265304,0.0769644478956858,0.0733401849865913,0.0789891630411148,0.7148538971871271,0.7103481453694498,0.7171673158914301,0.7746109116726796,0.7719408863162344,0.7763540891440718,0.812436622733312,0.8097781420770495,0.8139247844133255,,,,-0.0013211394349733757,-0.0040761083364486,9.228289127349854e-05,-0.00440602114972158,-0.0133084701325483,5.5552761497545955e-05
residual_future_max_delta_rows_4_10,continuous,low_ar_confidence_temporal_residual,random_pca_residual,3,204024,,,,,,,,,,,,,,,,,,,,,,,,,0.040595959071040265,0.0289788730158634,0.0627393717270018,0.1712582077359598,0.1567893045776591,0.1980032009842895,0.11493283975869413,0.1038379715755581,0.1313092680647969,0.07369733322411771,0.0657815756276249,0.0850404845550656,0.0538518686468402,0.0463464455679059,0.0669015245512127,0.12735658138990394,0.116261713206768,0.1437330096960067,0.08612107485532756,0.0782053172588348,0.0974642261862754,0.06627561027805007,0.0587701871991157,0.0793252661824226,0.7087066645299988,0.7026278214953788,0.7172298130446016,0.7685909349279759,0.7629317263673766,0.7763530894285714,0.8045599794542513,0.798835362427375,0.8141502570574081,,,,-0.010053969919681499,-0.0178916379809379,0.0,-0.018152549499581033,-0.0295761090793348,0.0
residual_future_max_delta_rows_4_10,continuous,low_ar_confidence_temporal_residual,real_residual,3,204024,,,,,,,,,,,,,,,,,,,,,,,,,0.0597413882531865,0.0560874152275852,0.0627393717270018,0.1782143195907466,0.1636920132297454,0.1980032009842895,0.1107410263891021,0.095043328590691,0.1313092680647969,0.0665542331213752,0.0536739574745297,0.0850404845550656,0.05676747330774857,0.0513466270640492,0.0669015245512127,0.12316476802031191,0.1074670702219009,0.1437330096960067,0.07897797475258507,0.0660976991057396,0.0974642261862754,0.06919121493895847,0.0637703686952591,0.0793252661824226,0.7067423875075547,0.6969851201185303,0.7172298130446016,0.7637130428557559,0.7543186972283269,0.7763530894285714,0.8060605384087135,0.8012146729206959,0.8141502570574081,,,,-0.017197070022424,-0.0288662537932395,0.0,0.0009928796825651334,-0.002467566867613,0.0054462059153084
residual_future_max_delta_rows_4_10,continuous,low_ar_confidence_temporal_residual,shuffled_pca_residual,3,204024,,,,,,,,,,,,,,,,,,,,,,,,,0.0391581835326113,0.0284603338299782,0.0507071257422142,0.17240909864468568,0.1525923714836053,0.1917656616059359,0.10788798052817576,0.0949592785909771,0.1239495845511555,0.07059637177735563,0.0603682221844792,0.0820907326415181,0.05422184461106853,0.0422033229842782,0.0642557563260197,0.12031172215938564,0.107383020222187,0.1363733261823654,0.08302011340856547,0.072791963815689,0.0945144742727279,0.06664558624227837,0.054627064615488,0.0766794979572296,0.7049682762590045,0.6976808590444051,0.7139068986984941,0.7664379687013619,0.7593920348536307,0.7743651599957411,0.8046458682161753,0.7957927821879447,0.8122373375318155,,,,-0.0131549313664436,-0.0233049914240837,-0.0004494786262512,-0.019590325038009965,-0.03009464826522,-0.0042440461474497
residual_future_max_delta_rows_4_10,continuous,low_ar_confidence_temporal_residual,train_only_video_mean_residual,3,204024,,,,,,,,,,,,,,,,,,,,,,,,,0.056715190777779444,0.0489379538415036,0.062704258583811,0.19491220367414927,0.190583007838491,0.1980096191593842,0.12786411462972558,0.121864509768784,0.1312748463824391,0.0837740696345766,0.0823319004848599,0.0852151932194829,0.0652640309805671,0.0640297876670956,0.066128765232861,0.14028785626093546,0.1342882513999939,0.143698588013649,0.09619781126578646,0.0947556421160698,0.0976389348506927,0.07768777261177694,0.0764535292983055,0.0785525068640708,0.7156342647802943,0.7128154162488283,0.7172145832042714,0.7754901602427983,0.7744354207086128,0.7764565912444178,0.812994525159424,0.8120373628164885,0.8136206094038138,,,,2.276649077733334e-05,-0.0002083107829093,0.0001747086644172,-0.002033317792841894,-0.0060132180481604,-3.5113143190740326e-05
residual_future_max_delta_rows_4_10,continuous,short_temporal_conv_residual,diagnostics_only_residual,3,204024,,,,,,,,,,,,,,,,,,,,,,,,,0.049655465494933736,0.0307887263358648,0.0591275884569651,0.17771091488429447,0.1550493430071025,0.1923981479441013,0.12195347963521878,0.1123356344178319,0.1304395468905568,0.07833476581921177,0.0718935178592801,0.0852474020794034,0.05989827929685507,0.0545462863519787,0.0647130282595753,0.13437722126642856,0.1247593760490417,0.1428632885217666,0.09075850745042159,0.0843172594904899,0.0976711437106132,0.07232202092806496,0.0669700279831886,0.0771367698907852,0.7118382073548434,0.7063398445779004,0.7164606451029045,0.7715690367277577,0.766931112359774,0.7762779503371768,0.8088462126740925,0.8046930248883977,0.8125168449183031,,,,-0.005416537324587501,-0.0117796957492828,0.0002069175243377,-0.009093043075687599,-0.0277662557593334,0.0040989098023072
residual_future_max_delta_rows_4_10,continuous,short_temporal_conv_residual,frozen_ar_only,3,204024,,,,,,,,,,,,,,,,,,,,,,,,,0.05874850857062133,0.054951171889664,0.0627393717270018,0.19590553585325446,0.1935371245588736,0.1980032009842895,0.1287362746273478,0.1238383324816823,0.1313092680647969,0.08375130314379926,0.0825402112677693,0.0850404845550656,0.06579466629773374,0.064342220313847,0.0669015245512127,0.1411600162585576,0.1362620741128921,0.1437330096960067,0.0961750447750091,0.0949639528989791,0.0974642261862754,0.07821840792894359,0.0767659619450569,0.0793252661824226,0.7160900762707615,0.7138744049151171,0.7172298130446016,0.7755213005389652,0.7746925599428307,0.7763530894285714,0.8133702263038417,0.8123324872940428,0.8141502570574081,,,,,,,,,
residual_future_max_delta_rows_4_10,continuous,short_temporal_conv_residual,label_permutation_residual,3,204024,,,,,,,,,,,,,,,,,,,,,,,,,0.046617648563935736,0.0302622506524343,0.0586704701149211,0.1718937607317875,0.1529724813241122,0.1878216166303498,0.11672330865015583,0.1078207241371274,0.1249540718272328,0.0716627907628814,0.0660095633938908,0.0807644547894597,0.052936682788034234,0.0449988963082432,0.0596929686143994,0.1291470502813657,0.1202444657683372,0.1373778134584427,0.08408653239409127,0.0784333050251007,0.0931881964206695,0.06536042441924407,0.0574226379394531,0.0721167102456092,0.7098143574264659,0.7053909121948371,0.7133636060127396,0.7672119827160301,0.7634862601559023,0.7730694010628826,0.8037926893782766,0.7981228055184347,0.8087475136466116,,,,-0.0120885123809178,-0.0165306478738784,-0.0042760297656059,-0.012130860006685567,-0.0246889212372297,-0.0040689016120806
residual_future_max_delta_rows_4_10,continuous,short_temporal_conv_residual,random_pca_residual,3,204024,,,,,,,,,,,,,,,,,,,,,,,,,0.02985945679460446,0.0278325061957237,0.033342057394906,0.15965497585013239,0.1532062560779472,0.1630991909261998,0.1087343043958147,0.1049422370269894,0.1126337917521596,0.0691095637157559,0.0638249488547444,0.0740695791319012,0.048853775796790865,0.0444379234686493,0.0524794505909085,0.12115804602702457,0.1173659786581993,0.1250575333833694,0.08153330534696573,0.0762486904859542,0.0864933207631111,0.0612775174280007,0.0568616650998592,0.0649031922221183,0.7054190440314198,0.7032847124933133,0.7072646696751208,0.7653638686594407,0.7617406333639309,0.7687324082046761,0.8008711131400661,0.7975121492529954,0.8036337986045341,,,,-0.014641739428043333,-0.0198482647538185,-0.008470632135868,-0.028889051776016795,-0.0307224758994745,-0.0265473650964802
residual_future_max_delta_rows_4_10,continuous,short_temporal_conv_residual,real_residual,3,204024,,,,,,,,,,,,,,,,,,,,,,,,,0.06427160530093028,0.0612638984273284,0.0695319814993534,0.1973965649005888,0.1928603023782333,0.2019357611082944,0.13557875373711187,0.1335888179019093,0.1395267667248845,0.08362823445349926,0.0819302396848797,0.0849266471341252,0.0653959310924013,0.062870611436665,0.0667591216042637,0.1480024953683217,0.1460125595331192,0.1519505083560943,0.0960519760847091,0.0943539813160896,0.097350388765335,0.07781967272361116,0.0752943530678749,0.0791828632354736,0.7218715245448979,0.72055647510252,0.7238808380195763,0.7761030768915388,0.7748409154755411,0.7769943481434983,0.8134075195459965,0.8115103812986183,0.8143880946358022,,,,-0.00012306869029996662,-0.0017429739236831,0.0023864358663558,0.005523096730308867,0.0027089163321301,0.0070677640864449
residual_future_max_delta_rows_4_10,continuous,short_temporal_conv_residual,shuffled_pca_residual,3,204024,,,,,,,,,,,,,,,,,,,,,,,,,0.0317164068018588,0.0265726486690487,0.0404692619167208,0.16335671178550817,0.1539098468342212,0.177474295186926,0.11215919970224297,0.106163022108376,0.121840757317841,0.0727175197874506,0.0663121314719319,0.0791477458551526,0.05183081173648434,0.0469804154708981,0.0586689906194806,0.12458294133345282,0.1185867637395858,0.1342644989490509,0.08514126141866045,0.0787358731031417,0.0915714874863624,0.06425455336769416,0.059404157102108,0.0710927322506904,0.7073481657123554,0.7040410911291087,0.7123345279938716,0.7678050771891276,0.7634899206437122,0.7721388013746839,0.8031010435237621,0.7994764824825542,0.8080864752831344,,,,-0.011033783356348635,-0.017361082136631,-0.005892738699913,-0.0270321017687625,-0.0304476722753913,-0.022270109810281
residual_future_max_delta_rows_4_10,continuous,short_temporal_conv_residual,train_only_video_mean_residual,3,204024,,,,,,,,,,,,,,,,,,,,,,,,,0.0584588655386753,0.0540822427938259,0.0627393717270018,0.1957766506002332,0.1931504687998098,0.1980032009842895,0.1287362795944015,0.1238383473828435,0.1313092680647969,0.08364395021150506,0.0822181524708867,0.0850404845550656,0.06573196966201063,0.0641541304066777,0.0669015245512127,0.14116002122561133,0.1362620890140533,0.1437330096960067,0.09606769184271491,0.0946418941020965,0.0974642261862754,0.07815571129322046,0.0765778720378875,0.0793252661824226,0.7160937196318556,0.7138853349983992,0.7172298130446016,0.7754549805723557,0.7744936000430026,0.7763530894285714,0.8133273746256883,0.8122039322595827,0.8141502570574081,,,,-0.00010735293229420001,-0.0003220587968826,0.0,-0.00028964303194603335,-0.0008689290958381,0.0
