stage,split_digest,fold,lane,row_type,seed_or_group,cold_start_policy,prediction_sha256,score_mask_digest,compatibility_mask_digest,teacher_forcing_ratio,cross_video_state_carry,rollout_all_finite,pooled_continuous_spearman,top_1pct_true_future_movement_lift,top_5pct_true_future_movement_lift,top_10pct_true_future_movement_lift,training_q90_future_event_pr_auc,event_threshold,event_prevalence,first30_pooled_continuous_spearman,first30_top_5pct_true_future_movement_lift,first30_training_q90_future_event_pr_auc,prediction_rows,prediction_finite_fraction,prediction_digest,compat_pooled_continuous_spearman,compat_top_1pct_true_future_movement_lift,compat_top_5pct_true_future_movement_lift,compat_top_10pct_true_future_movement_lift,compat_training_q90_future_event_pr_auc,compat_event_threshold,compat_event_prevalence,compat_first30_pooled_continuous_spearman,compat_first30_top_5pct_true_future_movement_lift,compat_first30_training_q90_future_event_pr_auc,compat_prediction_rows,compat_prediction_finite_fraction,compat_prediction_digest
stage_a,5f17eef6b600bbb33527efaa690cd715,1,video_distilled_temporal,member,20260718,row0_zero_history_no_label_burnin,00085c18318f0c0abbbf11d643b5598d04ed6474c618664b750068543d62621b,ede328bbc8715fbba0b39ff270d86928,017ee38966c3bc1ff2f2a874f4867094,,,True,0.08303462098295834,0.03292522782061117,0.017540449538198784,0.011964603986822482,0.0967104188799758,0.222222222,0.09090238051300978,0.022917754273028227,0.020922913920325234,0.09937235120733466,54190,1.0,6f330e64e6e04d3311f4eec2108fce54,0.08354150888857109,0.033653818125169745,0.018153391002966084,0.012911126383082276,0.09622619754239062,0.222222222,0.09011682506292025,0.03482513719088149,0.02440687966148905,0.09928717711956264,53242,1.0,6e7e05d8b5249da91e1f0dd5404623df
stage_a,5f17eef6b600bbb33527efaa690cd715,1,video_distilled_temporal,member,20260719,row0_zero_history_no_label_burnin,595e2c47f465b69ee66de232af5c6ea12aaf33dd511473286598ff18213149ce,ede328bbc8715fbba0b39ff270d86928,017ee38966c3bc1ff2f2a874f4867094,,,True,0.10198351197724692,0.033376535554641894,0.026099577488435284,0.018912168517384316,0.09700324449004784,0.222222222,0.09090238051300978,0.040034855928980075,0.021085021576736904,0.0991088212604355,54190,1.0,a0d932afba242b6619f6712bc03781e2,0.09581151077631062,0.031704353522773,0.022155557884959466,0.01442189946758269,0.09489865509507558,0.222222222,0.09011682506292025,0.024617272319671413,0.019645088515714643,0.09340730179580717,53242,1.0,9627adb5e559a4814845cf7579f15c2d
stage_a,5f17eef6b600bbb33527efaa690cd715,1,video_distilled_temporal,member,20260720,row0_zero_history_no_label_burnin,371fa49241aed2b83142c66132ee953e66c688c89dc6ae7a3790cf4d15e61e4b,ede328bbc8715fbba0b39ff270d86928,017ee38966c3bc1ff2f2a874f4867094,,,True,0.10452815181227543,0.03268468628980135,0.028907726365219856,0.022730530016774962,0.0962051297300078,0.222222222,0.09090238051300978,0.05841119618518989,0.02376353074648893,0.10121383740035828,54190,1.0,cabae26a40a9a8b3f051d96287573048,0.09842197536955806,0.039236467765724044,0.023938994668811643,0.019348909833980334,0.09408485121126356,0.222222222,0.09011682506292025,0.04601729322001919,0.026569023126613966,0.09614612905790706,53242,1.0,54e2e86dbdccb0f24fa3e36cccc7e5ca
stage_a,5f17eef6b600bbb33527efaa690cd715,1,video_distilled_temporal,ensemble,20260718_20260719_20260720,row0_zero_history_no_label_burnin,404b67117733de1030f6fd0e795a196f2b241b8b85b9e9b3e36af13e8fc31d31,ede328bbc8715fbba0b39ff270d86928,017ee38966c3bc1ff2f2a874f4867094,,,True,0.10202914880283008,0.03895531620662849,0.02675492034967108,0.020959326374643213,0.09664588395005054,0.222222222,0.09090238051300978,0.04922433879805548,0.02698514223053619,0.10092680850819424,54190,1.0,5b81b9c22bc5d8e6acd2040122472bef,0.09645570441012942,0.04046474011936093,0.023666361568815568,0.018088420691456476,0.09517612177592853,0.222222222,0.09011682506292025,0.03878666110935082,0.02778489384690655,0.09794486171816744,53242,1.0,956b3c3746044c5243e15e0ce872c0c0
stage_a,5f17eef6b600bbb33527efaa690cd715,1,video_closed_loop_rollout,member,20260718,row0_zero_history_no_label_burnin,c7765b51aff47b9d1134b1b24f4128038f5d378836cf637185ac243ecd194665,ede328bbc8715fbba0b39ff270d86928,017ee38966c3bc1ff2f2a874f4867094,0.0,0.0,True,0.06281292324602815,0.05530849201330513,0.023937652930847618,0.013703650903618282,0.09809859799127388,0.222222222,0.09090238051300978,0.06643758308785122,0.03953788782621523,0.10947717344858615,54190,1.0,ee56f9ed0102b479c595bbdd58e0c00c,0.05437904859523773,0.022826076484506068,0.014965059169041374,0.008622974319491182,0.09450429749204653,0.222222222,0.09011682506292025,0.045851489934891285,0.017331844020532353,0.10014754050535186,53242,1.0,88824712ebbd74584c42373ba431c2eb
stage_a,5f17eef6b600bbb33527efaa690cd715,1,video_closed_loop_rollout,member,20260719,row0_zero_history_no_label_burnin,de5beb9aabb8a70798229af7d2eab25e04e9d960f455873cae3b7177a3fc0ff3,ede328bbc8715fbba0b39ff270d86928,017ee38966c3bc1ff2f2a874f4867094,0.0,0.0,True,0.05839767857234919,0.044225403667203504,0.02035289662422369,0.012265559701054883,0.09927362709090402,0.222222222,0.09090238051300978,0.053688800966791586,0.03270949338428397,0.10875767765176161,54190,1.0,83c50e345aaecfa5f4070886ac9febd9,0.049823026774210986,0.012798578814101437,0.011612986910508057,0.006814541792949928,0.09617757730212786,0.222222222,0.09011682506292025,0.03301573081764695,0.006541733207749242,0.10049728702574366,53242,1.0,327755b1c1e809567e41c0564c4d0e28
stage_a,5f17eef6b600bbb33527efaa690cd715,1,video_closed_loop_rollout,member,20260720,row0_zero_history_no_label_burnin,bdd19a4dfe96eb8486e73f71270360b818e750f3db064d9ee906c2f2eba284f9,ede328bbc8715fbba0b39ff270d86928,017ee38966c3bc1ff2f2a874f4867094,0.0,0.0,True,0.06508030311457495,0.05293524774926985,0.026005161761697863,0.016162254839388927,0.10039672886072123,0.222222222,0.09090238051300978,0.06479219103878922,0.039554249368773844,0.11039925091923669,54190,1.0,d0a6fd1f28f963430f3b6e20723f89c4,0.05659865868180933,0.043017327955253225,0.015918194615815666,0.009731427277852873,0.09808776794993286,0.222222222,0.09011682506292025,0.044067347733715755,0.02427587022307423,0.10236962029042936,53242,1.0,f91c692d72e23f0ca4216bb70e7f522e
stage_a,5f17eef6b600bbb33527efaa690cd715,1,video_closed_loop_rollout,ensemble,20260718_20260719_20260720,row0_zero_history_no_label_burnin,34b72498c9cc7f8e4dacd7905374812bd1b9ca77559a5780c74f598010b96a5e,ede328bbc8715fbba0b39ff270d86928,017ee38966c3bc1ff2f2a874f4867094,0.0,0.0,True,0.07873115967952576,0.05549809137290974,0.02619875144921236,0.0188973601921893,0.10057354268045238,0.222222222,0.09090238051300978,0.08106265731314068,0.039459579637263015,0.11307524778113098,54190,1.0,b542bd3354788e95940928d9b6b10cc3,0.07090809837383992,0.03239913078178475,0.01774274333861859,0.01547539243141214,0.098195187638277,0.222222222,0.09011682506292025,0.0639978852765091,0.023688302466319824,0.10841109220781295,53242,1.0,35a9dd042f6c49a6d442574db6d75878
stage_a,5f17eef6b600bbb33527efaa690cd715,1,video_supervised_temporal,member,20260718,row0_zero_history_no_label_burnin,eb7fc2a735475cd5b79478905e3220bc226fb2e434dbb65c67a7ec461f095121,ede328bbc8715fbba0b39ff270d86928,017ee38966c3bc1ff2f2a874f4867094,,,True,0.1399426841118064,0.03263645980989222,0.03821914453000954,0.0362661335785413,0.12042136613732549,0.222222222,0.09090238051300978,0.14439341246786305,0.038235393991322295,0.11677148235507748,54190,1.0,632c4db841e244aef62100f6a80e2885,0.13648268185226672,0.03127715894527635,0.03827039552508028,0.036117061972934565,0.11960736191190344,0.222222222,0.09011682506292025,0.1384126544206113,0.035708631697849394,0.11366148698846268,53242,1.0,f9de377fe0acf10634bd07d8c9a5d2fe
stage_a,5f17eef6b600bbb33527efaa690cd715,1,video_supervised_temporal,member,20260719,row0_zero_history_no_label_burnin,b1b4b6ab8b9ab1da53af2735cca4cb0f0bc7bbcead5c5aa65d1cf468cc50837f,ede328bbc8715fbba0b39ff270d86928,017ee38966c3bc1ff2f2a874f4867094,,,True,0.11370412689816162,0.05154216198990525,0.045729016071197025,0.036929570202821775,0.12309741894802809,0.222222222,0.09090238051300978,0.14725407808817279,0.04143543288487754,0.12394010004617373,54190,1.0,bcdb6db75ebaed6229ef0f195b0915b3,0.10856873584915834,0.05952488297117512,0.04357157662307878,0.036741165243114556,0.12317583612236649,0.222222222,0.09011682506292025,0.14033763424586454,0.04414377260962593,0.12223796688913378,53242,1.0,d6663cf8ddd5a1fb25b3dd4ea98273eb
stage_a,5f17eef6b600bbb33527efaa690cd715,1,video_supervised_temporal,member,20260720,row0_zero_history_no_label_burnin,9d0955ce76797a1c67548b30699427622e023d23cd66188a00f8176aaf9c954f,ede328bbc8715fbba0b39ff270d86928,017ee38966c3bc1ff2f2a874f4867094,,,True,0.13022992731126218,0.04366730070961374,0.04972125550908268,0.04033454831254569,0.12540329718586937,0.222222222,0.09090238051300978,0.15593776411772733,0.05110426658130217,0.1302887498697391,54190,1.0,e50f651ea6e477c48111e04bea2a3e5b,0.12775054633357533,0.0445002939169799,0.049042096177645246,0.03970049746155475,0.12542398685807762,0.222222222,0.09011682506292025,0.15361613721610015,0.06277508695188122,0.130868142967344,53242,1.0,e95a2ccd53c9873662f88bc26184c21a
stage_a,5f17eef6b600bbb33527efaa690cd715,1,video_supervised_temporal,ensemble,20260718_20260719_20260720,row0_zero_history_no_label_burnin,875574863616c00d18137e87b76ba23cd0afd337dfbf09ac16c9a266e67bcb88,ede328bbc8715fbba0b39ff270d86928,017ee38966c3bc1ff2f2a874f4867094,,,True,0.1446983877232844,0.059066807524024094,0.05305823364630106,0.04724831078043464,0.12948138427831907,0.222222222,0.09090238051300978,0.1732488036140712,0.051884598556383874,0.12775358811899779,54190,1.0,a4a066a843bc518ae3a499478376b775,0.14035487945488015,0.057817283163955076,0.053702274096506526,0.04679075643529939,0.12985102549488892,0.222222222,0.09011682506292025,0.1668662509147744,0.05125251825265027,0.12743504292799693,53242,1.0,5b0e0f259fe274ddd8e989807b743a18
stage_a,5f17eef6b600bbb33527efaa690cd715,1,video_supervised_current_row,member,20260718,row0_zero_history_no_label_burnin,9cdfc9a4df364e2581357c0a9cab9148973edce03d1fd4043191c3ade2e12486,ede328bbc8715fbba0b39ff270d86928,017ee38966c3bc1ff2f2a874f4867094,,,True,0.1281546685421932,0.03524951660848682,0.043943387568006205,0.03628822793234444,0.11915944411121458,0.222222222,0.09090238051300978,0.1400347434080036,0.058992665387026605,0.12769585085267232,54190,1.0,ed7ac4363936452ba827bf0415c03b13,0.12475196558303911,0.03492780456159205,0.041681557559974027,0.035279985570728915,0.11757711199207527,0.222222222,0.09011682506292025,0.13177656802124801,0.05604013545542047,0.12252808596046873,53242,1.0,8e51b8adcd87ab035e64b04a0e885dcb
stage_a,5f17eef6b600bbb33527efaa690cd715,1,video_supervised_current_row,member,20260719,row0_zero_history_no_label_burnin,bf6730f97bfcd001953eebb32a03fce1390693aca97fbeb42a8c603e73abb965,ede328bbc8715fbba0b39ff270d86928,017ee38966c3bc1ff2f2a874f4867094,,,True,0.13667310248249356,0.06504185818134234,0.04831535132717401,0.0389536368446757,0.1250447204831238,0.222222222,0.09090238051300978,0.16087889144021797,0.041532052640722086,0.12686415895255593,54190,1.0,768da6ee2c1300562e8f208ffd540abd,0.13246993496955886,0.06694539355768092,0.0484448987409055,0.0378710070208873,0.12456013598709656,0.222222222,0.09011682506292025,0.15465150049558993,0.046794866353391765,0.1251504866038526,53242,1.0,5edd3c0b613128961e8efb1e2099d79c
stage_a,5f17eef6b600bbb33527efaa690cd715,1,video_supervised_current_row,member,20260720,row0_zero_history_no_label_burnin,429603302b07252e77336004e134f7f1f41291d7ac5d25893e12a7652f805848,ede328bbc8715fbba0b39ff270d86928,017ee38966c3bc1ff2f2a874f4867094,,,True,0.13652523310363812,0.0697956264038907,0.04901121079615627,0.0404410438182345,0.12131741618063718,0.222222222,0.09090238051300978,0.1501905593519988,0.051425783513478804,0.12270370429827462,54190,1.0,bf79b5ecef3eca73d57121c0a9113b01,0.13173691105965454,0.0638123796444692,0.045849366917311264,0.03848877751139931,0.11944639607469618,0.222222222,0.09011682506292025,0.13962587586027,0.047451791740698065,0.11641116320867846,53242,1.0,46e8a10431706fb4b710cd622a8feb03
stage_a,5f17eef6b600bbb33527efaa690cd715,1,video_supervised_current_row,ensemble,20260718_20260719_20260720,row0_zero_history_no_label_burnin,fa384a530b69194716158a49908df6881fd826aa590c3bfa2ff6f99ec05750f1,ede328bbc8715fbba0b39ff270d86928,017ee38966c3bc1ff2f2a874f4867094,,,True,0.14261906819745057,0.07609021210363162,0.053066452974283675,0.040587195124215554,0.1262007680844383,0.222222222,0.09090238051300978,0.16206737077088337,0.0577785773063382,0.13015879752680723,54190,1.0,967948703abfe5805710ca0e215e7e48,0.13817199362619498,0.077436314985499,0.04985846975964487,0.04106408172493465,0.12481918910119726,0.222222222,0.09011682506292025,0.152957672306113,0.05080390404735971,0.1258822418474314,53242,1.0,d864050c74411309cd64379cf4313473
stage_a,5f17eef6b600bbb33527efaa690cd715,1,no_video_closed_loop_persistence,member,20260718,row0_zero_history_no_label_burnin,f47fb72ce1d5b663d301767ae985e234a9c09eaf3c713661b67d311743b6ff11,ede328bbc8715fbba0b39ff270d86928,017ee38966c3bc1ff2f2a874f4867094,0.0,0.0,True,0.08819984092578351,0.040201375111444886,0.03945684014987392,0.028125891642961733,0.09552141917016364,0.222222222,0.09090238051300978,0.13830302275681153,0.024824896490798665,0.11626558573199,54190,1.0,40599c5c86e6eb4d9e8e6fe218230359,0.08070292856598572,0.05587629618489106,0.03546323575386636,0.024125151963311768,0.09377262851923118,0.222222222,0.09011682506292025,0.13105862071016594,0.03790222128148296,0.11616170803654438,53242,1.0,43f1b74a9a39c97904631b0c9d2221c5
stage_a,5f17eef6b600bbb33527efaa690cd715,1,no_video_closed_loop_persistence,member,20260719,row0_zero_history_no_label_burnin,8ff5a672541e79d73657bb5977816bec1eb5ed25fb29f9cf0ba4becd4dcc174f,ede328bbc8715fbba0b39ff270d86928,017ee38966c3bc1ff2f2a874f4867094,0.0,0.0,True,0.08448926526686798,0.0369155548360968,0.04179986739797494,0.029953673073823094,0.09707654578615543,0.222222222,0.09090238051300978,0.13915384985683077,0.024577309610296957,0.11663742541695565,54190,1.0,e4d2de74edf7e033210f8c077f81a3cb,0.07675451024528099,0.05469437295057885,0.03704987384507883,0.02638432654227201,0.0958248594148295,0.222222222,0.09011682506292025,0.13192307526941477,0.04048998727776108,0.11837282152274875,53242,1.0,acc095bec013d1a95852a8f94be386dc
stage_a,5f17eef6b600bbb33527efaa690cd715,1,no_video_closed_loop_persistence,member,20260720,row0_zero_history_no_label_burnin,14adef9510fd4024125896594d5a7135e1aeb72c4af18a1ea3e4f2f7432a91c4,ede328bbc8715fbba0b39ff270d86928,017ee38966c3bc1ff2f2a874f4867094,0.0,0.0,True,0.08409779872351542,0.045257368544878905,0.04235217345873594,0.03089392068197206,0.09755688147435532,0.222222222,0.09090238051300978,0.14133363739510327,0.031114063221209853,0.11934230480190657,54190,1.0,12d42babd39404ba208b4b03cbd3576b,0.0763705461710565,0.05010528774888704,0.04041394658951843,0.02803532299184012,0.09539262905607343,0.222222222,0.09011682506292025,0.13364273133618843,0.04043829620648906,0.11752518229148631,53242,1.0,97938ab16687d225d1461cd3116f2699
stage_a,5f17eef6b600bbb33527efaa690cd715,1,no_video_closed_loop_persistence,ensemble,20260718_20260719_20260720,row0_zero_history_no_label_burnin,e5afd94a26a8fccd793bb5c9991aa7eb6be2e04f7f086f58dfeed4afa14e78ad,ede328bbc8715fbba0b39ff270d86928,017ee38966c3bc1ff2f2a874f4867094,0.0,0.0,True,0.08703306541154518,0.03869261425153311,0.04142392362083407,0.030721989641644194,0.09715414928681554,0.222222222,0.09090238051300978,0.1470119892185496,0.024920785485897892,0.1187206676399692,54190,1.0,8c166e1b5db85561f2e975a4b566fe95,0.07944624255764683,0.05583025727102269,0.03964825827562534,0.027878091614223978,0.09557919558902334,0.222222222,0.09011682506292025,0.1405766352026799,0.04021797422896389,0.1193684479415976,53242,1.0,90ca50fe42a22bbdeb967321a93d6b64
stage_a,5f17eef6b600bbb33527efaa690cd715,1,sequence_shuffled_video,member,20260718,row0_zero_history_no_label_burnin,80d4329db565f05eaf68d4121b239f99022fbe7ade4429e4127804de926a8290,ede328bbc8715fbba0b39ff270d86928,017ee38966c3bc1ff2f2a874f4867094,,,True,0.05593143711544439,0.03766134991230024,0.023238280041764238,0.015009356741098191,0.08759803204041436,0.222222222,0.09090238051300978,0.04504232483244187,0.02419053794152505,0.09751546852675545,54190,1.0,3f6e7076fd8f2a0c8f2d96ffcd7d349f,0.05680135736563487,0.03918972466983619,0.02342983243490205,0.015088189712453744,0.08672713899502828,0.222222222,0.09011682506292025,0.06504711004344084,0.026473837141567563,0.09723916865533794,53242,1.0,b899cf67b6807230a77192b23b06e3fe
stage_a,5f17eef6b600bbb33527efaa690cd715,1,sequence_shuffled_video,member,20260719,row0_zero_history_no_label_burnin,7cb373cabda6398f4ccea81f8978418bc00f9fe48f8f6208766dc4dd8ba87c82,ede328bbc8715fbba0b39ff270d86928,017ee38966c3bc1ff2f2a874f4867094,,,True,0.05733888566401692,0.035421095228031683,0.01789539771207229,0.016444268436795896,0.0915854999076521,0.222222222,0.09090238051300978,0.03746245756443966,0.018252693743476697,0.10146014852637501,54190,1.0,408ea3dfa1989df4e3e039089d683d2d,0.04901953094241857,0.01735719459214676,0.011951881332434862,0.011654065069586834,0.08773013890933488,0.222222222,0.09011682506292025,0.020367519955943374,0.005034349171039301,0.09109850616787953,53242,1.0,7ef79c02b0fc9d46128d099f9a7c9bfa
stage_a,5f17eef6b600bbb33527efaa690cd715,1,sequence_shuffled_video,member,20260720,row0_zero_history_no_label_burnin,8e64a98f973de515a7f1d2938c160e80055f23b2fdefd72223accc2fe03dd86d,ede328bbc8715fbba0b39ff270d86928,017ee38966c3bc1ff2f2a874f4867094,,,True,0.05667063117921722,0.03947338924088251,0.026059621397467515,0.015652276892581245,0.09026312612728195,0.222222222,0.09090238051300978,0.04613592178132298,0.026740487771738444,0.1025219526507366,54190,1.0,33e5446230dc838e38462d5dec252846,0.04863113266745641,0.04561139819435218,0.017908221523396474,0.011759681371124577,0.08798013223664816,0.222222222,0.09011682506292025,0.031915683165578475,0.03035948340541622,0.09909098897115176,53242,1.0,ab42ed8d4364d8505891b4bf9ce5d32c
stage_a,5f17eef6b600bbb33527efaa690cd715,1,sequence_shuffled_video,ensemble,20260718_20260719_20260720,row0_zero_history_no_label_burnin,361a84d25427a03f8b36ec80ca2aece395f9eaefed01af211e4bd9e600540a6c,ede328bbc8715fbba0b39ff270d86928,017ee38966c3bc1ff2f2a874f4867094,,,True,0.06202432762936337,0.038865722732178164,0.02786202343032753,0.01728792712506306,0.09062669972701153,0.222222222,0.09090238051300978,0.05447895706811466,0.02574566637099493,0.10322185734397124,54190,1.0,be50bd37ae06cbc43adcb3be971ad3fb,0.05435291974201722,0.04213581706600652,0.023090589068017482,0.013532851447892465,0.08848404843046534,0.222222222,0.09011682506292025,0.04388910187676522,0.030578722363012373,0.10031938770010759,53242,1.0,549ccd2bfabd85447267b3190ae50121
stage_a,5f17eef6b600bbb33527efaa690cd715,1,video_label_permutation,member,20260718,row0_zero_history_no_label_burnin,31d8eb38deb886bae841af0d1abad4076523ad01b433e0f42c295ae8bea9442c,ede328bbc8715fbba0b39ff270d86928,017ee38966c3bc1ff2f2a874f4867094,,,True,0.08870802499361498,0.06440636372923023,0.03347687253760936,0.022900753313394577,0.0969320490880081,0.222222222,0.09090238051300978,0.09424621157430524,0.0484036827204104,0.11325172457176957,54190,1.0,f9bd4b97229549e9f60f43ba465a4e58,0.08552152078227701,0.06542850226967167,0.031839735395046344,0.021983282858708854,0.0948781057323414,0.222222222,0.09011682506292025,0.09754440560434326,0.04952123094237727,0.11016345409913293,53242,1.0,0b6f240241465d344d267c6b14b9f73b
stage_a,5f17eef6b600bbb33527efaa690cd715,1,video_label_permutation,member,20260719,row0_zero_history_no_label_burnin,fac7108eaf987df6c53fa92f5131367e81e561fc25efd5018068ea778aa871ff,ede328bbc8715fbba0b39ff270d86928,017ee38966c3bc1ff2f2a874f4867094,,,True,0.0899745781246869,0.05676003288463385,0.029988604334533576,0.02736877763919133,0.09662652282072473,0.222222222,0.09090238051300978,0.11897151989594223,0.043760934220688635,0.11360493642970171,54190,1.0,555bb0c20904a424359edeb7989c0335,0.08249667944728237,0.04739547076039657,0.028807055161417246,0.02441110322241611,0.09333177998510825,0.222222222,0.09011682506292025,0.10781432334517609,0.037199454459638084,0.10628625000241104,53242,1.0,66513dfce2481ce9a566afbf14ea8fb6
stage_a,5f17eef6b600bbb33527efaa690cd715,1,video_label_permutation,member,20260720,row0_zero_history_no_label_burnin,c5bde941b5ba8f12e285905717c6929d665f7cc22d1a4f91d545ee8a925df339,ede328bbc8715fbba0b39ff270d86928,017ee38966c3bc1ff2f2a874f4867094,,,True,0.08535272220838995,0.04392158660182769,0.03259592332249279,0.02417023539486212,0.09523641693493082,0.222222222,0.09090238051300978,0.11977549588568968,0.036145391270983734,0.11451974976966381,54190,1.0,9a6bcddf8f44351c61861166b6deb169,0.07763080452811814,0.04367381214663906,0.028876051433512774,0.019449979744028033,0.09187278725335518,0.222222222,0.09011682506292025,0.10626657093154893,0.039540760653574536,0.10758752188243897,53242,1.0,e3230b032beeb3a12dd22861a3b006d7
stage_a,5f17eef6b600bbb33527efaa690cd715,1,video_label_permutation,ensemble,20260718_20260719_20260720,row0_zero_history_no_label_burnin,948f24f86cac26adfd6a2393e99ea7e163d1e234ae22381e92db64bb91f45cfe,ede328bbc8715fbba0b39ff270d86928,017ee38966c3bc1ff2f2a874f4867094,,,True,0.09469558941482699,0.06626008768993552,0.0356123809426677,0.028373269030685773,0.09748303962248406,0.222222222,0.09090238051300978,0.12353093305131894,0.048629163126637454,0.11888697626090386,54190,1.0,0f045261f48b96a1e4506fa85cd87ebe,0.08714853413113456,0.05216298863456272,0.03453447123017673,0.023889967114198975,0.0938025640520921,0.222222222,0.09011682506292025,0.1091339064974918,0.04343684051921823,0.1098272016356154,53242,1.0,dee1f50e62737556dc69dceca998edc2
stage_a,5f17eef6b600bbb33527efaa690cd715,1,phase7_ar_assisted_teacher_ceiling,member,20260718,row0_zero_history_no_label_burnin,6944c3a422ae6e39838f507256c377889c8c85ef72408f53069cdf5ff45cda7c,ede328bbc8715fbba0b39ff270d86928,017ee38966c3bc1ff2f2a874f4867094,,,True,0.2591808675887755,0.12891513488178385,0.07996143534261765,0.0603735428326898,0.17714185600536733,0.222222222,0.09090238051300978,0.18258694935858397,0.05783442015861079,0.15535033642154186,54190,1.0,99576e8897a37c60239e9363fd54d754,0.2569275322315698,0.133522422755637,0.08312567108141716,0.06173749670728928,0.17750008360672417,0.222222222,0.09011682506292025,0.17763724523613605,0.06488094881909212,0.15369662130889988,53242,1.0,0c4771e8fa38dc4eddecac07e757875b
stage_a,5f17eef6b600bbb33527efaa690cd715,1,phase7_ar_assisted_teacher_ceiling,member,20260719,row0_zero_history_no_label_burnin,d661f39f24ab6987d44e90968949f36c17420fe240205db330f971a4e58ebbbd,ede328bbc8715fbba0b39ff270d86928,017ee38966c3bc1ff2f2a874f4867094,,,True,0.2560966385434365,0.1446195410745521,0.08004229483403796,0.05919843247102465,0.18026621921343197,0.222222222,0.09090238051300978,0.19194635893610817,0.05796699527409174,0.15931183723962156,54190,1.0,e653f4a0e3ba888f58e978ae87107029,0.25413755904318514,0.1462208574113371,0.08148344318060657,0.060515579201222545,0.18047435190290279,0.222222222,0.09011682506292025,0.18921586561513454,0.061839654267398125,0.15876768154159546,53242,1.0,2f2f857b929d2da326fb0b74f85094ac
stage_a,5f17eef6b600bbb33527efaa690cd715,1,phase7_ar_assisted_teacher_ceiling,member,20260720,row0_zero_history_no_label_burnin,1029de3aaabb6aa5870c76fb242a732be9a9d4421e82227127d5bcd9214acc4a,ede328bbc8715fbba0b39ff270d86928,017ee38966c3bc1ff2f2a874f4867094,,,True,0.2561096239210134,0.13316187390864287,0.08023993185081871,0.060500559011864276,0.1783853306654121,0.222222222,0.09090238051300978,0.1923056484039449,0.060576863814663734,0.1546456263867388,54190,1.0,ee74676bedd2cb8cd0f5e75a090e53bc,0.25366889812853377,0.13465079038052513,0.08149397231713762,0.061234299993007106,0.17833270650073418,0.222222222,0.09011682506292025,0.18487297871740374,0.06254259912114266,0.1533357040062295,53242,1.0,6529eb4883cef077afc4ea2b4ec21818
stage_a,5f17eef6b600bbb33527efaa690cd715,1,phase7_ar_assisted_teacher_ceiling,ensemble,20260718_20260719_20260720,row0_zero_history_no_label_burnin,17a829bdd3131986f91ada41d5b20193272dab5eb980551f113289744c1c175c,ede328bbc8715fbba0b39ff270d86928,017ee38966c3bc1ff2f2a874f4867094,,,True,0.25864630172673914,0.14085974859176434,0.08103591224206722,0.06106642775299081,0.17927059868765172,0.222222222,0.09090238051300978,0.19062849266689794,0.059964018482853376,0.15692080900904315,54190,1.0,8e1b1ca88b6478537b76dcc0f9540f69,0.256169077067436,0.1423557791067812,0.08235310604952287,0.06159869208184795,0.17927383284890291,0.222222222,0.09011682506292025,0.18513663945142161,0.06283267692885258,0.1558644520822997,53242,1.0,6f2744ee1d6c99fa8ac9b16a2e499e6a
stage_a,636d420321babfb681dfe3b1501c91a6,2,video_distilled_temporal,member,20260718,row0_zero_history_no_label_burnin,382b211f45786861a9d77f9a8241c71d6335e6f3e43734dac216f19e41923f95,b518445132a49b58a7745780b7ef70f3,fc894696b7795a7f629fd61bde8a5cb4,,,True,0.08935604047147507,0.04641064652431155,0.026840457453511615,0.020419473272571126,0.11417617608803568,0.21568627448235259,0.10216246950716237,0.09397339888983515,0.03221884230178465,0.12589024319395464,54521,1.0,c46b9d12c604394ddb375d3e79fcd81d,0.08855819128138234,0.04755731396843353,0.026935817131356884,0.020500860687247574,0.11363872094577994,0.21568627448235259,0.10155695777172087,0.10605206579782384,0.03322338153868712,0.1262984396094446,53566,1.0,90759b9ac6bd50684248214bdc743b15
stage_a,636d420321babfb681dfe3b1501c91a6,2,video_distilled_temporal,member,20260719,row0_zero_history_no_label_burnin,a3b4bc6ecd83e4b472cc7a053fba8860e5bd2d4c42c030eb6591725ab5d229e5,b518445132a49b58a7745780b7ef70f3,fc894696b7795a7f629fd61bde8a5cb4,,,True,0.09256276800125736,0.03428462468002513,0.02401930474485041,0.018429083645359556,0.11079717570742675,0.21568627448235259,0.10216246950716237,0.09303853455922349,0.022022538215680343,0.11939601760526787,54521,1.0,11a22394161ce43ad0c3a8dd2cdb00dd,0.08774856245866862,0.02466585688828693,0.018448625136249897,0.017278400342634004,0.10983571241468112,0.21568627448235259,0.10155695777172087,0.08633332297388022,0.01585872875797957,0.1184294017455738,53566,1.0,d1273d2aa7f5a08906ca2ba9657558c6
stage_a,636d420321babfb681dfe3b1501c91a6,2,video_distilled_temporal,member,20260720,row0_zero_history_no_label_burnin,95f14d22f41937827aa2e5bdf73d69e6bd447ad80c08e0c92b8ccb839d295a19,b518445132a49b58a7745780b7ef70f3,fc894696b7795a7f629fd61bde8a5cb4,,,True,0.08662604469871116,0.028589673419543535,0.022952113574500693,0.020818200708322007,0.10987329477688976,0.21568627448235259,0.10216246950716237,0.07142619424316272,0.021827964259852534,0.11701688969312263,54521,1.0,a399dd539a78ad863b8d1e251702e8e5,0.0819065864025365,0.023683122061535986,0.019143981859730846,0.01742412732488076,0.10982088399953048,0.21568627448235259,0.10155695777172087,0.06531028174587696,0.012912343071159335,0.11951725884029633,53566,1.0,1a8171d67f7898fac6bc62e20da02316
stage_a,636d420321babfb681dfe3b1501c91a6,2,video_distilled_temporal,ensemble,20260718_20260719_20260720,row0_zero_history_no_label_burnin,b3b5bda7a7931408de94b1ed273cac429db46a758626547f3a39fb7d528df668,b518445132a49b58a7745780b7ef70f3,fc894696b7795a7f629fd61bde8a5cb4,,,True,0.09519490232038975,0.03504179366966195,0.025867880780291813,0.020407908313770137,0.11202657942236317,0.21568627448235259,0.10216246950716237,0.09919101169197042,0.03173502439833209,0.12132360292939699,54521,1.0,ce4197d508b0ca6d8a1f899f96ba6363,0.0906041807372238,0.03968647233232629,0.02200854207095511,0.01834857844303965,0.11187298350407417,0.21568627448235259,0.10155695777172087,0.09489897778847664,0.025507543281216113,0.12332252572039357,53566,1.0,add01329b37a70e78c145cffb100db26
stage_a,636d420321babfb681dfe3b1501c91a6,2,video_closed_loop_rollout,member,20260718,row0_zero_history_no_label_burnin,ce244d2a2dc31d6920dc0d5e4143aa7c50e2ecf148e516af308623626a02ad39,b518445132a49b58a7745780b7ef70f3,fc894696b7795a7f629fd61bde8a5cb4,0.0,0.0,True,0.040102039850055046,0.03001097707330548,0.014412061850385294,0.00931355823013906,0.10544490790173058,0.21568627448235259,0.10216246950716237,0.059041885892584106,0.026161517159154046,0.11385156327244,54521,1.0,d88646e1b46aa358e608fc0798f2a9e0,0.0339036571625361,0.011879648521216424,0.00700147665360959,0.0056362473450429565,0.10235034156916212,0.21568627448235259,0.10155695777172087,0.04957189410176812,0.010005133213216,0.10491804479013324,53566,1.0,2d813a19feb5260e977a1b66192edfc5
stage_a,636d420321babfb681dfe3b1501c91a6,2,video_closed_loop_rollout,member,20260719,row0_zero_history_no_label_burnin,42712e479b7059635b5b7ce25627af575ded46483691db745e0fa88cc87a8755,b518445132a49b58a7745780b7ef70f3,fc894696b7795a7f629fd61bde8a5cb4,0.0,0.0,True,0.03491269236156508,0.0371635249504519,0.01733618681692943,0.011122020997233945,0.10799035335761366,0.21568627448235259,0.10216246950716237,0.061215756730582625,0.027256823405785446,0.1225140088515207,54521,1.0,060b72933d389d6fd199bcde14ee9089,0.027875648625992264,0.022631704845892844,0.008200828262168142,0.006885965928417642,0.10418207791314686,0.21568627448235259,0.10155695777172087,0.04833436740586239,0.015064668270646217,0.11237769200512471,53566,1.0,37dd447937bed9a6b3ce01be7dd5a456
stage_a,636d420321babfb681dfe3b1501c91a6,2,video_closed_loop_rollout,member,20260720,row0_zero_history_no_label_burnin,1ef642c6d043e2ae00dfedbc01404c37a97bc5e25520914f1cdd5309cc223ef9,b518445132a49b58a7745780b7ef70f3,fc894696b7795a7f629fd61bde8a5cb4,0.0,0.0,True,0.0765354737045851,0.0690730177601661,0.05144438988264213,0.0320676739667404,0.1251074471251283,0.21568627448235259,0.10216246950716237,0.10894615090055491,0.05109495545137803,0.13790853552241542,54521,1.0,0c0b32908aac9ffe7e037ca8fad660d9,0.07028186962157558,0.09983647737372545,0.045368133114060155,0.02760529924909977,0.12662047390403383,0.21568627448235259,0.10155695777172087,0.09820409669673424,0.035444953896690015,0.13582832918689303,53566,1.0,0d2135867c30b99a75314da35831307c
stage_a,636d420321babfb681dfe3b1501c91a6,2,video_closed_loop_rollout,ensemble,20260718_20260719_20260720,row0_zero_history_no_label_burnin,985ddb64e9c60c5c00bf8a78f6a39f3ebf03c5d6af8b67b47cb5de4d85a5b026,b518445132a49b58a7745780b7ef70f3,fc894696b7795a7f629fd61bde8a5cb4,0.0,0.0,True,0.07077432761610501,0.04791635913382028,0.033741322008267544,0.025389911007215493,0.11583520900612479,0.21568627448235259,0.10216246950716237,0.10250646245439182,0.03387587215903347,0.127727453076821,54521,1.0,36995aaef1d0013d279694fc514ed396,0.06487064837254654,0.03912655000131761,0.03009770887956477,0.02139697948614655,0.11370370318363385,0.21568627448235259,0.10155695777172087,0.09512091543867869,0.040853091849810064,0.1223739315694771,53566,1.0,7046600e3bfef2464a94a35f39dace4b
stage_a,636d420321babfb681dfe3b1501c91a6,2,video_supervised_temporal,member,20260718,row0_zero_history_no_label_burnin,d03ae650a4ede3ba45aba3d769a4c62b40df76dc36716448f05e2b2c9aab0a43,b518445132a49b58a7745780b7ef70f3,fc894696b7795a7f629fd61bde8a5cb4,,,True,0.14427956197875877,0.0674101320333568,0.05454571436759231,0.04371912552685306,0.14660436976529506,0.21568627448235259,0.10216246950716237,0.1629010551897188,0.05762767915768209,0.15988254536890723,54521,1.0,a380ffc3d2cd07c51911d373c4acd707,0.13954203281947528,0.06999813647080388,0.05229726153092472,0.041572192427166726,0.1456594961028123,0.21568627448235259,0.10155695777172087,0.1516397851132924,0.05771932152532855,0.15775470351311294,53566,1.0,4692e0205d788216bbc61f2730819b39
stage_a,636d420321babfb681dfe3b1501c91a6,2,video_supervised_temporal,member,20260719,row0_zero_history_no_label_burnin,2395fd606c07b0e50046f25927d9dd539419635055ba906eab321336aefde1eb,b518445132a49b58a7745780b7ef70f3,fc894696b7795a7f629fd61bde8a5cb4,,,True,0.15226723198829384,0.08263297975479579,0.05462084580113899,0.047946447038415,0.15468783196394953,0.21568627448235259,0.10216246950716237,0.18453419205803565,0.055733250521776176,0.16822126189226938,54521,1.0,cfbf91140de3492bd3f918a953780f0f,0.14809709169185759,0.08365608803067931,0.05276466424945149,0.04701711292861635,0.15286282099394136,0.21568627448235259,0.10155695777172087,0.17374369377459822,0.053057814859695365,0.16280012236142935,53566,1.0,38966e559122e8c4c8576314ccd6ebf0
stage_a,636d420321babfb681dfe3b1501c91a6,2,video_supervised_temporal,member,20260720,row0_zero_history_no_label_burnin,fda4a4213fb00e87b75a48f0637b2a3fc8fac2d3c52dfde92ddc2e22f0baaf0f,b518445132a49b58a7745780b7ef70f3,fc894696b7795a7f629fd61bde8a5cb4,,,True,0.13764298602062708,0.034490756826792465,0.03426669513086987,0.03225092884608596,0.13131606612044416,0.21568627448235259,0.10216246950716237,0.1656865456513922,0.05145251762874181,0.150894600001129,54521,1.0,aec0591b3168f0577838f9969e6a0127,0.13302642070027476,0.026133920894932175,0.029897775076818775,0.02990457389422957,0.1290280239018665,0.21568627448235259,0.10155695777172087,0.15437497032406075,0.041423953889842116,0.14519685052856574,53566,1.0,df256cccbac5950d04519f3532283dd5
stage_a,636d420321babfb681dfe3b1501c91a6,2,video_supervised_temporal,ensemble,20260718_20260719_20260720,row0_zero_history_no_label_burnin,6ea6d44f9b7fc4bc519ebd2c0aad9891b2ff1fc32035d08600edf848de563ab7,b518445132a49b58a7745780b7ef70f3,fc894696b7795a7f629fd61bde8a5cb4,,,True,0.16404365989940403,0.06466900672318616,0.06118700349561182,0.05005374504892987,0.15322114549583404,0.21568627448235259,0.10216246950716237,0.19816649008046722,0.057682005033664385,0.1701454496598988,54521,1.0,939f6b5dd76dd85917ab4de66e03240c,0.15910699357351132,0.06349021311105534,0.058942220603650314,0.04845353787613968,0.15144093230640104,0.21568627448235259,0.10155695777172087,0.1858936980617902,0.0564963157756785,0.16547346988110556,53566,1.0,6876c966e2d132807531a1bea7b439b4
stage_a,636d420321babfb681dfe3b1501c91a6,2,video_supervised_current_row,member,20260718,row0_zero_history_no_label_burnin,92d4dad5e6e199b6290b358555e71314b9164ff36a0853b15ba71c2857044ffe,b518445132a49b58a7745780b7ef70f3,fc894696b7795a7f629fd61bde8a5cb4,,,True,0.13571089486641438,0.0680960912534811,0.05516545430648141,0.04230683133746177,0.148341309353475,0.21568627448235259,0.10216246950716237,0.1683186507959467,0.05393042738057431,0.16477107558461562,54521,1.0,0d9e41b4e0881252216a70da0360f220,0.13044607192004198,0.06725435683417351,0.05334003526055438,0.04000005163284831,0.14593235809391003,0.21568627448235259,0.10155695777172087,0.1547241323623368,0.05598824147566077,0.15803111285191201,53566,1.0,68a1c710f135741d48e29ab37f5af37a
stage_a,636d420321babfb681dfe3b1501c91a6,2,video_supervised_current_row,member,20260719,row0_zero_history_no_label_burnin,9685a1bcfbfd2a6f761e7348da0460330b0f19f014f38ab7065f0a58d025c9d4,b518445132a49b58a7745780b7ef70f3,fc894696b7795a7f629fd61bde8a5cb4,,,True,0.14312759418134785,0.0558953693185433,0.0496847898409202,0.042807889442706026,0.14403808302796361,0.21568627448235259,0.10216246950716237,0.18992046107744742,0.04573706625279496,0.1558776810568318,54521,1.0,98f34f2189ae7addbc84cf738821f9c8,0.13761354010791413,0.05953713154889585,0.04934080658065962,0.040619470128185564,0.14280848443351032,0.21568627448235259,0.10155695777172087,0.17520349323517803,0.04970720101489458,0.15253908219352935,53566,1.0,c22f68e64dd2f62a8e4e766093cd9c8e
stage_a,636d420321babfb681dfe3b1501c91a6,2,video_supervised_current_row,member,20260720,row0_zero_history_no_label_burnin,69581451dcf7211fc19979fc5eb06b87902ae6cab7912c1760db33d4e0f0d64b,b518445132a49b58a7745780b7ef70f3,fc894696b7795a7f629fd61bde8a5cb4,,,True,0.13407676292923623,0.07252027122687625,0.05448066688253991,0.04290329568012681,0.1455648128204342,0.21568627448235259,0.10216246950716237,0.17849079533221313,0.04953437207975861,0.15592002446396813,54521,1.0,315faaa887f4371c7653108a823131b6,0.12930199285544558,0.07799004140299218,0.053398296148783025,0.04042324541622677,0.1449704786782432,0.21568627448235259,0.10155695777172087,0.16869525479343142,0.059898320764897275,0.15393627637673774,53566,1.0,778d04f99046cf928a0eee25284bafd8
stage_a,636d420321babfb681dfe3b1501c91a6,2,video_supervised_current_row,ensemble,20260718_20260719_20260720,row0_zero_history_no_label_burnin,3553fa66e5aa418036f230cd3c9de510e9d994de7ffaf23d0637dfc249bcfa5b,b518445132a49b58a7745780b7ef70f3,fc894696b7795a7f629fd61bde8a5cb4,,,True,0.14930243072360935,0.07165290505055284,0.06025196817471387,0.046711229515194144,0.15105934732431703,0.21568627448235259,0.10216246950716237,0.19630067336135032,0.0475889698557391,0.1636963075888816,54521,1.0,17282462bc1e3af377485f28d9fd14d0,0.14382974616720778,0.07782278435258178,0.05736366449804921,0.04470477101218885,0.1496576650715018,0.21568627448235259,0.10155695777172087,0.18283307758959652,0.053586452954702685,0.15975135240676303,53566,1.0,451a7312ff77e3b2023d332f1e345599
stage_a,636d420321babfb681dfe3b1501c91a6,2,no_video_closed_loop_persistence,member,20260718,row0_zero_history_no_label_burnin,62c4978db7be7d9ebe57e2e2cc7818defe040890308f3d4e57d2ae90fdff9ae7,b518445132a49b58a7745780b7ef70f3,fc894696b7795a7f629fd61bde8a5cb4,0.0,0.0,True,0.0640135730295168,0.031267677812291145,0.028638696112290654,0.020148098602163683,0.1096594824447159,0.21568627448235259,0.10216246950716237,0.13824384921981445,0.022555469674064355,0.1346996024889558,54521,1.0,3f8e649514ee3708fa1716f50c9d3d0a,0.05792720659710638,0.042216882914464085,0.02268569461784517,0.0198199841697934,0.10812259726782983,0.21568627448235259,0.10155695777172087,0.13807299131508077,0.03563970695358783,0.13605180559012603,53566,1.0,5b441fe0e2b124290283a53a44b2bae4
stage_a,636d420321babfb681dfe3b1501c91a6,2,no_video_closed_loop_persistence,member,20260719,row0_zero_history_no_label_burnin,2f6f6cf4ff90aaab42c15ddb04ac4c1cee4e57f391a8855c875175acdb54a6c8,b518445132a49b58a7745780b7ef70f3,fc894696b7795a7f629fd61bde8a5cb4,0.0,0.0,True,0.06033944334841462,0.02995883896480575,0.02668313719359637,0.01791484635254073,0.11164601399538715,0.21568627448235259,0.10216246950716237,0.12414797718052731,0.02361052205004191,0.13508810861936846,54521,1.0,d12914aef2aa4ca2f5791f854bb3083b,0.0540947897358968,0.03998931518729325,0.015965443167144835,0.01639171198959194,0.11227449117266006,0.21568627448235259,0.10155695777172087,0.12180435601990057,0.024920980972186896,0.1415651520263697,53566,1.0,dc58e383651190b3ad43dd90f445f3dd
stage_a,636d420321babfb681dfe3b1501c91a6,2,no_video_closed_loop_persistence,member,20260720,row0_zero_history_no_label_burnin,18175c1afca93e6abded54be34076ae43153ccfc41a706d3d42558ef5ef48581,b518445132a49b58a7745780b7ef70f3,fc894696b7795a7f629fd61bde8a5cb4,0.0,0.0,True,0.08608028535217296,0.07577410408054976,0.05304029579071515,0.03716963406404773,0.1270525422628261,0.21568627448235259,0.10216246950716237,0.13270942622231838,0.034437709238575795,0.14121645069233402,54521,1.0,35902ffd7b6f4012d029b7b9d40f2a7e,0.08054390541538822,0.12317121397511455,0.05521251485319101,0.034926450530708864,0.13427785312484167,0.21568627448235259,0.10155695777172087,0.1307696328486277,0.04432451742301895,0.1564499557367895,53566,1.0,3da138e7d95b4be73ca651306a10775b
stage_a,636d420321babfb681dfe3b1501c91a6,2,no_video_closed_loop_persistence,ensemble,20260718_20260719_20260720,row0_zero_history_no_label_burnin,50d3209068f3623e3f6d67873ef1f975abe67e5d77557adb7a1dcde5ab293154,b518445132a49b58a7745780b7ef70f3,fc894696b7795a7f629fd61bde8a5cb4,0.0,0.0,True,0.09105747992143404,0.03647808389754639,0.05296159309749801,0.041161463670169735,0.12560088596514227,0.21568627448235259,0.10216246950716237,0.16806192240029436,0.023649344246250342,0.14290433520427406,54521,1.0,2c353508fea6cfefacc10ded1ea3f74f,0.08582930146855815,0.0906118789825385,0.053510316321056725,0.04012481111559926,0.13210083795422997,0.21568627448235259,0.10155695777172087,0.17201602180991046,0.04285331535151071,0.15520370195185063,53566,1.0,3edfc9bf92de30a31618cd1c56c0d6e5
stage_a,636d420321babfb681dfe3b1501c91a6,2,sequence_shuffled_video,member,20260718,row0_zero_history_no_label_burnin,ce8b956b2cbf52a5b4fe33a9c6ed248716e17ca9686a51b1e1d95e14e61624c4,b518445132a49b58a7745780b7ef70f3,fc894696b7795a7f629fd61bde8a5cb4,,,True,0.03850309098714386,0.029788231125904466,0.031133166937959797,0.01910360814631043,0.11045878490559224,0.21568627448235259,0.10216246950716237,0.06717832654623873,0.02362242206962764,0.1304079781133417,54521,1.0,0016251fed6ee0b333963f959f801fec,0.04230051537871997,0.029834023076223473,0.03263569454556303,0.02008027769471997,0.11056091064822923,0.21568627448235259,0.10155695777172087,0.0957527261183072,0.02420084699517565,0.13296391687204173,53566,1.0,2e23b93f60041438bf0318ec7d60c1ec
stage_a,636d420321babfb681dfe3b1501c91a6,2,sequence_shuffled_video,member,20260719,row0_zero_history_no_label_burnin,e8f7d75aa1247ad1fccaa95f3c0d2a27108ffaf528f31927bdf2728d5994e461,b518445132a49b58a7745780b7ef70f3,fc894696b7795a7f629fd61bde8a5cb4,,,True,0.055168491964892014,0.0345426015769392,0.026968456826611392,0.019428086780675674,0.10765473720747054,0.21568627448235259,0.10216246950716237,0.05872751467377097,0.0249685865877841,0.12143914532494346,54521,1.0,6ff1927ad37f04a35db068ecdcb5b2f8,0.04887258120072708,0.03358476269907566,0.02230796573175746,0.01426383956598512,0.10717520878658855,0.21568627448235259,0.10155695777172087,0.04929788714775505,0.025584928679027855,0.12374581518054212,53566,1.0,f3a0437ff8d383f6e82863ea107d2fc9
stage_a,636d420321babfb681dfe3b1501c91a6,2,sequence_shuffled_video,member,20260720,row0_zero_history_no_label_burnin,ad116657db8fd1aa878cd9a1a9c273e4487c47688bebe67445b4fb2ca96ff1cb,b518445132a49b58a7745780b7ef70f3,fc894696b7795a7f629fd61bde8a5cb4,,,True,0.05554570977274738,0.027837782594991714,0.028649431612585166,0.023301968483433078,0.10999961432444622,0.21568627448235259,0.10216246950716237,0.0825732069430402,0.01609716770869593,0.12490272414726517,54521,1.0,7974fbefa9b1b75b2695c983e04decd6,0.04914281266669867,0.023575751829390784,0.02689167326688928,0.018774889000896106,0.1090732940918635,0.21568627448235259,0.10155695777172087,0.07445717901938134,0.015039309207649329,0.12542600670557835,53566,1.0,cb1974e2e397f07c61d4597d1cd3a939
stage_a,636d420321babfb681dfe3b1501c91a6,2,sequence_shuffled_video,ensemble,20260718_20260719_20260720,row0_zero_history_no_label_burnin,ad4f66ed3031247326471edbad895b334ad612556dc3551f770b06c808bcdaaf,b518445132a49b58a7745780b7ef70f3,fc894696b7795a7f629fd61bde8a5cb4,,,True,0.054445286081967005,0.020595018424869813,0.03131583356575786,0.022949261375428687,0.10968570707015624,0.21568627448235259,0.10216246950716237,0.08212698526154831,0.015336572419475933,0.12591662773406456,54521,1.0,6947054c2d5f864eea59d6fb58a82fb4,0.04841517015534724,0.035171752173318624,0.030995467314822583,0.019373099726924983,0.10934287970846585,0.21568627448235259,0.10155695777172087,0.07889498096742112,0.024374749321883465,0.1286979991298401,53566,1.0,9fa48f0f6f9b01c2271f45e4b9a8071b
stage_a,636d420321babfb681dfe3b1501c91a6,2,video_label_permutation,member,20260718,row0_zero_history_no_label_burnin,a692f36724db13f0e8acefccc151698e2116800c6efa2ea0214cb27049712c3b,b518445132a49b58a7745780b7ef70f3,fc894696b7795a7f629fd61bde8a5cb4,,,True,0.05917635868786264,0.016471820572080423,0.019569446859841494,0.015851878676826595,0.10664685264850368,0.21568627448235259,0.10216246950716237,0.059877502577016,0.007115251316756319,0.1237664084662011,54521,1.0,f528b95ec765383b66f7cc5a8f71919c,0.05903854673521069,0.016089503627930657,0.020233435919210466,0.016415750714378036,0.10590051237729875,0.21568627448235259,0.10155695777172087,0.0774173698714912,0.00817835153488447,0.12424605579236397,53566,1.0,bf3e648caf7c7e59499ff6f721638d5e
stage_a,636d420321babfb681dfe3b1501c91a6,2,video_label_permutation,member,20260719,row0_zero_history_no_label_burnin,6a7ed9d44de083106e675789a050b041d8ccb999ea479ef309fcb649b570a369,b518445132a49b58a7745780b7ef70f3,fc894696b7795a7f629fd61bde8a5cb4,,,True,0.061785039909049176,0.03347767204211666,0.01992146545764649,0.01783347660239404,0.10683819658859589,0.21568627448235259,0.10216246950716237,0.0807808875252579,0.01796213394495773,0.11907798540665193,54521,1.0,913c9af1f2f9119d6afb0ac229a02cbf,0.055807613528035406,0.014423516120596072,0.017873004621718716,0.013308042221678432,0.10512946565827233,0.21568627448235259,0.10155695777172087,0.07389377335695245,0.005028168612990477,0.1167648899243111,53566,1.0,02936965ee091d5534bb68fbeb7ef4a9
stage_a,636d420321babfb681dfe3b1501c91a6,2,video_label_permutation,member,20260720,row0_zero_history_no_label_burnin,65a9aa4016d35120486d044be4c7ba8bff8c9cfd22f5637fe573ea7c45150fd1,b518445132a49b58a7745780b7ef70f3,fc894696b7795a7f629fd61bde8a5cb4,,,True,0.07166021248137902,0.02847026631312756,0.022036783217479636,0.018145713356504653,0.10635151040431823,0.21568627448235259,0.10216246950716237,0.08018609119122429,0.011493679772980353,0.11920852759082326,54521,1.0,a12983862e1ed4d4b0cef1b1754377c9,0.06609712321357272,0.0034076151028615553,0.018103165122983114,0.014424951040130057,0.10447327600196202,0.21568627448235259,0.10155695777172087,0.07466410784083108,-0.0036083804283655596,0.11637280202339165,53566,1.0,7f6bcfe070d2777326b478880f320fd9
stage_a,636d420321babfb681dfe3b1501c91a6,2,video_label_permutation,ensemble,20260718_20260719_20260720,row0_zero_history_no_label_burnin,9fc35c49ec24a6e5b0cd8b4783472f9a22dd882e9865e124e176221acdcb772d,b518445132a49b58a7745780b7ef70f3,fc894696b7795a7f629fd61bde8a5cb4,,,True,0.06934694706235484,0.016945649806028987,0.020068659223161672,0.018385149191231714,0.10694153707035514,0.21568627448235259,0.10216246950716237,0.08447338954296649,0.010634513610844248,0.12140397695162676,54521,1.0,3b51e16f42691066cd5aca469d7c0ad0,0.06378094216801038,0.012986783337878907,0.01810272998368194,0.015741684930624528,0.10546073492876601,0.21568627448235259,0.10155695777172087,0.08012544090383168,0.004614721170320316,0.12019715672619947,53566,1.0,548422cba23e994545a47ab3af143071
stage_a,636d420321babfb681dfe3b1501c91a6,2,phase7_ar_assisted_teacher_ceiling,member,20260718,row0_zero_history_no_label_burnin,c789a6a47ea0948447bf591190471e687179b7c217580ed99ef38800ad2813b7,b518445132a49b58a7745780b7ef70f3,fc894696b7795a7f629fd61bde8a5cb4,,,True,0.25790536702295297,0.14222275706534876,0.08764054633372696,0.06820980769669759,0.2086966630320617,0.21568627448235259,0.10216246950716237,0.24157159797514638,0.08290838623172125,0.20335177882629468,54521,1.0,63a66f6c07c84a9b5091b9a29c9315b2,0.25725171784145395,0.13929740962381074,0.08911184668873673,0.06928122074422656,0.20893905276295532,0.21568627448235259,0.10155695777172087,0.24649932825691834,0.0881369487976644,0.20264892493452172,53566,1.0,fd95dba99e33ae14dc69cd115d1ac021
stage_a,636d420321babfb681dfe3b1501c91a6,2,phase7_ar_assisted_teacher_ceiling,member,20260719,row0_zero_history_no_label_burnin,a1c47d57936a588cb6e7dc698da3286eba78bdd8f6fcd234d97b21eac9b68d6a,b518445132a49b58a7745780b7ef70f3,fc894696b7795a7f629fd61bde8a5cb4,,,True,0.2597469644559241,0.12110509258309025,0.0854132513052404,0.06577881784322039,0.2101215445212055,0.21568627448235259,0.10216246950716237,0.24754409032092867,0.0894779975619383,0.21062069260612132,54521,1.0,18cca1e71ec5d3601f647a6fc5d29a17,0.25854254058203524,0.12263156567962957,0.08584083576270563,0.06674435773454687,0.20973895372604642,0.21568627448235259,0.10155695777172087,0.24856046623981537,0.0913691424477362,0.2094620990317992,53566,1.0,5acbc3236c9450021b9237b3dcd83579
stage_a,636d420321babfb681dfe3b1501c91a6,2,phase7_ar_assisted_teacher_ceiling,member,20260720,row0_zero_history_no_label_burnin,46a5bc6e8f1d94baa2e31cda8e93cd5a1407de55d96cd9f4061c8dd576d4e2e3,b518445132a49b58a7745780b7ef70f3,fc894696b7795a7f629fd61bde8a5cb4,,,True,0.27751152425882913,0.16024531500970024,0.09942330133912229,0.0783639661744918,0.22044536996693873,0.21568627448235259,0.10216246950716237,0.2700548107922141,0.09107200515137484,0.21269337934384897,54521,1.0,4a7108166cc820cb8ac326933fc1b3a8,0.2759059203693044,0.16120806762534917,0.10043449424763179,0.07878035210480205,0.22025126785374233,0.21568627448235259,0.10155695777172087,0.2700426915115925,0.09384978708655281,0.21211964708001513,53566,1.0,ae8dc8d64124d9ab372e2cf6dcac4de5
stage_a,636d420321babfb681dfe3b1501c91a6,2,phase7_ar_assisted_teacher_ceiling,ensemble,20260718_20260719_20260720,row0_zero_history_no_label_burnin,b4a905d753d62eaa166e2032dddce87e21d81b5c4249187ff63de976537e7a7c,b518445132a49b58a7745780b7ef70f3,fc894696b7795a7f629fd61bde8a5cb4,,,True,0.27634252920937835,0.13896381738905456,0.09199573602526422,0.07707436903491675,0.21999840758743155,0.21568627448235259,0.10216246950716237,0.26616265968503017,0.09834958714381395,0.2154844889449143,54521,1.0,859a92517a1996a31ae3c8f1aa5feb00,0.27477284892166415,0.1382040288509882,0.0922435878389094,0.07770005055019619,0.21936660945749692,0.21568627448235259,0.10155695777172087,0.26632217590915097,0.09601583532279329,0.21307421308698202,53566,1.0,8c444a593f330f410f79f23368aad159
stage_a,644a17fda684fa85af606a5aa74aba98,3,video_distilled_temporal,member,20260718,row0_zero_history_no_label_burnin,91f4288bd00991e4b93cbe876405fb5e827ab67df8ead4fe74f12529166847ac,b65f548b6ed92a3822c2b1a60ab0d87b,4f1c311063691f5793b752fbadc9e619,,,True,0.09028431537213488,0.04249834894506154,0.028398907928038057,0.023865763726409243,0.11573077871773713,0.21363378755714335,0.10822971955407813,0.07339008664786373,0.025296021279342787,0.12339556805864288,54449,1.0,002c1fa0caf736b1fe61e69ee1fe72ff,0.08866210002857709,0.04249434277023494,0.02885006074162299,0.024370247357339107,0.11485111866497769,0.21363378755714335,0.10720963278737566,0.08255733719749468,0.02688980360391305,0.12271619033363752,53484,1.0,3b4276ce7d5b7acbe0efecd30a77c5c5
stage_a,644a17fda684fa85af606a5aa74aba98,3,video_distilled_temporal,member,20260719,row0_zero_history_no_label_burnin,53a4e8784659b14b5723739b620b8627f033a4415d4e8895124e91c6f68bd926,b65f548b6ed92a3822c2b1a60ab0d87b,4f1c311063691f5793b752fbadc9e619,,,True,0.08809561296440674,0.03891751299720817,0.029995358243075802,0.025796199459697987,0.11993949558568824,0.21363378755714335,0.10822971955407813,0.08302392501428178,0.028089727597581174,0.13024006622212234,54449,1.0,368847fa790cd3ada3e4a4151264a861,0.08235160504900174,0.03342251421571912,0.027155186491357584,0.023701458601517615,0.11678273497913463,0.21363378755714335,0.10720963278737566,0.07703528451572549,0.019299962373405796,0.12337990366421163,53484,1.0,fc0c9fca308abbd882e3a52afeda78f5
stage_a,644a17fda684fa85af606a5aa74aba98,3,video_distilled_temporal,member,20260720,row0_zero_history_no_label_burnin,cbaa0d2179278704ce117d235ba4ec4ba2df4b6d63a9bb8a2344332a28c108f5,b65f548b6ed92a3822c2b1a60ab0d87b,4f1c311063691f5793b752fbadc9e619,,,True,0.09246500690897119,0.0354553761867363,0.024906955639880275,0.02105236734869787,0.11719829537290892,0.21363378755714335,0.10822971955407813,0.0729605916320278,0.025346589844319686,0.13045077445887115,54449,1.0,61458c9937c9bb79553186c931dd5ea1,0.08696501118706222,0.038953183028302384,0.02210888505335904,0.018879965022183094,0.11323580602303288,0.21363378755714335,0.10720963278737566,0.06640065380291799,0.022950765395249748,0.12124859183442799,53484,1.0,1002f7c028d71922d48c3d28e3df8a33
stage_a,644a17fda684fa85af606a5aa74aba98,3,video_distilled_temporal,ensemble,20260718_20260719_20260720,row0_zero_history_no_label_burnin,1d6ee8ffc791b9466687f335347d9c28858c6ed4d190d9625a37d7bdac56949c,b65f548b6ed92a3822c2b1a60ab0d87b,4f1c311063691f5793b752fbadc9e619,,,True,0.09491392811222825,0.04325550389783033,0.02930089079528512,0.02488529657999277,0.1183505033353478,0.21363378755714335,0.10822971955407813,0.08664345026389166,0.025007145765281444,0.13051606084414982,54449,1.0,ad7f8beebcb0b12fef9925c38c2ccd7b,0.08946814467241199,0.036333383872778395,0.025993371306226136,0.02321739107115208,0.11496135348743242,0.21363378755714335,0.10720963278737566,0.08156611908765918,0.018782053208825353,0.12320711054786229,53484,1.0,fb25f94a7cee9fe8293ca817b90e5e6d
stage_a,644a17fda684fa85af606a5aa74aba98,3,video_closed_loop_rollout,member,20260718,row0_zero_history_no_label_burnin,e818299fa8546cc04e52045e872021c97dc55d195e0fa0c3d5be1b1ba625c1d0,b65f548b6ed92a3822c2b1a60ab0d87b,4f1c311063691f5793b752fbadc9e619,0.0,0.0,True,0.039225478916067216,0.02921772903325861,0.00790205989471935,0.005382691550309078,0.11326163363658517,0.21363378755714335,0.10822971955407813,0.030511574526975793,0.017069520499579216,0.12641488370148046,54449,1.0,20d91f5ea5bf8f1cee1ade8a460fb335,0.03230879863294925,0.0005720052259223438,-0.0009768152549244138,0.0004116609010766936,0.10881824412715001,0.21363378755714335,0.10720963278737566,0.018512214690439753,0.002716566372253343,0.11536553788639868,53484,1.0,704be33625a3dec1c03d53ee5ca38410
stage_a,644a17fda684fa85af606a5aa74aba98,3,video_closed_loop_rollout,member,20260719,row0_zero_history_no_label_burnin,0f9b983552fffdf4f861983792bbd44201e097d4c23e316e0c614d31ab768973,b65f548b6ed92a3822c2b1a60ab0d87b,4f1c311063691f5793b752fbadc9e619,0.0,0.0,True,0.06704949575039244,0.04055387335226119,0.04848500469957783,0.0317470034608029,0.12958161764085288,0.21363378755714335,0.10822971955407813,0.07844940954723252,0.024900052687631735,0.14147599088348153,54449,1.0,4be0e73b6c23e17098200db9a34a9614,0.06051333742507001,0.08704369754824523,0.044730568944135234,0.027280418821082543,0.13092171696759908,0.21363378755714335,0.10720963278737566,0.07127342058270075,0.04144213071240818,0.13875553268841445,53484,1.0,4f36da06371298ecaa3048292224f871
stage_a,644a17fda684fa85af606a5aa74aba98,3,video_closed_loop_rollout,member,20260720,row0_zero_history_no_label_burnin,738a848f84ed828e846de751187498a6624f518e80b7ffa2a1bae4e6a904d21c,b65f548b6ed92a3822c2b1a60ab0d87b,4f1c311063691f5793b752fbadc9e619,0.0,0.0,True,0.06558843694875054,0.07529065112816932,0.046647876242300525,0.03379526719472107,0.12846982241672297,0.21363378755714335,0.10822971955407813,0.09400097342291798,0.02643914089055069,0.1422939335057861,54449,1.0,04eda382e169e0a5b6cc25f6f157fd50,0.05901725213434363,0.07099237327445412,0.04677003348510784,0.030695985498547247,0.12801617106377478,0.21363378755714335,0.10720963278737566,0.0884000563344992,0.047330662284296235,0.13777998955215948,53484,1.0,75410be2e4ec9fcb6c374e6efdaaa0e7
stage_a,644a17fda684fa85af606a5aa74aba98,3,video_closed_loop_rollout,ensemble,20260718_20260719_20260720,row0_zero_history_no_label_burnin,6e0f046ff7deb62d5b95e67811ca018ce16f01698550657150465d5fb9a8b89f,b65f548b6ed92a3822c2b1a60ab0d87b,4f1c311063691f5793b752fbadc9e619,0.0,0.0,True,0.07751191146068347,0.03557414772638754,0.04981891916349234,0.034786066225673186,0.12939897540941403,0.21363378755714335,0.10822971955407813,0.09391416769910924,0.017356617375741262,0.14213214138995306,54449,1.0,10f1f0bb2648cd2bd8510a05d11b3df5,0.07132163112171619,0.07746840418661752,0.04994492503953626,0.031088705800611814,0.13192524547698922,0.21363378755714335,0.10720963278737566,0.08921756801243415,0.048250377716048426,0.13702907866511774,53484,1.0,dd8c350074923b36dfc506613d578d55
stage_a,644a17fda684fa85af606a5aa74aba98,3,video_supervised_temporal,member,20260718,row0_zero_history_no_label_burnin,17cde2ef90f55b0b2456aa481039e744c9b081efa9dc9dade76afd223c4e2f0a,b65f548b6ed92a3822c2b1a60ab0d87b,4f1c311063691f5793b752fbadc9e619,,,True,0.16102078265072137,0.0868633293609487,0.06518414419370819,0.05100141596134789,0.1599620609296754,0.21363378755714335,0.10822971955407813,0.1731633927774339,0.06497851028056711,0.1762254069664017,54449,1.0,1ec1c5cef768e350e28b8bc464d88644,0.15753454533156766,0.08898223103717126,0.06356607512234569,0.050489755345991476,0.15896425261769725,0.21363378755714335,0.10720963278737566,0.16602650081815942,0.0629405473307187,0.17277468849973465,53484,1.0,8cc8136a66f2badfe00972506e83afdb
stage_a,644a17fda684fa85af606a5aa74aba98,3,video_supervised_temporal,member,20260719,row0_zero_history_no_label_burnin,42e1a957bf75962dd1b0959d5ba2e8e1e55d76c6e05d8f574479c6854b01efb0,b65f548b6ed92a3822c2b1a60ab0d87b,4f1c311063691f5793b752fbadc9e619,,,True,0.12570441578293182,0.07489014524396256,0.06077953379810185,0.04567233074713111,0.14371782409118894,0.21363378755714335,0.10822971955407813,0.17106286520795103,0.059287735154500615,0.15585073049579073,54449,1.0,fcc135724aba553c493d5c052004da62,0.12098793860451958,0.09661484334391093,0.05943842704004464,0.04506050680858493,0.1445404531281395,0.21363378755714335,0.10720963278737566,0.16847491743341667,0.06977336612545497,0.1569700523577367,53484,1.0,e05a3be9fc486940e1e09571bc96574e
stage_a,644a17fda684fa85af606a5aa74aba98,3,video_supervised_temporal,member,20260720,row0_zero_history_no_label_burnin,f617781c1c416d407024dd273632b53925af1b55011dab6a5cf1b55c62553bec,b65f548b6ed92a3822c2b1a60ab0d87b,4f1c311063691f5793b752fbadc9e619,,,True,0.12247648150007466,0.07974676841468098,0.06122269665807927,0.04618695024692759,0.13758431498417711,0.21363378755714335,0.10822971955407813,0.15245682920984852,0.06302720651161536,0.14764744108220934,54449,1.0,2858f24f9e30e5ceeade088b7e17525e,0.11812478847456137,0.09102517991570719,0.06239726469468034,0.043927913374136686,0.13739695782254818,0.21363378755714335,0.10720963278737566,0.1464964541797789,0.06822808884049804,0.14760085590569888,53484,1.0,bbff17c74bba52852c1e7041a4d0aba4
stage_a,644a17fda684fa85af606a5aa74aba98,3,video_supervised_temporal,ensemble,20260718_20260719_20260720,row0_zero_history_no_label_burnin,a7b1bffec50dabd837eea370ba8c895a2b385ca334af5fe319ea67cf57cf0e34,b65f548b6ed92a3822c2b1a60ab0d87b,4f1c311063691f5793b752fbadc9e619,,,True,0.16369321454610208,0.09997620011217984,0.06907983172538973,0.05378152388320167,0.15585894979467568,0.21363378755714335,0.10822971955407813,0.199233759901555,0.06420308118304183,0.1680869596773404,54449,1.0,f617bb1668f7bed48761662ff221ed86,0.15930702413891615,0.1098308961580724,0.06884611581196132,0.054089889902943035,0.1566257057629349,0.21363378755714335,0.10720963278737566,0.19531140993218343,0.06968055846914291,0.17175016700652126,53484,1.0,65d2e12cddcd611488189dfccba3c99a
stage_a,644a17fda684fa85af606a5aa74aba98,3,video_supervised_current_row,member,20260718,row0_zero_history_no_label_burnin,a36d40fa1ceb7723a8dacbd57f2121e8c8dd60f1f5456266d382c7766d2be2a0,b65f548b6ed92a3822c2b1a60ab0d87b,4f1c311063691f5793b752fbadc9e619,,,True,0.1221097960738987,0.05184204066280603,0.04838205308156549,0.039515744357010975,0.13892595301289326,0.21363378755714335,0.10822971955407813,0.1301644257523538,0.03171691056330167,0.1414844693313066,54449,1.0,9083567efa14f8c7c78fd0a14569c6b8,0.11886621620912091,0.053241071917730275,0.04879104027529258,0.039516446081473915,0.13806669187724885,0.21363378755714335,0.10720963278737566,0.1279582198008597,0.03599551135455478,0.13878261794335467,53484,1.0,b372c60e5a40ebefb6e42d7976524459
stage_a,644a17fda684fa85af606a5aa74aba98,3,video_supervised_current_row,member,20260719,row0_zero_history_no_label_burnin,c0f9b3165207cdda2006260a32343d9786635cbafd0c6c916da17c6531c5fd2e,b65f548b6ed92a3822c2b1a60ab0d87b,4f1c311063691f5793b752fbadc9e619,,,True,0.15446761499786493,0.0919391389555172,0.0640119737092335,0.052992348990163786,0.15571741148035423,0.21363378755714335,0.10822971955407813,0.18962577197198754,0.057672041746135716,0.16455985884542448,54449,1.0,acc39e7e8064bf420f80d612ebf852a5,0.1503405006811594,0.09200691662840427,0.06269601539949327,0.05182645571667079,0.15365013177989945,0.21363378755714335,0.10720963278737566,0.18286742494660846,0.058962845133560246,0.15765951756709295,53484,1.0,f487260666da3c646cb26d0ebb5014df
stage_a,644a17fda684fa85af606a5aa74aba98,3,video_supervised_current_row,member,20260720,row0_zero_history_no_label_burnin,60c52adf7617f8e1e7d9830f56042d7bdca4312f52045f9f535b07932ee8c2ad,b65f548b6ed92a3822c2b1a60ab0d87b,4f1c311063691f5793b752fbadc9e619,,,True,0.147478220566517,0.08211513411780888,0.05677166197871721,0.04729206363547573,0.1470989439082582,0.21363378755714335,0.10822971955407813,0.17763923430538922,0.059563436619559734,0.15664454145220905,54449,1.0,970a72684270aba3a8d1f97835a9b49a,0.14318006399413483,0.08280877601978945,0.05764051080705169,0.04667909757027552,0.14570095937067504,0.21363378755714335,0.10720963278737566,0.17384457618911706,0.06109692916255112,0.15261156146461263,53484,1.0,58c6e362fcc6ebd9e89135d63c017d09
stage_a,644a17fda684fa85af606a5aa74aba98,3,video_supervised_current_row,ensemble,20260718_20260719_20260720,row0_zero_history_no_label_burnin,38cf9511a2121240cf74be55705ceebdcf4aafd6cca86d9a3ef5947abe9e2800,b65f548b6ed92a3822c2b1a60ab0d87b,4f1c311063691f5793b752fbadc9e619,,,True,0.15419475694638052,0.09724609460997585,0.06223721276538605,0.053347506998193135,0.15334566076196465,0.21363378755714335,0.10822971955407813,0.1808487522352325,0.05573680174446352,0.1575138803537396,54449,1.0,94ce088ec31cdb24454ce566edad2c37,0.14994495192305543,0.09567538618697857,0.062087474909210204,0.05330939657924528,0.15190652685198452,0.21363378755714335,0.10720963278737566,0.17642146963042496,0.05381790950555791,0.1526961323489146,53484,1.0,8ce473afb70f325ba3466f0f27da63d6
stage_a,644a17fda684fa85af606a5aa74aba98,3,no_video_closed_loop_persistence,member,20260718,row0_zero_history_no_label_burnin,c8ad7d9c175fb844988a746ec300dca6357f61557ddaddefd94507854968f4b5,b65f548b6ed92a3822c2b1a60ab0d87b,4f1c311063691f5793b752fbadc9e619,0.0,0.0,True,0.07652848594135202,0.043616213876090555,0.04086256054320956,0.031575752049217,0.12088704877882628,0.21363378755714335,0.10822971955407813,0.11778789752862744,0.02364933785743624,0.1506335101606846,54449,1.0,39d9f17af4ef72c93ba69b1587420c3e,0.0702328383793771,0.050011535870645295,0.03888513910735079,0.026745093178484038,0.11799489501250665,0.21363378755714335,0.10720963278737566,0.11618085706446711,0.04134518437082245,0.14762213167305294,53484,1.0,e6237d7fb62ae3b86d8200c297c32087
stage_a,644a17fda684fa85af606a5aa74aba98,3,no_video_closed_loop_persistence,member,20260719,row0_zero_history_no_label_burnin,532c1a9e9da0b1e95ba6d8043b5ac7487c67e4ef9bd04169aeefdaca272a8827,b65f548b6ed92a3822c2b1a60ab0d87b,4f1c311063691f5793b752fbadc9e619,0.0,0.0,True,0.09303185114778434,0.04245799324066641,0.05701646855558535,0.03805090007893679,0.13542936969361347,0.21363378755714335,0.10822971955407813,0.1474494235845398,0.02553963960091396,0.1539511056775192,54449,1.0,fac2ae17c16732428067ec0793ba6f28,0.08738613146265536,0.10537936156841643,0.05519594226748694,0.035759399996265935,0.1394511700991816,0.21363378755714335,0.10720963278737566,0.15072762493652142,0.061365891230394834,0.16281667459925317,53484,1.0,e91dc4fca7682096724ecf5457b06613
stage_a,644a17fda684fa85af606a5aa74aba98,3,no_video_closed_loop_persistence,member,20260720,row0_zero_history_no_label_burnin,de77a59f6aa74d5af9b7833cd282872ec1da377266a2f16c2f3243baab7c9477,b65f548b6ed92a3822c2b1a60ab0d87b,4f1c311063691f5793b752fbadc9e619,0.0,0.0,True,0.090704205440347,0.07831924804091689,0.05113512560860422,0.038032456281570086,0.13276614035000478,0.21363378755714335,0.10822971955407813,0.14770059803375785,0.03951124378818925,0.15505616034233194,54449,1.0,9752426bb0475bfc8eba5257eb1da7e2,0.08460134727445505,0.0847791925083552,0.053395466277827076,0.034405690384803934,0.13234459539060583,0.21363378755714335,0.10720963278737566,0.14968405576347998,0.0589796837962845,0.1547268513080122,53484,1.0,03ee84fc97cd1ed62f02c76bd0481e2a
stage_a,644a17fda684fa85af606a5aa74aba98,3,no_video_closed_loop_persistence,ensemble,20260718_20260719_20260720,row0_zero_history_no_label_burnin,ff88cee79f4286fb7174c629be4cf613aa4641622e435be8cfd3d14cb268ce08,b65f548b6ed92a3822c2b1a60ab0d87b,4f1c311063691f5793b752fbadc9e619,0.0,0.0,True,0.09510576570239497,0.05050673204559215,0.054386642057462804,0.04137673123167796,0.13361260411055081,0.21363378755714335,0.10822971955407813,0.15619862195823075,0.02424473903054232,0.1555156357652072,54449,1.0,a21720eeedc1b59473f3c93beabf3d9a,0.08949991237468294,0.09841852569038143,0.05831067326739856,0.04026373616288877,0.13788064231439726,0.21363378755714335,0.10720963278737566,0.16074511571151798,0.05862372934576897,0.1616469825411817,53484,1.0,82a560614fa0ff85da201ae542afde10
stage_a,644a17fda684fa85af606a5aa74aba98,3,sequence_shuffled_video,member,20260718,row0_zero_history_no_label_burnin,1c903e2f52a1ee00da65d71f89985fdedf080d319a859f572210af786d304cd7,b65f548b6ed92a3822c2b1a60ab0d87b,4f1c311063691f5793b752fbadc9e619,,,True,0.06714819402782808,0.05073462592168398,0.025423609708773644,0.017665046138507647,0.11570502501656085,0.21363378755714335,0.10822971955407813,0.06514613976309641,0.03687824125711642,0.13841629809548592,54449,1.0,93f0fa9c5843109f0c8bd4e9ff8cce7b,0.06832526965446781,0.05238660382617349,0.025734628173157255,0.018444603441870107,0.11501779953725147,0.21363378755714335,0.10720963278737566,0.08355195127881425,0.039170384410067774,0.13952114335283228,53484,1.0,5a86a2beb3d6032970bcb5c2ede0ed84
stage_a,644a17fda684fa85af606a5aa74aba98,3,sequence_shuffled_video,member,20260719,row0_zero_history_no_label_burnin,fdfa8057bee6ce90dea4a4358f6a269d6ba1f2a19a2de8ec0ae036869880b268,b65f548b6ed92a3822c2b1a60ab0d87b,4f1c311063691f5793b752fbadc9e619,,,True,0.06662642209436172,0.034490166392615686,0.03093582106450036,0.02156433323282466,0.11526034931796046,0.21363378755714335,0.10822971955407813,0.06956720828164493,0.020963487710469658,0.13695827765929197,54449,1.0,601b91914490c0e29253e6199ec33e7c,0.06001356713783315,0.032694200603365704,0.02445989733383578,0.016568254735161526,0.11174803773110464,0.21363378755714335,0.10720963278737566,0.06181042200664548,0.02283653635298946,0.1313160757075008,53484,1.0,92f5e46591c8cd230ea86230dcc4b51d
stage_a,644a17fda684fa85af606a5aa74aba98,3,sequence_shuffled_video,member,20260720,row0_zero_history_no_label_burnin,3ef26d5c56db16bce202045605ca4e0c89a2513698da55c80651af0a14615667,b65f548b6ed92a3822c2b1a60ab0d87b,4f1c311063691f5793b752fbadc9e619,,,True,0.06649951509902013,0.03758967999427635,0.028055403795480334,0.01913970324262202,0.11600416762084599,0.21363378755714335,0.10822971955407813,0.07414958091109304,0.026131148768134466,0.13751633663497387,54449,1.0,39d8a04ffebf6bed8bd6b57b0838107a,0.05979832305302784,0.04262047184843668,0.02145832307742076,0.014718328761956882,0.11204308050298359,0.21363378755714335,0.10720963278737566,0.06704296323253053,0.031829138327037335,0.13090541710672066,53484,1.0,65776d5c2617a1bc38e3af319a20de00
stage_a,644a17fda684fa85af606a5aa74aba98,3,sequence_shuffled_video,ensemble,20260718_20260719_20260720,row0_zero_history_no_label_burnin,7eb19c6bdf06afc73bfd6ef1c1ca57a032f275a49e3bed789c20b6f71144fde7,b65f548b6ed92a3822c2b1a60ab0d87b,4f1c311063691f5793b752fbadc9e619,,,True,0.072528567410629,0.04300826745802302,0.030709223312792765,0.02014407055427623,0.11712232289780401,0.21363378755714335,0.10822971955407813,0.08287872308816045,0.028042691227172872,0.14112577116906483,54449,1.0,46367108bdcb30024a05aa45e7a37b83,0.0662277244129409,0.05175684273992311,0.026908521051350408,0.0173832684229658,0.11384586660005089,0.21363378755714335,0.10720963278737566,0.07827839095053142,0.03189199105229325,0.1362684123610728,53484,1.0,683f608eeb79676c9c153fbb814b0824
stage_a,644a17fda684fa85af606a5aa74aba98,3,video_label_permutation,member,20260718,row0_zero_history_no_label_burnin,04b11cf6733484cd6b96a8d804562e3de3caef4730ae98b10ddcd01d76518c5d,b65f548b6ed92a3822c2b1a60ab0d87b,4f1c311063691f5793b752fbadc9e619,,,True,0.07944126755282942,0.05279062803895531,0.032575412830946913,0.020450656178303182,0.12090695451083348,0.21363378755714335,0.10822971955407813,0.0670718455681084,0.034709942632193624,0.14682465879044662,54449,1.0,3e9b174f828c89a4ab1bc214508645c2,0.08231644245720748,0.05240468236372974,0.0340779247708344,0.02114111973949282,0.12042897205308623,0.21363378755714335,0.10720963278737566,0.08861741530378042,0.03812110867447813,0.14865614119783366,53484,1.0,7cb9fd951ac8543840660442e07fb93d
stage_a,644a17fda684fa85af606a5aa74aba98,3,video_label_permutation,member,20260719,row0_zero_history_no_label_burnin,34c68a03dbbe173ce34282e145642aa15630c49ffaa68ea56daf98feb96a7e3b,b65f548b6ed92a3822c2b1a60ab0d87b,4f1c311063691f5793b752fbadc9e619,,,True,0.0860788080571218,0.03602546411184172,0.03862126924939737,0.02886651885402814,0.12056449919659842,0.21363378755714335,0.10822971955407813,0.11557668167347596,0.024844030285981936,0.14530821832238694,54449,1.0,2b1edb998916ec92e7a13e58b6afbc8b,0.08012119150558099,0.051457848662014215,0.03667318454094228,0.02538685656856509,0.11752168680121233,0.21363378755714335,0.10720963278737566,0.11365825465554862,0.03570472206655277,0.14136229894387622,53484,1.0,376461b61ef5afac5d58e161cba21d7a
stage_a,644a17fda684fa85af606a5aa74aba98,3,video_label_permutation,member,20260720,row0_zero_history_no_label_burnin,3a9bb448bc73c1472c027352de9694f1fa61a1259ebac22bbc9a896b554d43ca,b65f548b6ed92a3822c2b1a60ab0d87b,4f1c311063691f5793b752fbadc9e619,,,True,0.05971572000752803,0.04184468711625438,0.027197804092503088,0.019645833866977568,0.11566761800378664,0.21363378755714335,0.10822971955407813,0.04317620649935874,0.029654030664704054,0.13929200843326225,54449,1.0,1de875c7401b5515e618959702f8568a,0.053416739567158984,0.04516325818619784,0.023271324819342167,0.014585758148901458,0.11294260767763396,0.21363378755714335,0.10720963278737566,0.03498452198571937,0.031273234108023545,0.13672780615486146,53484,1.0,66477c5d026b09bd6e15107fa2ebd2a3
stage_a,644a17fda684fa85af606a5aa74aba98,3,video_label_permutation,ensemble,20260718_20260719_20260720,row0_zero_history_no_label_burnin,bd4a395ec0533005cdbff623bed8b7eac0af49f001fd06049986f83ffa8e68d2,b65f548b6ed92a3822c2b1a60ab0d87b,4f1c311063691f5793b752fbadc9e619,,,True,0.08144693848787181,0.044658337947005765,0.0349649132874234,0.024623537687207785,0.12156964732594036,0.21363378755714335,0.10822971955407813,0.08630926224239,0.027382228696831837,0.15181458538108486,54449,1.0,9ccc1bc5b99337eccdc295b0ca063d49,0.07585991400750851,0.05079127364042218,0.031815973064269955,0.022099150295012852,0.1181401705635803,0.21363378755714335,0.10720963278737566,0.0836332120800236,0.0377306225780067,0.1467517290618163,53484,1.0,f5d773a89180f82dd7aee9f0a458d38e
stage_a,644a17fda684fa85af606a5aa74aba98,3,phase7_ar_assisted_teacher_ceiling,member,20260718,row0_zero_history_no_label_burnin,33f6760c593a17aa5b641c36bfd768c30c00dceda5dbf480247acc25497b0e32,b65f548b6ed92a3822c2b1a60ab0d87b,4f1c311063691f5793b752fbadc9e619,,,True,0.2796949586461117,0.13894460698693895,0.09743504754460719,0.07847600546101716,0.21743327953565614,0.21363378755714335,0.10822971955407813,0.2054643352128382,0.05503009326524594,0.18292054378587802,54449,1.0,d93082558101a83377bd2b789a9f0396,0.28013731278937903,0.1483508826644584,0.10285663028547232,0.08145921068259607,0.21971219839079414,0.21363378755714335,0.10720963278737566,0.21376440825024978,0.07324811599001584,0.18607245134263595,53484,1.0,53943af8fff3b06aa8352142d03194ae
stage_a,644a17fda684fa85af606a5aa74aba98,3,phase7_ar_assisted_teacher_ceiling,member,20260719,row0_zero_history_no_label_burnin,2bb2c45e5d86bf6c3af126b6d775c08eba97333551a86813e410971a77c19331,b65f548b6ed92a3822c2b1a60ab0d87b,4f1c311063691f5793b752fbadc9e619,,,True,0.2921506822026134,0.1682426823508952,0.1188144526983465,0.09062045702228022,0.2363939610291166,0.21363378755714335,0.10822971955407813,0.24674723778316496,0.09719035073320426,0.2049027688779067,54449,1.0,8134e966a52d7f66471b6e8263d5de61,0.2913420254994716,0.17007172182881766,0.12111843729191182,0.09259531651932665,0.23765018068737498,0.21363378755714335,0.10720963278737566,0.25015032478644184,0.10065393466001508,0.2079035475273239,53484,1.0,1bb752bcb9f45f5cd900d2cac7d2a786
stage_a,644a17fda684fa85af606a5aa74aba98,3,phase7_ar_assisted_teacher_ceiling,member,20260720,row0_zero_history_no_label_burnin,fc01b9a913a17c356cd6789b5e494bff3376617cdc9bef32b916286ea7bf2771,b65f548b6ed92a3822c2b1a60ab0d87b,4f1c311063691f5793b752fbadc9e619,,,True,0.2923099405282041,0.14006292102739626,0.10451674525081711,0.08468991388242528,0.2178666360545523,0.21363378755714335,0.10822971955407813,0.2547371428423387,0.08217153325166174,0.19110150875577628,54449,1.0,da525bde9588021d21de52876bbe7d2e,0.29185685306382525,0.1435269917322213,0.10597093399709803,0.0856948130139164,0.21938950127848256,0.21363378755714335,0.10720963278737566,0.25681043804690146,0.08754355476334792,0.1940636752414354,53484,1.0,31e96d18654d47001f019c5e42b9dbbe
stage_a,644a17fda684fa85af606a5aa74aba98,3,phase7_ar_assisted_teacher_ceiling,ensemble,20260718_20260719_20260720,row0_zero_history_no_label_burnin,d4d1fc02f206451bf669182f2a029e4fa24e00c6f4893feed4e40411ebc39bc0,b65f548b6ed92a3822c2b1a60ab0d87b,4f1c311063691f5793b752fbadc9e619,,,True,0.29793365135852884,0.16019226253990837,0.11629112369366426,0.09164371124589354,0.2337345717906212,0.21363378755714335,0.10822971955407813,0.2560545433959345,0.08863697589890496,0.2006237909311635,54449,1.0,65fee0c5cf306509f59b5ce302200bb5,0.29694607855842226,0.1610557897625778,0.1181750557242339,0.09299101042267091,0.23484859125853028,0.21363378755714335,0.10720963278737566,0.25817953235207425,0.09236713955314658,0.20300666704476927,53484,1.0,572fa87b3289ae2f6562677baea41a28
