schema_version,target_name,validation_protocol,actual_validation_protocol,fold,seed,feature_name,variant_name,control_type,loss_name,n_train,n_test,checkpoint_restore_pass,eval_mode_scoring,ar_retrained,frozen_ar_train_checksum,frozen_ar_test_checksum,delta_vs_frozen_ar_pr_auc,delta_vs_frozen_ar_top_1pct_lift,alpha_final,gate_mean,residual_suppressed,inner_val_selection_policy,training_label_policy,heldout_scoring_policy,decision_threshold_train_only,pr_auc,roc_auc,f1,precision,recall,balanced_accuracy,continuous_mae,continuous_mse,continuous_rmse,continuous_pearson,continuous_spearman,spearman_future_movement,top_1pct_precision,top_1pct_recall,top_1pct_lift,top_1pct_avg_true_movement,top_1pct_avg_true_movement_lift,top_5pct_precision,top_5pct_recall,top_5pct_lift,top_5pct_avg_true_movement,top_5pct_avg_true_movement_lift,top_10pct_precision,top_10pct_recall,top_10pct_lift,top_10pct_avg_true_movement,top_10pct_avg_true_movement_lift,within_video_macro_pr_auc,within_video_macro_roc_auc,within_video_macro_spearman_future_movement,within_video_macro_top_5pct_lift,within_video_video_count,best_epoch,epochs_run,best_inner_val_delta_vs_frozen_ar,frozen_ar_inner_val_pr_auc,true_frozen_ar_inner_val_pr_auc,fixed_epoch_requested,early_stopping_reason,checkpoint_restored,checkpoint_path,checkpoint_checksum,gate_p05,gate_p50,gate_p95,gate_saturation_low_rate,gate_saturation_high_rate,delta_vs_frozen_ar_roc_auc,delta_vs_frozen_ar_spearman_future_movement
again_dense_2hz_phase5_blocked_residual_clean_confirm_v1,arousal_spike_rows_2_6_train_q90,blocked_temporal_70_30,blocked_temporal_70_30,1,20260625,temporal_mean_2s_then_pca256,monotonic_do_no_harm_residual,frozen_ar_only,regression_plus_binary,162758,70331,True,True,False,26b1e204772266e20c344bcd7674f9f3,fa40aeff7baf6a11289df36b6efaaf4b,0.0,0.0,0.0,0.0,True,not_applicable,not_applicable,true_heldout_labels,-2.1042351722717285,0.2614953419145701,0.7343092369155677,0.3209425821440425,0.2375921375921376,0.4943762781186094,0.6479032589658751,0.057220663875341415,0.008257096633315086,0.0908685679061527,0.34735419222457,0.2691682540839851,0.22235288687938276,0.4446022727272727,0.04000511247443763,3.996590291817717,0.19922906160354614,0.14838814735412598,0.3667898777367074,0.16487730061349692,3.2971240913983086,0.14368849992752075,0.09284758567810059,0.3228603923798692,0.29026073619631904,2.902235973475023,0.12216760218143463,0.07132668793201447,0.3292741232062661,0.6385414460949351,0.2589509957811179,1.908637328044458,995,,,,,,,,,,,,,,,,,
again_dense_2hz_phase5_blocked_residual_clean_confirm_v1,arousal_spike_rows_2_6_train_q90,blocked_temporal_70_30,blocked_temporal_70_30,1,20260625,temporal_mean_2s_then_pca256,monotonic_do_no_harm_residual,real_residual,regression_plus_binary,162758,70331,True,True,False,26b1e204772266e20c344bcd7674f9f3,fa40aeff7baf6a11289df36b6efaaf4b,0.00022023077727456597,0.0,0.0020761035848408937,0.056015193462371826,False,true_inner_val_labels,true_train_labels,true_heldout_labels,-2.104233503341675,0.26171557269184464,0.7343084926226504,0.32127461753021724,0.2399924232857684,0.4858128834355828,0.6466212256619897,0.05791765823960304,0.008252160623669624,0.09084140368614757,0.3420823385976142,0.2625637046607155,0.2209588981365279,0.4446022727272727,0.04000511247443763,3.996590291817717,0.19922906160354614,0.14838814735412598,0.3667898777367074,0.16487730061349692,3.2971240913983086,0.14368851482868195,0.09284760057926178,0.3228603923798692,0.29026073619631904,2.902235973475023,0.12216760218143463,0.07132668793201447,0.32963533052286825,0.6402346751933755,0.16740206793006837,1.961710334832692,995,11.0,19.0,0.00018216413640445572,0.23207686254330967,0.23207686254330967,,patience_exhausted,True,outputs/again_dense_2hz_phase5_blocked_residual_clean_confirm_20260629_234349/checkpoints/arousal_spike_rows_2_6_train_q90__blocked_temporal_70_30__fold1__real_residual__monotonic_do_no_harm_residual__regression_plus_binary__20260625__best.npz,d0bb5d9321725c8f14aaca2c89d89d1a,0.0002745221718214452,0.00839232187718153,0.3013872504234314,0.776812500888655,0.0009810752015469708,-7.442929172984947e-07,-0.0013939887428548736
again_dense_2hz_phase5_blocked_residual_clean_confirm_v1,arousal_spike_rows_2_6_train_q90,blocked_temporal_70_30,blocked_temporal_70_30,1,20260625,temporal_mean_2s_then_pca256,monotonic_do_no_harm_residual,shuffled_pca_residual,regression_plus_binary,162758,70331,True,True,False,26b1e204772266e20c344bcd7674f9f3,fa40aeff7baf6a11289df36b6efaaf4b,0.00015275556956323433,0.0,0.0018501700833439827,0.12982600927352905,False,true_inner_val_labels,true_train_labels,true_heldout_labels,-2.1042346954345703,0.2616480974841333,0.734215871094421,0.3207145540298009,0.23811589711806633,0.4910531697341513,0.6471935981615866,0.05754099413752556,0.008264480158686638,0.0909091863272719,0.3442595941460604,0.26312062222258276,0.22080413807787155,0.4446022727272727,0.04000511247443763,3.996590291817717,0.19908981025218964,0.14824889600276947,0.3667898777367074,0.16487730061349692,3.2971240913983086,0.14368849992752075,0.09284758567810059,0.3228603923798692,0.29026073619631904,2.902235973475023,0.12216760218143463,0.07132668793201447,0.32760943668634573,0.6377549399566608,0.16751470972734428,1.9435795393226871,995,4.0,12.0,0.00013659071970612002,0.23207686254330967,0.23207686254330967,,patience_exhausted,True,outputs/again_dense_2hz_phase5_blocked_residual_clean_confirm_20260629_234349/checkpoints/arousal_spike_rows_2_6_train_q90__blocked_temporal_70_30__fold1__shuffled_pca_residual__monotonic_do_no_harm_residual__regression_plus_binary__20260625__best.npz,be57259bafc9682ef8fa98060a503dec,0.0002570240176282823,0.014009145088493824,0.7106801271438599,0.6520311100368259,0.002004805846639462,-9.33658211467181e-05,-0.0015487488015112072
again_dense_2hz_phase5_blocked_residual_clean_confirm_v1,arousal_spike_rows_2_6_train_q90,blocked_temporal_70_30,blocked_temporal_70_30,1,20260625,temporal_mean_2s_then_pca256,monotonic_do_no_harm_residual,random_pca_residual,regression_plus_binary,162758,70331,True,True,False,26b1e204772266e20c344bcd7674f9f3,fa40aeff7baf6a11289df36b6efaaf4b,0.00015345952095585647,0.0,0.0018531503155827522,0.12404772639274597,False,true_inner_val_labels,true_train_labels,true_heldout_labels,-2.1042346954345703,0.26164880143552594,0.7342198604226675,0.3203838931775506,0.2378415215909795,0.49066973415132925,0.6469298884332726,0.05753278732299805,0.008264711126685143,0.090910456641055,0.34425229267163177,0.2630901583015429,0.22081993735388358,0.4446022727272727,0.04000511247443763,3.996590291817717,0.19908981025218964,0.14824889600276947,0.3667898777367074,0.16487730061349692,3.2971240913983086,0.14368849992752075,0.09284758567810059,0.3228603923798692,0.29026073619631904,2.902235973475023,0.12216760218143463,0.07132668793201447,0.3275385544195382,0.6371176484501464,0.16763145126542772,1.9435795393226871,995,4.0,12.0,0.00014883130265430644,0.23207686254330967,0.23207686254330967,,patience_exhausted,True,outputs/again_dense_2hz_phase5_blocked_residual_clean_confirm_20260629_234349/checkpoints/arousal_spike_rows_2_6_train_q90__blocked_temporal_70_30__fold1__random_pca_residual__monotonic_do_no_harm_residual__regression_plus_binary__20260625__best.npz,8534812c54f70fb6fcc6169c3e55897f,0.0002481125993654132,0.012471310794353485,0.693992555141449,0.6672022294578493,0.00031280658600048344,-8.9376492900195e-05,-0.0015329495254991776
again_dense_2hz_phase5_blocked_residual_clean_confirm_v1,arousal_spike_rows_2_6_train_q90,blocked_temporal_70_30,blocked_temporal_70_30,1,20260625,temporal_mean_2s_then_pca256,monotonic_do_no_harm_residual,label_permutation_residual_permuted_inner_val_selection,regression_plus_binary,162758,70331,True,True,False,26b1e204772266e20c344bcd7674f9f3,fa40aeff7baf6a11289df36b6efaaf4b,0.00018993214518758794,0.0,0.0017865514382719994,0.02629225328564644,False,permuted_inner_val_labels,permuted_train_labels,true_heldout_labels,-2.1042282581329346,0.26168527405975767,0.7342761629102448,0.3201668404588113,0.23763234474645534,0.49054192229038857,0.6467779923576985,0.0572216659784317,0.00825705099850893,0.09086831680244183,0.34735594512334317,0.26764843048620474,0.22085443426572343,0.4446022727272727,0.04000511247443763,3.996590291817717,0.19922906160354614,0.14838814735412598,0.3667898777367074,0.16487730061349692,3.2971240913983086,0.14368849992752075,0.09284758567810059,0.3228603923798692,0.29026073619631904,2.902235973475023,0.12216760218143463,0.07132668793201447,0.33109100555592536,0.6408635469987617,0.18433401299102534,1.967070884483139,995,1.0,9.0,1.13033629799697e-05,0.10215162429347804,0.23207686254330967,,patience_exhausted,True,outputs/again_dense_2hz_phase5_blocked_residual_clean_confirm_20260629_234349/checkpoints/arousal_spike_rows_2_6_train_q90__blocked_temporal_70_30__fold1__label_permutation_residual_permuted_inner_val_selection__monotonic_do_no_harm_residual__regression_plus_binary__20260625__best.npz,d6eb31bd0403d9422a77eb2d0a3c0f1f,0.0057232133112847805,0.018580958247184753,0.07389180362224579,0.8816311441611807,0.0,-3.307400532293059e-05,-0.001498452613659329
again_dense_2hz_phase5_blocked_residual_clean_confirm_v1,arousal_spike_rows_2_6_train_q90,blocked_temporal_70_30,blocked_temporal_70_30,1,20260625,temporal_mean_2s_then_pca256,monotonic_do_no_harm_residual,label_permutation_fixed_epoch_audit,regression_plus_binary,162758,70331,True,True,False,26b1e204772266e20c344bcd7674f9f3,fa40aeff7baf6a11289df36b6efaaf4b,0.00015079545490864765,0.0,0.0018883728189393878,0.20291264355182648,False,permuted_inner_val_labels,permuted_train_labels,true_heldout_labels,-2.1042349338531494,0.2616461373694787,0.734217108174682,0.31987979464919236,0.2374961264332197,0.4897750511247444,0.6464745478158798,0.05718543380498886,0.008256383240222931,0.09086464240959148,0.34767261931398885,0.2684658869414111,0.22083595408807236,0.4446022727272727,0.04000511247443763,3.996590291817717,0.19908981025218964,0.14824889600276947,0.3667898777367074,0.16487730061349692,3.2971240913983086,0.14368849992752075,0.09284758567810059,0.3228603923798692,0.29026073619631904,2.902235973475023,0.12216760218143463,0.07132668793201447,0.3296056213625643,0.6385420027612158,0.18052771962419084,1.9503067676824188,995,11.0,11.0,-1.848770011032841e-05,0.10013959140229325,0.23207686254330967,11.0,fixed_epoch_selected,True,outputs/again_dense_2hz_phase5_blocked_residual_clean_confirm_20260629_234349/checkpoints/arousal_spike_rows_2_6_train_q90__blocked_temporal_70_30__fold1__label_permutation_fixed_epoch_audit__monotonic_do_no_harm_residual__regression_plus_binary__20260625__best.npz,6b9a78775fa5118d065ddca0a47f6c78,3.0286129913292825e-05,0.011738226749002934,0.9591315388679504,0.6193286033185935,0.05940481437772817,-9.212874088571077e-05,-0.0015169327913104047
again_dense_2hz_phase5_blocked_residual_clean_confirm_v1,arousal_spike_rows_2_6_train_q90,blocked_temporal_70_30,blocked_temporal_70_30,1,20260625,temporal_mean_2s_then_pca256,monotonic_do_no_harm_residual,train_only_video_mean_pca_residual,regression_plus_binary,162758,70331,True,True,False,26b1e204772266e20c344bcd7674f9f3,fa40aeff7baf6a11289df36b6efaaf4b,0.00026207710374043236,0.012768659079290146,0.00246117589995265,0.18647462129592896,False,true_inner_val_labels,true_train_labels,true_heldout_labels,-2.1042351722717285,0.2617574190183105,0.7344193564840166,0.3209456656988801,0.2375660076139015,0.4945040899795501,0.6479271693758438,0.057895150035619736,0.008363042958080769,0.09144967445584905,0.32326241877065093,0.2404908121019388,0.22083955603899952,0.4460227272727273,0.04013292433537832,4.009358950897007,0.20017275214195251,0.14933183789253235,0.3667898777367074,0.16487730061349692,3.2971240913983086,0.14368849992752075,0.09284758567810059,0.323002558999147,0.2903885480572597,2.9035139285492084,0.12220190465450287,0.0713609904050827,0.3292741232062661,0.6385414460949351,0.2589509957811179,1.908637328044458,995,36.0,40.0,0.00019132319249146046,0.23207686254330967,0.23207686254330967,,max_epochs_reached,True,outputs/again_dense_2hz_phase5_blocked_residual_clean_confirm_20260629_234349/checkpoints/arousal_spike_rows_2_6_train_q90__blocked_temporal_70_30__fold1__train_only_video_mean_pca_residual__monotonic_do_no_harm_residual__regression_plus_binary__20260625__best.npz,c59dac72c95f2b8f0f505b6c848f23d0,8.241758769145235e-05,0.014834337867796421,0.9748152494430542,0.6371727972018029,0.06549032432355575,0.00011011956844886317,-0.0015133308403832424
again_dense_2hz_phase5_blocked_residual_clean_confirm_v1,arousal_spike_rows_2_6_train_q90,blocked_temporal_70_30,blocked_temporal_70_30,1,20260625,temporal_mean_2s_then_pca256,monotonic_do_no_harm_residual,full_video_video_mean_pca_residual_oracle_warning,regression_plus_binary,162758,70331,True,True,False,26b1e204772266e20c344bcd7674f9f3,fa40aeff7baf6a11289df36b6efaaf4b,0.0002619420880921042,0.0,0.0025415169075131416,0.23140215873718262,False,true_inner_val_labels,true_train_labels,true_heldout_labels,-2.1042351722717285,0.2617572840026622,0.7344322129173066,0.32090573549537593,0.23752225428203083,0.4945040899795501,0.6479031720635429,0.05813264474272728,0.008317401632666588,0.09119978965253477,0.32991044604851444,0.2371143862191937,0.22096543275613598,0.4446022727272727,0.04000511247443763,3.996590291817717,0.199699267745018,0.14885835349559784,0.3667898777367074,0.16487730061349692,3.2971240913983086,0.14368849992752075,0.09284758567810059,0.3228603923798692,0.29026073619631904,2.902235973475023,0.12215812504291534,0.07131721079349518,0.3292741232062661,0.6385414460949351,0.2589509957811179,1.908637328044458,995,38.0,40.0,0.0002046457172804328,0.23207686254330967,0.23207686254330967,,max_epochs_reached,True,outputs/again_dense_2hz_phase5_blocked_residual_clean_confirm_20260629_234349/checkpoints/arousal_spike_rows_2_6_train_q90__blocked_temporal_70_30__fold1__full_video_video_mean_pca_residual_oracle_warning__monotonic_do_no_harm_residual__regression_plus_binary__20260625__best.npz,b9f8fb2486b639e6ba40b85e8d743c7c,4.4970343878958374e-05,0.008388707414269447,0.9945908784866333,0.6287838933045172,0.11339238742517524,0.0001229760017389392,-0.001387454123246784
again_dense_2hz_phase5_blocked_residual_clean_confirm_v1,arousal_spike_rows_2_6_train_q90,blocked_temporal_70_30,blocked_temporal_70_30,1,20260625,temporal_mean_2s_then_pca256,monotonic_do_no_harm_residual,diagnostics_only_residual,regression_plus_binary,162758,70331,True,True,False,26b1e204772266e20c344bcd7674f9f3,fa40aeff7baf6a11289df36b6efaaf4b,0.0002565595044796143,0.0,0.0017842311644926667,0.026700083166360855,False,true_inner_val_labels,true_train_labels,true_heldout_labels,-2.1042306423187256,0.2617519014190497,0.7343860003017086,0.32141070535267635,0.23849294729027468,0.4927147239263804,0.6478963895920957,0.05721813812851906,0.008257200010120869,0.09086913673036004,0.3473502188148689,0.2675774385200269,0.22082552397917543,0.4446022727272727,0.04000511247443763,3.996590291817717,0.19922906160354614,0.14838814735412598,0.3667898777367074,0.16487730061349692,3.2971240913983086,0.14368849992752075,0.09284758567810059,0.3228603923798692,0.29026073619631904,2.902235973475023,0.12216760218143463,0.07132668793201447,0.3315547420442989,0.6402205733233959,0.16042165781132023,1.9801739661257522,995,1.0,9.0,2.3052330230116658e-05,0.23207686254330967,0.23207686254330967,,patience_exhausted,True,outputs/again_dense_2hz_phase5_blocked_residual_clean_confirm_20260629_234349/checkpoints/arousal_spike_rows_2_6_train_q90__blocked_temporal_70_30__fold1__diagnostics_only_residual__monotonic_do_no_harm_residual__regression_plus_binary__20260625__best.npz,9e3a94742ee00c9e106a6e79274565ed,0.0031063160859048367,0.018516695126891136,0.06772041320800781,0.8566634912058694,0.0,7.676338614093225e-05,-0.0015273629002073297
again_dense_2hz_phase5_blocked_residual_clean_confirm_v1,arousal_spike_rows_2_6_train_q90,blocked_temporal_70_30,blocked_temporal_70_30,1,20260626,temporal_mean_2s_then_pca256,monotonic_do_no_harm_residual,frozen_ar_only,regression_plus_binary,162758,70331,True,True,False,e4256a5d3664a875e1cf431b0dccf23f,8c7a555b24d19576e41d88cda28a8d24,0.0,0.0,0.0,0.0,True,not_applicable,not_applicable,true_heldout_labels,-1.770216703414917,0.2682127880208318,0.7419628480137832,0.3232516183805582,0.27635637815278535,0.38931492842535786,0.630856609908361,0.05631409212946892,0.008252859115600586,0.09084524817292638,0.3500040344379551,0.27119844424191425,0.21412693128971835,0.46875,0.04217791411042945,4.213657496165644,0.19728383421897888,0.14644291996955872,0.37731020756326417,0.16960633946830267,3.391692766888028,0.14604191482067108,0.09520100057125092,0.3251350582883139,0.29230572597137017,2.9226832546619894,0.1225748062133789,0.07173389196395874,0.32983837396739074,0.6418628480184664,0.26573366933343723,1.9682373722668092,995,,,,,,,,,,,,,,,,,
again_dense_2hz_phase5_blocked_residual_clean_confirm_v1,arousal_spike_rows_2_6_train_q90,blocked_temporal_70_30,blocked_temporal_70_30,1,20260626,temporal_mean_2s_then_pca256,monotonic_do_no_harm_residual,real_residual,regression_plus_binary,162758,70331,True,True,False,e4256a5d3664a875e1cf431b0dccf23f,8c7a555b24d19576e41d88cda28a8d24,0.00035663335118873984,0.0,0.0019752264488488436,0.053644809871912,False,true_inner_val_labels,true_train_labels,true_heldout_labels,-1.8778780698776247,0.26856942137202056,0.7419457149633597,0.32863618446984627,0.26739897370109045,0.4262525562372188,0.6400384639537959,0.0568389929831028,0.008251446299254894,0.09083747188938546,0.3456897129414577,0.2634356068654622,0.21268810303251634,0.46875,0.04217791411042945,4.213657496165644,0.19728383421897888,0.14644291996955872,0.37731020756326417,0.16960633946830267,3.391692766888028,0.14604191482067108,0.09520100057125092,0.3251350582883139,0.29230572597137017,2.9226832546619894,0.1225748136639595,0.07173389941453934,0.3277918042331258,0.6409600835990176,0.1554413988026564,1.9930224978023008,995,7.0,15.0,0.0002852635930616909,0.23946808001740413,0.23946808001740413,,patience_exhausted,True,outputs/again_dense_2hz_phase5_blocked_residual_clean_confirm_20260629_234349/checkpoints/arousal_spike_rows_2_6_train_q90__blocked_temporal_70_30__fold1__real_residual__monotonic_do_no_harm_residual__regression_plus_binary__20260626__best.npz,ff6ab235576b289be87386bdcc09a6d6,0.00024248620320577174,0.008070281706750393,0.2950997054576874,0.7770542150687464,0.0,-1.7133050423501217e-05,-0.0014388282572020128
again_dense_2hz_phase5_blocked_residual_clean_confirm_v1,arousal_spike_rows_2_6_train_q90,blocked_temporal_70_30,blocked_temporal_70_30,1,20260626,temporal_mean_2s_then_pca256,monotonic_do_no_harm_residual,shuffled_pca_residual,regression_plus_binary,162758,70331,True,True,False,e4256a5d3664a875e1cf431b0dccf23f,8c7a555b24d19576e41d88cda28a8d24,0.00028507878061301284,0.012768659079290146,0.0019541815854609013,0.17094244062900543,False,true_inner_val_labels,true_train_labels,true_heldout_labels,-1.877604913711548,0.26849786680144483,0.741872749720334,0.328521456372863,0.26729736230257356,0.4261247443762781,0.6399585598151248,0.05707219988107681,0.008269859477877617,0.09093876773894408,0.341678528990452,0.25782405299210226,0.2126217818762224,0.47017045454545453,0.042305725971370146,4.226426155244934,0.19763894379138947,0.1467980295419693,0.3770258743247086,0.16947852760736196,3.389136856739657,0.14596591889858246,0.09512500464916229,0.3249928916690361,0.2921779141104294,2.921405299587804,0.1225559413433075,0.07171502709388733,0.32776505192332317,0.6413616146730632,0.17913593986551235,1.995188188383072,995,10.0,18.0,0.0002616394560312485,0.23946808001740413,0.23946808001740413,,patience_exhausted,True,outputs/again_dense_2hz_phase5_blocked_residual_clean_confirm_20260629_234349/checkpoints/arousal_spike_rows_2_6_train_q90__blocked_temporal_70_30__fold1__shuffled_pca_residual__monotonic_do_no_harm_residual__regression_plus_binary__20260626__best.npz,b88071934a2d0651596f3ad5651c536f,5.117764521855861e-05,0.011618934571743011,0.9012168049812317,0.6491163213945487,0.023815955979582262,-9.009829344919229e-05,-0.0015051494134959431
again_dense_2hz_phase5_blocked_residual_clean_confirm_v1,arousal_spike_rows_2_6_train_q90,blocked_temporal_70_30,blocked_temporal_70_30,1,20260626,temporal_mean_2s_then_pca256,monotonic_do_no_harm_residual,random_pca_residual,regression_plus_binary,162758,70331,True,True,False,e4256a5d3664a875e1cf431b0dccf23f,8c7a555b24d19576e41d88cda28a8d24,0.00026273360826922776,0.012768659079290146,0.002024068497121334,0.19699017703533173,False,true_inner_val_labels,true_train_labels,true_heldout_labels,-1.8775845050811768,0.26847552162910104,0.7418543366496736,0.32857142857142857,0.2673132414235332,0.4262525562372188,0.6400064675373944,0.05702340230345726,0.008268218487501144,0.09092974478959646,0.34224804655281493,0.25889246601209737,0.2126208633733346,0.47017045454545453,0.042305725971370146,4.226426155244934,0.19763894379138947,0.1467980295419693,0.3770258743247086,0.16947852760736196,3.389136856739657,0.1460207998752594,0.09517988562583923,0.3249928916690361,0.2921779141104294,2.921405299587804,0.12253240495920181,0.07169149070978165,0.32779478736499973,0.6403894303161942,0.18135122216417784,1.99085680722153,995,14.0,22.0,0.0002577030634554889,0.23946808001740413,0.23946808001740413,,patience_exhausted,True,outputs/again_dense_2hz_phase5_blocked_residual_clean_confirm_20260629_234349/checkpoints/arousal_spike_rows_2_6_train_q90__blocked_temporal_70_30__fold1__random_pca_residual__monotonic_do_no_harm_residual__regression_plus_binary__20260626__best.npz,583132d5017eba0f8e6e81d0d0994a79,4.1588631574995816e-05,0.015030685812234879,0.9447343349456787,0.6191295445820477,0.045285862564160895,-0.00010851136410960915,-0.0015060679163837465
again_dense_2hz_phase5_blocked_residual_clean_confirm_v1,arousal_spike_rows_2_6_train_q90,blocked_temporal_70_30,blocked_temporal_70_30,1,20260626,temporal_mean_2s_then_pca256,monotonic_do_no_harm_residual,label_permutation_residual_permuted_inner_val_selection,regression_plus_binary,162758,70331,True,True,False,e4256a5d3664a875e1cf431b0dccf23f,8c7a555b24d19576e41d88cda28a8d24,0.0003472319188510542,0.0,0.0017863580724224448,0.019814088940620422,False,permuted_inner_val_labels,permuted_train_labels,true_heldout_labels,-1.8779000759124758,0.26856001993968287,0.7419832659723706,0.32865237743286524,0.26742041536364364,0.4262525562372188,0.6400464630578961,0.05631531402468681,0.008252759464085102,0.09084469970276253,0.3500063095061648,0.2696215129854401,0.21256947654742522,0.46875,0.04217791411042945,4.213657496165644,0.19728383421897888,0.14644291996955872,0.37731020756326417,0.16960633946830267,3.391692766888028,0.14604191482067108,0.09520100057125092,0.3251350582883139,0.29230572597137017,2.9226832546619894,0.1225748062133789,0.07173389196395874,0.32641890311650407,0.6383097033977086,0.1450284312613897,1.9765851250508724,995,1.0,9.0,1.100051884905806e-05,0.10155063115266946,0.23946808001740413,,patience_exhausted,True,outputs/again_dense_2hz_phase5_blocked_residual_clean_confirm_20260629_234349/checkpoints/arousal_spike_rows_2_6_train_q90__blocked_temporal_70_30__fold1__label_permutation_residual_permuted_inner_val_selection__monotonic_do_no_harm_residual__regression_plus_binary__20260626__best.npz,ae98b5f3326989c95a576a5ec66d1b9c,0.0036831856705248356,0.015259036794304848,0.051273636519908905,0.9465527292374628,0.0,2.0417958587426455e-05,-0.0015574547422931295
again_dense_2hz_phase5_blocked_residual_clean_confirm_v1,arousal_spike_rows_2_6_train_q90,blocked_temporal_70_30,blocked_temporal_70_30,1,20260626,temporal_mean_2s_then_pca256,monotonic_do_no_harm_residual,label_permutation_fixed_epoch_audit,regression_plus_binary,162758,70331,True,True,False,e4256a5d3664a875e1cf431b0dccf23f,8c7a555b24d19576e41d88cda28a8d24,0.0002976204216055267,0.0,0.0018102595349773765,0.09585599601268768,False,permuted_inner_val_labels,permuted_train_labels,true_heldout_labels,-1.877864122390747,0.26851040844243734,0.7418893838491316,0.32861999310242895,0.2673775354766295,0.4262525562372188,0.6400304648496955,0.056508660316467285,0.00825632456690073,0.09086431954788816,0.3479297978890812,0.2659710519167139,0.21257519593398855,0.46875,0.04217791411042945,4.213657496165644,0.19728383421897888,0.14644291996955872,0.37731020756326417,0.16960633946830267,3.391692766888028,0.14604191482067108,0.09520100057125092,0.3251350582883139,0.29230572597137017,2.9226832546619894,0.12257979810237885,0.07173888385295868,0.32684191425937564,0.6379990159296138,0.15369227062985447,1.9830603211307536,995,7.0,7.0,-7.356579383985262e-06,0.0999891868776864,0.23946808001740413,7.0,fixed_epoch_selected,True,outputs/again_dense_2hz_phase5_blocked_residual_clean_confirm_20260629_234349/checkpoints/arousal_spike_rows_2_6_train_q90__blocked_temporal_70_30__fold1__label_permutation_fixed_epoch_audit__monotonic_do_no_harm_residual__regression_plus_binary__20260626__best.npz,c2aeff6344f87d4270dbee7d369a2847,0.00036573101533576846,0.011580199934542179,0.5913137793540955,0.7057058764982724,0.0003696805107278441,-7.346416465159322e-05,-0.0015517353557298053
again_dense_2hz_phase5_blocked_residual_clean_confirm_v1,arousal_spike_rows_2_6_train_q90,blocked_temporal_70_30,blocked_temporal_70_30,1,20260626,temporal_mean_2s_then_pca256,monotonic_do_no_harm_residual,train_only_video_mean_pca_residual,regression_plus_binary,162758,70331,True,True,False,e4256a5d3664a875e1cf431b0dccf23f,8c7a555b24d19576e41d88cda28a8d24,0.0003783127850497392,0.0,0.0023695179261267185,0.17648614943027496,False,true_inner_val_labels,true_train_labels,true_heldout_labels,-1.877636194229126,0.26859110080588156,0.7420161099421078,0.32861999310242895,0.2673775354766295,0.4262525562372188,0.6400304648496955,0.0573824904859066,0.008261727169156075,0.09089404363959211,0.3399980853041351,0.25335829495107604,0.21281607805634586,0.46875,0.04217791411042945,4.213657496165644,0.19728383421897888,0.14644291996955872,0.3770258743247086,0.16947852760736196,3.389136856739657,0.14598511159420013,0.09514419734477997,0.3251350582883139,0.29230572597137017,2.9226832546619894,0.12258895486593246,0.0717480406165123,0.32983837396739074,0.6418628480184664,0.26573366933343723,1.9682373722668092,995,27.0,35.0,0.0002834414761796189,0.23946808001740413,0.23946808001740413,,patience_exhausted,True,outputs/again_dense_2hz_phase5_blocked_residual_clean_confirm_20260629_234349/checkpoints/arousal_spike_rows_2_6_train_q90__blocked_temporal_70_30__fold1__train_only_video_mean_pca_residual__monotonic_do_no_harm_residual__regression_plus_binary__20260626__best.npz,aeedb513e5c50ea72da4984b9c24c4f1,8.448799781035632e-05,0.017673911526799202,0.9815430641174316,0.6256558274445124,0.06804965093628698,5.326192832455501e-05,-0.0013108532333724887
again_dense_2hz_phase5_blocked_residual_clean_confirm_v1,arousal_spike_rows_2_6_train_q90,blocked_temporal_70_30,blocked_temporal_70_30,1,20260626,temporal_mean_2s_then_pca256,monotonic_do_no_harm_residual,full_video_video_mean_pca_residual_oracle_warning,regression_plus_binary,162758,70331,True,True,False,e4256a5d3664a875e1cf431b0dccf23f,8c7a555b24d19576e41d88cda28a8d24,0.0003637020765377974,0.0,0.00241864169947803,0.25306081771850586,False,true_inner_val_labels,true_train_labels,true_heldout_labels,-1.8775098562240606,0.2685764900973696,0.7419982111287791,0.32870233520543896,0.2674362674362674,0.4263803680981595,0.6400943707801658,0.057699356228113174,0.008290938101708889,0.09105458858129495,0.3339416393734761,0.2434441768748074,0.21277517986014605,0.46875,0.04217791411042945,4.213657496165644,0.19728383421897888,0.14644291996955872,0.37731020756326417,0.16960633946830267,3.391692766888028,0.14611390233039856,0.0952729880809784,0.3251350582883139,0.29230572597137017,2.9226832546619894,0.12258895486593246,0.0717480406165123,0.32983837396739074,0.6418628480184664,0.26573366933343723,1.9682373722668092,995,30.0,38.0,0.00033791352057371826,0.23946808001740413,0.23946808001740413,,patience_exhausted,True,outputs/again_dense_2hz_phase5_blocked_residual_clean_confirm_20260629_234349/checkpoints/arousal_spike_rows_2_6_train_q90__blocked_temporal_70_30__fold1__full_video_video_mean_pca_residual_oracle_warning__monotonic_do_no_harm_residual__regression_plus_binary__20260626__best.npz,82b92f6962ad55638acacb24dc51f268,9.627882718632463e-06,0.028837690129876137,0.9857649803161621,0.5525586156886722,0.090642817534231,3.536311499585665e-05,-0.0013517514295723065
again_dense_2hz_phase5_blocked_residual_clean_confirm_v1,arousal_spike_rows_2_6_train_q90,blocked_temporal_70_30,blocked_temporal_70_30,1,20260626,temporal_mean_2s_then_pca256,monotonic_do_no_harm_residual,diagnostics_only_residual,regression_plus_binary,162758,70331,True,True,False,e4256a5d3664a875e1cf431b0dccf23f,8c7a555b24d19576e41d88cda28a8d24,0.0002764967464571888,0.012768659079290146,0.0018763067200779915,0.1620459258556366,False,true_inner_val_labels,true_train_labels,true_heldout_labels,-1.8776236057281495,0.268489284767289,0.7418673045224252,0.3285052714553158,0.26727593394260063,0.4261247443762781,0.6399505607110245,0.057031676173210144,0.008270695805549622,0.09094336592379688,0.34189259464252136,0.25814604056558527,0.21260629380008064,0.47017045454545453,0.042305725971370146,4.226426155244934,0.19763894379138947,0.1467980295419693,0.3770258743247086,0.16947852760736196,3.389136856739657,0.1460207998752594,0.09517988562583923,0.3251350582883139,0.29230572597137017,2.9226832546619894,0.12257979065179825,0.07173887640237808,0.32899598784310785,0.6393788331699976,0.1813708174467289,1.99085680722153,995,4.0,12.0,0.000268743276253286,0.23946808001740413,0.23946808001740413,,patience_exhausted,True,outputs/again_dense_2hz_phase5_blocked_residual_clean_confirm_20260629_234349/checkpoints/arousal_spike_rows_2_6_train_q90__blocked_temporal_70_30__fold1__diagnostics_only_residual__monotonic_do_no_harm_residual__regression_plus_binary__20260626__best.npz,fb32e9c4080b5aea0564a55a94ba4409,0.00014838312927167863,0.01375561486929655,0.8318989276885986,0.6364903101050746,0.0013365372310929747,-9.554349135798557e-05,-0.0015206374896377106
again_dense_2hz_phase5_blocked_residual_clean_confirm_v1,arousal_spike_rows_2_6_train_q90,blocked_temporal_70_30,blocked_temporal_70_30,1,20260627,temporal_mean_2s_then_pca256,monotonic_do_no_harm_residual,frozen_ar_only,regression_plus_binary,162758,70331,True,True,False,b5b309c5555a7dc64417d640c6f01114,695629cbd47953323ea7a413bc945deb,0.0,0.0,0.0,0.0,True,not_applicable,not_applicable,true_heldout_labels,-1.7035337686538696,0.2667084160340648,0.7429632114332029,0.32155322862129143,0.280441400304414,0.37678936605316976,0.6278894596116074,0.057235460728406906,0.008247229270637035,0.09081425697894045,0.34701638735279194,0.2691063569331542,0.2104680288030543,0.4403409090909091,0.03962167689161554,3.958284314579848,0.19224095344543457,0.1414000391960144,0.3764572078475974,0.16922290388548059,3.3840250364429156,0.14631874859333038,0.09547783434391022,0.32371339209553596,0.2910276073619632,2.9099037039201354,0.1221621185541153,0.07132120430469513,0.3300809316059205,0.6469213536257847,0.26770723300415294,1.920840244001058,995,,,,,,,,,,,,,,,,,
again_dense_2hz_phase5_blocked_residual_clean_confirm_v1,arousal_spike_rows_2_6_train_q90,blocked_temporal_70_30,blocked_temporal_70_30,1,20260627,temporal_mean_2s_then_pca256,monotonic_do_no_harm_residual,real_residual,regression_plus_binary,162758,70331,True,True,False,b5b309c5555a7dc64417d640c6f01114,695629cbd47953323ea7a413bc945deb,0.00036493907706092177,0.0,0.0020294913556426764,0.06996693462133408,False,true_inner_val_labels,true_train_labels,true_heldout_labels,-1.8506423234939577,0.26707335511112573,0.7429271398086033,0.3286515459824309,0.26864097363083167,0.42318507157464214,0.6394886114268494,0.058034732937812805,0.00825542863458395,0.09085938935841441,0.3401488442477852,0.2602162172037549,0.20902996240673036,0.4403409090909091,0.03962167689161554,3.958284314579848,0.19224095344543457,0.1414000391960144,0.3764572078475974,0.16922290388548059,3.3840250364429156,0.14631874859333038,0.09547783434391022,0.32385555871481375,0.2911554192229039,2.911181658994321,0.1221853718161583,0.07134445756673813,0.32871632257459005,0.647079293539116,0.15850314884573674,1.953769586227618,995,9.0,17.0,0.00032507956154917417,0.23870578179645122,0.23870578179645122,,patience_exhausted,True,outputs/again_dense_2hz_phase5_blocked_residual_clean_confirm_20260629_234349/checkpoints/arousal_spike_rows_2_6_train_q90__blocked_temporal_70_30__fold1__real_residual__monotonic_do_no_harm_residual__regression_plus_binary__20260627__best.npz,f142892b08c881cae674681f6e9d5090,0.00022293897927738726,0.009547987952828407,0.39973270893096924,0.7395032062675065,0.0008531088709104093,-3.6071624599620655e-05,-0.0014380663963239337
again_dense_2hz_phase5_blocked_residual_clean_confirm_v1,arousal_spike_rows_2_6_train_q90,blocked_temporal_70_30,blocked_temporal_70_30,1,20260627,temporal_mean_2s_then_pca256,monotonic_do_no_harm_residual,shuffled_pca_residual,regression_plus_binary,162758,70331,True,True,False,b5b309c5555a7dc64417d640c6f01114,695629cbd47953323ea7a413bc945deb,0.0002859197383259793,0.012768659079289701,0.001960071735084057,0.15375910699367523,False,true_inner_val_labels,true_train_labels,true_heldout_labels,-1.8505579471588138,0.2669943357723908,0.7428518506949716,0.32860262008733626,0.2685756002595717,0.42318507157464214,0.6394646141145484,0.0577547624707222,0.008262627758085728,0.09089899756370104,0.3415966318720413,0.25973967353775484,0.20895967899311207,0.44176136363636365,0.03974948875255624,3.9710529736591376,0.19240547716617584,0.14156456291675568,0.3764572078475974,0.16922290388548059,3.3840250364429156,0.14631393551826477,0.0954730212688446,0.32385555871481375,0.2911554192229039,2.911181658994321,0.12218537926673889,0.07134446501731873,0.32828826737736033,0.6453826529151189,0.18277257410423,1.9407754427429915,995,9.0,17.0,0.0002816829717342262,0.23870578179645122,0.23870578179645122,,patience_exhausted,True,outputs/again_dense_2hz_phase5_blocked_residual_clean_confirm_20260629_234349/checkpoints/arousal_spike_rows_2_6_train_q90__blocked_temporal_70_30__fold1__shuffled_pca_residual__monotonic_do_no_harm_residual__regression_plus_binary__20260627__best.npz,0dfecbd5039146e40a44688e3e70baed,7.362359610851854e-05,0.011720338836312294,0.836592972278595,0.6627945002914789,0.007322517808647681,-0.0001113607382312587,-0.0015083498099422166
again_dense_2hz_phase5_blocked_residual_clean_confirm_v1,arousal_spike_rows_2_6_train_q90,blocked_temporal_70_30,blocked_temporal_70_30,1,20260627,temporal_mean_2s_then_pca256,monotonic_do_no_harm_residual,random_pca_residual,regression_plus_binary,162758,70331,True,True,False,b5b309c5555a7dc64417d640c6f01114,695629cbd47953323ea7a413bc945deb,0.0002953846839171548,0.012768659079289701,0.001898569636978209,0.1550147384405136,False,true_inner_val_labels,true_train_labels,true_heldout_labels,-1.8506428956985475,0.26700380071798197,0.7428599959994664,0.32866924679964277,0.2686131386861314,0.4233128834355828,0.6395205209409185,0.057778988033533096,0.008263861760497093,0.09090578507717258,0.3412748413710065,0.25943043967133617,0.2089589843687985,0.44176136363636365,0.03974948875255624,3.9710529736591376,0.19240547716617584,0.14156456291675568,0.3764572078475974,0.16922290388548059,3.3840250364429156,0.14634321630001068,0.09550230205059052,0.32385555871481375,0.2911554192229039,2.911181658994321,0.1221853718161583,0.07134445756673813,0.3282737755171809,0.6449575724787752,0.1811577778493705,1.9434596789557785,995,6.0,14.0,0.0002908301639501232,0.23870578179645122,0.23870578179645122,,patience_exhausted,True,outputs/again_dense_2hz_phase5_blocked_residual_clean_confirm_20260629_234349/checkpoints/arousal_spike_rows_2_6_train_q90__blocked_temporal_70_30__fold1__random_pca_residual__monotonic_do_no_harm_residual__regression_plus_binary__20260627__best.npz,61a319034dfecc9b6ee708a4cb697be5,0.00011961243581026793,0.01315223053097725,0.8315430879592896,0.6521448578862806,0.004820065120643813,-0.00010321543373648101,-0.0015090444342557852
again_dense_2hz_phase5_blocked_residual_clean_confirm_v1,arousal_spike_rows_2_6_train_q90,blocked_temporal_70_30,blocked_temporal_70_30,1,20260627,temporal_mean_2s_then_pca256,monotonic_do_no_harm_residual,label_permutation_residual_permuted_inner_val_selection,regression_plus_binary,162758,70331,True,True,False,b5b309c5555a7dc64417d640c6f01114,695629cbd47953323ea7a413bc945deb,0.00028045963169037735,0.0,0.0017513905186206102,0.022103145718574524,False,permuted_inner_val_labels,permuted_train_labels,true_heldout_labels,-1.850809478759766,0.2669888756657552,0.7428516564426993,0.32861892710039203,0.26859738784781373,0.42318507157464214,0.6394726132186488,0.057234615087509155,0.008247262798249722,0.09081444157318659,0.3470152914352049,0.2675670259799536,0.2088741081269054,0.4403409090909091,0.03962167689161554,3.958284314579848,0.19224095344543457,0.1414000391960144,0.3764572078475974,0.16922290388548059,3.3840250364429156,0.14631874859333038,0.09547783434391022,0.32371339209553596,0.2910276073619632,2.9099037039201354,0.1221621185541153,0.07132120430469513,0.327931681876521,0.646377253659429,0.15710679714425774,1.9394760283945292,995,4.0,12.0,3.12310577061381e-05,0.10297994555773166,0.23870578179645122,,patience_exhausted,True,outputs/again_dense_2hz_phase5_blocked_residual_clean_confirm_20260629_234349/checkpoints/arousal_spike_rows_2_6_train_q90__blocked_temporal_70_30__fold1__label_permutation_residual_permuted_inner_val_selection__monotonic_do_no_harm_residual__regression_plus_binary__20260627__best.npz,2929ff6e13069f592478e40a4bf81661,0.006225913763046265,0.017970837652683258,0.05241493880748749,0.9414340760120004,0.0,-0.00011155499050352624,-0.0015939206761488856
again_dense_2hz_phase5_blocked_residual_clean_confirm_v1,arousal_spike_rows_2_6_train_q90,blocked_temporal_70_30,blocked_temporal_70_30,1,20260627,temporal_mean_2s_then_pca256,monotonic_do_no_harm_residual,label_permutation_fixed_epoch_audit,regression_plus_binary,162758,70331,True,True,False,b5b309c5555a7dc64417d640c6f01114,695629cbd47953323ea7a413bc945deb,0.00029081721465656907,0.012768659079289701,0.0018379800021648407,0.1513325721025467,False,permuted_inner_val_labels,permuted_train_labels,true_heldout_labels,-1.8506822109222418,0.2669992332487214,0.7428532850946461,0.32870186581976973,0.26865671641791045,0.4233128834355828,0.6395365191491191,0.057337891310453415,0.008250235579907894,0.09083080743837904,0.34594275001819524,0.2658720255206901,0.20891747762011278,0.44176136363636365,0.03974948875255624,3.9710529736591376,0.19240547716617584,0.14156456291675568,0.376741541086153,0.16935071574642127,3.3865809465912866,0.14636871218681335,0.09552779793739319,0.32385555871481375,0.2911554192229039,2.911181658994321,0.1221853718161583,0.07134445756673813,0.3298093398336012,0.6460246890896486,0.17062508560526704,1.9494382050660761,995,9.0,9.0,-4.615828468584882e-06,0.0990038971415744,0.23870578179645122,9.0,fixed_epoch_selected,True,outputs/again_dense_2hz_phase5_blocked_residual_clean_confirm_20260629_234349/checkpoints/arousal_spike_rows_2_6_train_q90__blocked_temporal_70_30__fold1__label_permutation_fixed_epoch_audit__monotonic_do_no_harm_residual__regression_plus_binary__20260627__best.npz,ce3f9ad0b8fdf0edef3a9c7106fc0987,0.0002471038606017828,0.012556880712509155,0.8116897940635681,0.6601782997540203,0.004962249932462214,-0.00010992633855677614,-0.0015505511829415064
again_dense_2hz_phase5_blocked_residual_clean_confirm_v1,arousal_spike_rows_2_6_train_q90,blocked_temporal_70_30,blocked_temporal_70_30,1,20260627,temporal_mean_2s_then_pca256,monotonic_do_no_harm_residual,train_only_video_mean_pca_residual,regression_plus_binary,162758,70331,True,True,False,b5b309c5555a7dc64417d640c6f01114,695629cbd47953323ea7a413bc945deb,0.00038707761693712595,0.0,0.0018162875203415751,0.03176715597510338,False,true_inner_val_labels,true_train_labels,true_heldout_labels,-1.8506939172744759,0.26709549365100194,0.7429677702273215,0.32861892710039203,0.26859738784781373,0.42318507157464214,0.6394726132186488,0.057248007506132126,0.008245929144322872,0.09080709853487706,0.3471744720787136,0.2681250659276144,0.20901980241539717,0.4403409090909091,0.03962167689161554,3.958284314579848,0.19224095344543457,0.1414000391960144,0.3764572078475974,0.16922290388548059,3.3840250364429156,0.14631874859333038,0.09547783434391022,0.32371339209553596,0.2910276073619632,2.9099037039201354,0.1221621185541153,0.07132120430469513,0.3300809316059205,0.6469213536257847,0.26770723300415294,1.920840244001058,995,4.0,12.0,0.00026629160789012896,0.23870578179645122,0.23870578179645122,,patience_exhausted,True,outputs/again_dense_2hz_phase5_blocked_residual_clean_confirm_20260629_234349/checkpoints/arousal_spike_rows_2_6_train_q90__blocked_temporal_70_30__fold1__train_only_video_mean_pca_residual__monotonic_do_no_harm_residual__regression_plus_binary__20260627__best.npz,e5006a0704164f125c0a3ddccb274b00,0.004548436496406794,0.017264770343899727,0.06445364654064178,0.9106510642533164,0.0,4.558794118647569e-06,-0.0014482263876571255
again_dense_2hz_phase5_blocked_residual_clean_confirm_v1,arousal_spike_rows_2_6_train_q90,blocked_temporal_70_30,blocked_temporal_70_30,1,20260627,temporal_mean_2s_then_pca256,monotonic_do_no_harm_residual,full_video_video_mean_pca_residual_oracle_warning,regression_plus_binary,162758,70331,True,True,False,b5b309c5555a7dc64417d640c6f01114,695629cbd47953323ea7a413bc945deb,0.0004032038512357672,0.0,0.0017702578334137797,0.02088848315179348,False,true_inner_val_labels,true_train_labels,true_heldout_labels,-1.8508061647415164,0.2671116198853006,0.742971805562685,0.32861892710039203,0.26859738784781373,0.42318507157464214,0.6394726132186488,0.057235363870859146,0.008247283287346363,0.09081455438059674,0.3470082990855301,0.2675335163768609,0.20901646084012623,0.4403409090909091,0.03962167689161554,3.958284314579848,0.19224095344543457,0.1414000391960144,0.3764572078475974,0.16922290388548059,3.3840250364429156,0.14631874859333038,0.09547783434391022,0.32371339209553596,0.2910276073619632,2.9099037039201354,0.1221621185541153,0.07132120430469513,0.3300809316059205,0.6469213536257847,0.26770723300415294,1.920840244001058,995,3.0,11.0,0.00027033861185915553,0.23870578179645122,0.23870578179645122,,patience_exhausted,True,outputs/again_dense_2hz_phase5_blocked_residual_clean_confirm_20260629_234349/checkpoints/arousal_spike_rows_2_6_train_q90__blocked_temporal_70_30__fold1__full_video_video_mean_pca_residual_oracle_warning__monotonic_do_no_harm_residual__regression_plus_binary__20260627__best.npz,3cb60b56d8d7f6f2bdd56c3a69954550,0.006470502354204655,0.01728746108710766,0.045581236481666565,0.9669420312522217,0.0,8.594129482175639e-06,-0.0014515679629280576
again_dense_2hz_phase5_blocked_residual_clean_confirm_v1,arousal_spike_rows_2_6_train_q90,blocked_temporal_70_30,blocked_temporal_70_30,1,20260627,temporal_mean_2s_then_pca256,monotonic_do_no_harm_residual,diagnostics_only_residual,regression_plus_binary,162758,70331,True,True,False,b5b309c5555a7dc64417d640c6f01114,695629cbd47953323ea7a413bc945deb,0.0002885943906503763,0.012768659079289701,0.001998088089749217,0.19512487947940826,False,true_inner_val_labels,true_train_labels,true_heldout_labels,-1.8504633903503418,0.2669970104247152,0.7428562193263394,0.32853740821591587,0.26848848524164776,0.42318507157464214,0.6394326176981471,0.057686250656843185,0.008259540423750877,0.0908820137527271,0.3425115288004045,0.2609797957814529,0.2089714975422398,0.44176136363636365,0.03974948875255624,3.9710529736591376,0.19240547716617584,0.14156456291675568,0.376741541086153,0.16935071574642127,3.3865809465912866,0.14639797806739807,0.0955570638179779,0.32385555871481375,0.2911554192229039,2.911181658994321,0.1221853718161583,0.07134445756673813,0.3294012663239265,0.644475344043345,0.18674596063604498,1.9494382050660761,995,12.0,20.0,0.00029485829253603213,0.23870578179645122,0.23870578179645122,,patience_exhausted,True,outputs/again_dense_2hz_phase5_blocked_residual_clean_confirm_20260629_234349/checkpoints/arousal_spike_rows_2_6_train_q90__blocked_temporal_70_30__fold1__diagnostics_only_residual__monotonic_do_no_harm_residual__regression_plus_binary__20260627__best.npz,55305ead4ac16b7b2c4d02348874c972,4.297272607800551e-05,0.011658514849841595,0.9559128284454346,0.6438270463949041,0.05532411027854005,-0.00010699210686349048,-0.0014965312608145043
again_dense_2hz_phase5_blocked_residual_clean_confirm_v1,arousal_spike_rows_2_6_train_q90,blocked_temporal_70_30,blocked_temporal_70_30,1,20260628,temporal_mean_2s_then_pca256,monotonic_do_no_harm_residual,frozen_ar_only,regression_plus_binary,162758,70331,True,True,False,b5b309c5555a7dc64417d640c6f01114,695629cbd47953323ea7a413bc945deb,0.0,0.0,0.0,0.0,True,not_applicable,not_applicable,true_heldout_labels,-1.7035337686538696,0.2667084160340648,0.7429632114332029,0.32155322862129143,0.280441400304414,0.37678936605316976,0.6278894596116074,0.057235460728406906,0.008247229270637035,0.09081425697894045,0.34701638735279194,0.2691063569331542,0.2104680288030543,0.4403409090909091,0.03962167689161554,3.958284314579848,0.19224095344543457,0.1414000391960144,0.3764572078475974,0.16922290388548059,3.3840250364429156,0.14631874859333038,0.09547783434391022,0.32371339209553596,0.2910276073619632,2.9099037039201354,0.1221621185541153,0.07132120430469513,0.3300809316059205,0.6469213536257847,0.26770723300415294,1.920840244001058,995,,,,,,,,,,,,,,,,,
again_dense_2hz_phase5_blocked_residual_clean_confirm_v1,arousal_spike_rows_2_6_train_q90,blocked_temporal_70_30,blocked_temporal_70_30,1,20260628,temporal_mean_2s_then_pca256,monotonic_do_no_harm_residual,real_residual,regression_plus_binary,162758,70331,True,True,False,b5b309c5555a7dc64417d640c6f01114,695629cbd47953323ea7a413bc945deb,0.00037962026737309307,0.0,0.0020199294667690992,0.06784456968307495,False,true_inner_val_labels,true_train_labels,true_heldout_labels,-1.8507557392120362,0.2670880363014379,0.7429472265159472,0.32870186581976973,0.26865671641791045,0.4233128834355828,0.6395365191491191,0.05793187394738197,0.00824830960482359,0.09082020482702949,0.34192880689585,0.2616825400410399,0.20903162179634255,0.4403409090909091,0.03962167689161554,3.958284314579848,0.19224095344543457,0.1414000391960144,0.3764572078475974,0.16922290388548059,3.3840250364429156,0.14632996916770935,0.09548905491828918,0.32385555871481375,0.2911554192229039,2.911181658994321,0.1221853718161583,0.07134445756673813,0.32970092932629913,0.6484283837729471,0.16895614696720387,1.9581009673891605,995,9.0,17.0,0.00032005203751261924,0.23870578179645122,0.23870578179645122,,patience_exhausted,True,outputs/again_dense_2hz_phase5_blocked_residual_clean_confirm_20260629_234349/checkpoints/arousal_spike_rows_2_6_train_q90__blocked_temporal_70_30__fold1__real_residual__monotonic_do_no_harm_residual__regression_plus_binary__20260628__best.npz,8117df464b68e562366cfca6b838d346,0.0003777241799980402,0.012467529624700546,0.36261823773384094,0.7288962193058538,0.0010237306450924912,-1.5984917255629227e-05,-0.001436407006711743
again_dense_2hz_phase5_blocked_residual_clean_confirm_v1,arousal_spike_rows_2_6_train_q90,blocked_temporal_70_30,blocked_temporal_70_30,1,20260628,temporal_mean_2s_then_pca256,monotonic_do_no_harm_residual,shuffled_pca_residual,regression_plus_binary,162758,70331,True,True,False,b5b309c5555a7dc64417d640c6f01114,695629cbd47953323ea7a413bc945deb,0.00028457364613665437,0.012768659079289701,0.0020025158300995827,0.1892852485179901,False,true_inner_val_labels,true_train_labels,true_heldout_labels,-1.8504942893981935,0.26699298968020146,0.7428527923073025,0.32857001091594723,0.26853203568532036,0.42318507157464214,0.6394486159063477,0.05764445662498474,0.008258565329015255,0.09087664897549455,0.34284766167045233,0.26234750277600294,0.20894795920431677,0.44176136363636365,0.03974948875255624,3.9710529736591376,0.19240547716617584,0.14156456291675568,0.3764572078475974,0.16922290388548059,3.3840250364429156,0.14634321630001068,0.09550230205059052,0.32385555871481375,0.2911554192229039,2.911181658994321,0.1221853718161583,0.07134445756673813,0.32838221835342246,0.6457412278567902,0.1818220721509823,1.9559352768083893,995,12.0,20.0,0.0002877999991837965,0.23870578179645122,0.23870578179645122,,patience_exhausted,True,outputs/again_dense_2hz_phase5_blocked_residual_clean_confirm_20260629_234349/checkpoints/arousal_spike_rows_2_6_train_q90__blocked_temporal_70_30__fold1__shuffled_pca_residual__monotonic_do_no_harm_residual__regression_plus_binary__20260628__best.npz,b364d4b7b59ab836bd9d83ab77e49007,6.355924415402114e-05,0.01737476885318756,0.9155391454696655,0.6058352646770272,0.027939315522315905,-0.00011041912590037395,-0.0015200695987375168
again_dense_2hz_phase5_blocked_residual_clean_confirm_v1,arousal_spike_rows_2_6_train_q90,blocked_temporal_70_30,blocked_temporal_70_30,1,20260628,temporal_mean_2s_then_pca256,monotonic_do_no_harm_residual,random_pca_residual,regression_plus_binary,162758,70331,True,True,False,b5b309c5555a7dc64417d640c6f01114,695629cbd47953323ea7a413bc945deb,0.0002926598792249435,0.012768659079289701,0.001940144575200975,0.16077947616577148,False,true_inner_val_labels,true_train_labels,true_heldout_labels,-1.8505462646484376,0.26700107591328975,0.7428558011727634,0.32860262008733626,0.2685756002595717,0.42318507157464214,0.6394646141145484,0.05778934061527252,0.008263764902949333,0.0909052523397264,0.34123439693769725,0.25936254593166486,0.20895680827603022,0.44176136363636365,0.03974948875255624,3.9710529736591376,0.19240547716617584,0.14156456291675568,0.3764572078475974,0.16922290388548059,3.3840250364429156,0.14634321630001068,0.09550230205059052,0.32385555871481375,0.2911554192229039,2.911181658994321,0.1221853718161583,0.07134445756673813,0.3279895937186881,0.6451616726015458,0.1826912584653477,1.9494382050660761,995,9.0,17.0,0.00028851846820673877,0.23870578179645122,0.23870578179645122,,patience_exhausted,True,outputs/again_dense_2hz_phase5_blocked_residual_clean_confirm_20260629_234349/checkpoints/arousal_spike_rows_2_6_train_q90__blocked_temporal_70_30__fold1__random_pca_residual__monotonic_do_no_harm_residual__regression_plus_binary__20260628__best.npz,db8c227e8a0d67cd0177784b64bb8cc7,9.34384370339103e-05,0.014721411280333996,0.8409519195556641,0.6401444597688075,0.006199257795282308,-0.00010741026043947777,-0.0015112205270240708
again_dense_2hz_phase5_blocked_residual_clean_confirm_v1,arousal_spike_rows_2_6_train_q90,blocked_temporal_70_30,blocked_temporal_70_30,1,20260628,temporal_mean_2s_then_pca256,monotonic_do_no_harm_residual,label_permutation_residual_permuted_inner_val_selection,regression_plus_binary,162758,70331,True,True,False,b5b309c5555a7dc64417d640c6f01114,695629cbd47953323ea7a413bc945deb,0.0002908430617256097,0.0,0.001785456552170217,0.032318364828825,False,permuted_inner_val_labels,permuted_train_labels,true_heldout_labels,-1.8508121252059937,0.2669992590957904,0.7429296824686106,0.32861892710039203,0.26859738784781373,0.42318507157464214,0.6394726132186488,0.05723603069782257,0.008247165940701962,0.09081390829989623,0.3470254159772762,0.26752080246720955,0.20889336329773645,0.4403409090909091,0.03962167689161554,3.958284314579848,0.19224095344543457,0.1414000391960144,0.3764572078475974,0.16922290388548059,3.3840250364429156,0.14631874859333038,0.09547783434391022,0.32371339209553596,0.2910276073619632,2.9099037039201354,0.1221621185541153,0.07132120430469513,0.3288914888346255,0.646759936932302,0.17706002719999192,1.939812913595982,995,1.0,9.0,1.1351189424385622e-06,0.10080774796252887,0.23870578179645122,,patience_exhausted,True,outputs/again_dense_2hz_phase5_blocked_residual_clean_confirm_20260629_234349/checkpoints/arousal_spike_rows_2_6_train_q90__blocked_temporal_70_30__fold1__label_permutation_residual_permuted_inner_val_selection__monotonic_do_no_harm_residual__regression_plus_binary__20260628__best.npz,fed383ba2781b407af4c850a33e9fbe0,0.007690774742513895,0.025048745796084404,0.0814049020409584,0.831695838250558,0.0,-3.3528964592299815e-05,-0.001574665505317846
again_dense_2hz_phase5_blocked_residual_clean_confirm_v1,arousal_spike_rows_2_6_train_q90,blocked_temporal_70_30,blocked_temporal_70_30,1,20260628,temporal_mean_2s_then_pca256,monotonic_do_no_harm_residual,label_permutation_fixed_epoch_audit,regression_plus_binary,162758,70331,True,True,False,b5b309c5555a7dc64417d640c6f01114,695629cbd47953323ea7a413bc945deb,0.0002924465835944523,0.012768659079289701,0.0018287486163899302,0.17214776575565338,False,permuted_inner_val_labels,permuted_train_labels,true_heldout_labels,-1.8506535291671753,0.26700086261765926,0.742866610800531,0.3286855555004218,0.2686349257847352,0.4233128834355828,0.6395285200450187,0.0571446567773819,0.008245743811130524,0.090806078051695,0.347781574654463,0.268260163689488,0.20893152515143482,0.44176136363636365,0.03974948875255624,3.9710529736591376,0.19240547716617584,0.14156456291675568,0.3764572078475974,0.16922290388548059,3.3840250364429156,0.14631392061710358,0.09547300636768341,0.32385555871481375,0.2911554192229039,2.911181658994321,0.1221853718161583,0.07134445756673813,0.3282932524602815,0.6457655793577338,0.18661044413005676,1.9386097521622205,995,9.0,9.0,-1.897522802621343e-06,0.10024616856033348,0.23870578179645122,9.0,fixed_epoch_selected,True,outputs/again_dense_2hz_phase5_blocked_residual_clean_confirm_20260629_234349/checkpoints/arousal_spike_rows_2_6_train_q90__blocked_temporal_70_30__fold1__label_permutation_fixed_epoch_audit__monotonic_do_no_harm_residual__regression_plus_binary__20260628__best.npz,20fb51ab267429df15f549c189cec8a7,0.00020481717365328223,0.0158346276730299,0.8557318449020386,0.6187172086277744,0.012526481921201177,-9.66006326719171e-05,-0.0015365036516194752
again_dense_2hz_phase5_blocked_residual_clean_confirm_v1,arousal_spike_rows_2_6_train_q90,blocked_temporal_70_30,blocked_temporal_70_30,1,20260628,temporal_mean_2s_then_pca256,monotonic_do_no_harm_residual,train_only_video_mean_pca_residual,regression_plus_binary,162758,70331,True,True,False,b5b309c5555a7dc64417d640c6f01114,695629cbd47953323ea7a413bc945deb,0.0002866357825642152,0.0,0.0017800854984670877,0.02211042307317257,False,true_inner_val_labels,true_train_labels,true_heldout_labels,-1.8507870197296143,0.266995051816629,0.7428965818813978,0.32861892710039203,0.26859738784781373,0.42318507157464214,0.6394726132186488,0.05723736435174942,0.008247273042798042,0.09081449797690919,0.3469990627767214,0.26742169662202714,0.20888602916231538,0.4403409090909091,0.03962167689161554,3.958284314579848,0.19224095344543457,0.1414000391960144,0.3764572078475974,0.16922290388548059,3.3840250364429156,0.14631874859333038,0.09547783434391022,0.32371339209553596,0.2910276073619632,2.9099037039201354,0.1221621185541153,0.07132120430469513,0.3300809316059205,0.6469213536257847,0.26770723300415294,1.920840244001058,995,2.0,10.0,0.00022398614700344655,0.23870578179645122,0.23870578179645122,,patience_exhausted,True,outputs/again_dense_2hz_phase5_blocked_residual_clean_confirm_20260629_234349/checkpoints/arousal_spike_rows_2_6_train_q90__blocked_temporal_70_30__fold1__train_only_video_mean_pca_residual__monotonic_do_no_harm_residual__regression_plus_binary__20260628__best.npz,296993ef99e92c6fc5334df1c6ccaeaf,0.005535487551242113,0.018936246633529663,0.0475958026945591,0.958908589384482,0.0,-6.662955180503083e-05,-0.001581999640738907
again_dense_2hz_phase5_blocked_residual_clean_confirm_v1,arousal_spike_rows_2_6_train_q90,blocked_temporal_70_30,blocked_temporal_70_30,1,20260628,temporal_mean_2s_then_pca256,monotonic_do_no_harm_residual,full_video_video_mean_pca_residual_oracle_warning,regression_plus_binary,162758,70331,True,True,False,b5b309c5555a7dc64417d640c6f01114,695629cbd47953323ea7a413bc945deb,0.00028926944030926993,0.012768659079289701,0.002481303410604596,0.2724761366844177,False,true_inner_val_labels,true_train_labels,true_heldout_labels,-1.8502531051635742,0.2669976854743741,0.7429067238947765,0.32855228547322446,0.26855983772819475,0.42305725971370145,0.6394167063922788,0.05856917425990105,0.008346409536898136,0.09135868616009173,0.3221120733842697,0.22803441626150972,0.20896833506798632,0.44176136363636365,0.03974948875255624,3.9710529736591376,0.19240547716617584,0.14156456291675568,0.3764572078475974,0.16922290388548059,3.3840250364429156,0.14634321630001068,0.09550230205059052,0.32385555871481375,0.2911554192229039,2.911181658994321,0.12220314890146255,0.07136223465204239,0.3300809316059205,0.6469213536257847,0.26770723300415294,1.920840244001058,995,35.0,40.0,0.0003275426863142694,0.23870578179645122,0.23870578179645122,,max_epochs_reached,True,outputs/again_dense_2hz_phase5_blocked_residual_clean_confirm_20260629_234349/checkpoints/arousal_spike_rows_2_6_train_q90__blocked_temporal_70_30__fold1__full_video_video_mean_pca_residual_oracle_warning__monotonic_do_no_harm_residual__regression_plus_binary__20260628__best.npz,12f5a59b742ed3655b6bd0d93627c8f0,9.029130524140783e-06,0.02083355002105236,0.9931904077529907,0.5734171275824317,0.11263880792253772,-5.648753842635301e-05,-0.001499693735067975
again_dense_2hz_phase5_blocked_residual_clean_confirm_v1,arousal_spike_rows_2_6_train_q90,blocked_temporal_70_30,blocked_temporal_70_30,1,20260628,temporal_mean_2s_then_pca256,monotonic_do_no_harm_residual,diagnostics_only_residual,regression_plus_binary,162758,70331,True,True,False,b5b309c5555a7dc64417d640c6f01114,695629cbd47953323ea7a413bc945deb,0.00029063885768909614,0.012768659079289701,0.0019044358050450683,0.16408821940422058,False,true_inner_val_labels,true_train_labels,true_heldout_labels,-1.8506078720092773,0.2669990548917539,0.7428539588433171,0.32857001091594723,0.26853203568532036,0.42318507157464214,0.6394486159063477,0.05771251395344734,0.008261003531515598,0.09089006288652021,0.34212856330145747,0.26048379696317026,0.20896574200774062,0.44176136363636365,0.03974948875255624,3.9710529736591376,0.19240547716617584,0.14156456291675568,0.3764572078475974,0.16922290388548059,3.3840250364429156,0.1463432013988495,0.09550228714942932,0.32385555871481375,0.2911554192229039,2.911181658994321,0.1221853718161583,0.07134445756673813,0.32954956242626576,0.6441061941671713,0.18569429612793398,1.9581009673891605,995,6.0,14.0,0.00028740153062087326,0.23870578179645122,0.23870578179645122,,patience_exhausted,True,outputs/again_dense_2hz_phase5_blocked_residual_clean_confirm_20260629_234349/checkpoints/arousal_spike_rows_2_6_train_q90__blocked_temporal_70_30__fold1__diagnostics_only_residual__monotonic_do_no_harm_residual__regression_plus_binary__20260628__best.npz,a4fe2c4f5840604622db077830cd2933,9.835469245444983e-05,0.01604120060801506,0.8554009199142456,0.6460024740157256,0.003455090927187158,-0.00010925258988581099,-0.0015022867953136676
again_dense_2hz_phase5_blocked_residual_clean_confirm_v1,arousal_spike_rows_2_6_train_q90,blocked_temporal_70_30,blocked_temporal_70_30,1,20260629,temporal_mean_2s_then_pca256,monotonic_do_no_harm_residual,frozen_ar_only,regression_plus_binary,162758,70331,True,True,False,b5b309c5555a7dc64417d640c6f01114,695629cbd47953323ea7a413bc945deb,0.0,0.0,0.0,0.0,True,not_applicable,not_applicable,true_heldout_labels,-1.7035337686538696,0.2667084160340648,0.7429632114332029,0.32155322862129143,0.280441400304414,0.37678936605316976,0.6278894596116074,0.057235460728406906,0.008247229270637035,0.09081425697894045,0.34701638735279194,0.2691063569331542,0.2104680288030543,0.4403409090909091,0.03962167689161554,3.958284314579848,0.19224095344543457,0.1414000391960144,0.3764572078475974,0.16922290388548059,3.3840250364429156,0.14631874859333038,0.09547783434391022,0.32371339209553596,0.2910276073619632,2.9099037039201354,0.1221621185541153,0.07132120430469513,0.3300809316059205,0.6469213536257847,0.26770723300415294,1.920840244001058,995,,,,,,,,,,,,,,,,,
again_dense_2hz_phase5_blocked_residual_clean_confirm_v1,arousal_spike_rows_2_6_train_q90,blocked_temporal_70_30,blocked_temporal_70_30,1,20260629,temporal_mean_2s_then_pca256,monotonic_do_no_harm_residual,real_residual,regression_plus_binary,162758,70331,True,True,False,b5b309c5555a7dc64417d640c6f01114,695629cbd47953323ea7a413bc945deb,0.0003651671243014576,0.0,0.0019522391958162189,0.0876704752445221,False,true_inner_val_labels,true_train_labels,true_heldout_labels,-1.8506500959396364,0.26707358315836627,0.7429076379028371,0.3286515459824309,0.26864097363083167,0.42318507157464214,0.6394886114268494,0.057824812829494476,0.008247154764831066,0.09081384676816122,0.3434611812427774,0.2618428244106868,0.20899321860962772,0.4403409090909091,0.03962167689161554,3.958284314579848,0.19224095344543457,0.1414000391960144,0.3764572078475974,0.16922290388548059,3.3840250364429156,0.1463432013988495,0.09550228714942932,0.32385555871481375,0.2911554192229039,2.911181658994321,0.1221853718161583,0.07134445756673813,0.3285749217318547,0.6462065840400413,0.16564715417210463,1.9494382050660763,995,6.0,14.0,0.00033545929115444406,0.23870578179645122,0.23870578179645122,,patience_exhausted,True,outputs/again_dense_2hz_phase5_blocked_residual_clean_confirm_20260629_234349/checkpoints/arousal_spike_rows_2_6_train_q90__blocked_temporal_70_30__fold1__real_residual__monotonic_do_no_harm_residual__regression_plus_binary__20260629__best.npz,0dd8bb6fee814e63c19084fe240dac8b,0.00035996659426018596,0.012154662050306797,0.5046921372413635,0.7010990885953562,0.00031280658600048344,-5.5573530365782275e-05,-0.0014748101934265734
again_dense_2hz_phase5_blocked_residual_clean_confirm_v1,arousal_spike_rows_2_6_train_q90,blocked_temporal_70_30,blocked_temporal_70_30,1,20260629,temporal_mean_2s_then_pca256,monotonic_do_no_harm_residual,shuffled_pca_residual,regression_plus_binary,162758,70331,True,True,False,b5b309c5555a7dc64417d640c6f01114,695629cbd47953323ea7a413bc945deb,0.00030105699228100136,0.012768659079289701,0.002084902720525861,0.21448782086372375,False,true_inner_val_labels,true_train_labels,true_heldout_labels,-1.8503870964050295,0.2670094730263458,0.7428607167776351,0.32857001091594723,0.26853203568532036,0.42318507157464214,0.6394486159063477,0.05770191550254822,0.00825837254524231,0.09087558828003431,0.3424982678964503,0.26098832866621896,0.20894178835190202,0.44176136363636365,0.03974948875255624,3.9710529736591376,0.19240547716617584,0.14156456291675568,0.376741541086153,0.16935071574642127,3.3865809465912866,0.14639797806739807,0.0955570638179779,0.32371339209553596,0.2910276073619632,2.9099037039201354,0.12217114865779877,0.0713302344083786,0.32816398372345396,0.6454532842634934,0.18033129647199733,1.9518007766087355,995,15.0,23.0,0.00028294152826502383,0.23870578179645122,0.23870578179645122,,patience_exhausted,True,outputs/again_dense_2hz_phase5_blocked_residual_clean_confirm_20260629_234349/checkpoints/arousal_spike_rows_2_6_train_q90__blocked_temporal_70_30__fold1__shuffled_pca_residual__monotonic_do_no_harm_residual__regression_plus_binary__20260629__best.npz,83aa9e3cf589cbb1404eae211c08d119,5.268919630907476e-05,0.02081795409321785,0.9571936726570129,0.5870668695169982,0.05697345409563351,-0.00010249465556777526,-0.0015262404511522665
again_dense_2hz_phase5_blocked_residual_clean_confirm_v1,arousal_spike_rows_2_6_train_q90,blocked_temporal_70_30,blocked_temporal_70_30,1,20260629,temporal_mean_2s_then_pca256,monotonic_do_no_harm_residual,random_pca_residual,regression_plus_binary,162758,70331,True,True,False,b5b309c5555a7dc64417d640c6f01114,695629cbd47953323ea7a413bc945deb,0.0002983919523265044,0.0,0.001889072242192924,0.15239101648330688,False,true_inner_val_labels,true_train_labels,true_heldout_labels,-1.8506338834762575,0.2670068079863913,0.742863099946303,0.32857001091594723,0.26853203568532036,0.42318507157464214,0.6394486159063477,0.05782647430896759,0.008265643380582333,0.09091558381588018,0.3407196263838262,0.2585463817287999,0.20894330450844661,0.4403409090909091,0.03962167689161554,3.958284314579848,0.19227294623851776,0.1414320319890976,0.3764572078475974,0.16922290388548059,3.3840250364429156,0.14634321630001068,0.09550230205059052,0.32385555871481375,0.2911554192229039,2.911181658994321,0.12218537926673889,0.07134446501731873,0.32831042885700995,0.6453324815309771,0.17792212137026917,1.9407754427429915,995,5.0,13.0,0.0002849112671428067,0.23870578179645122,0.23870578179645122,,patience_exhausted,True,outputs/again_dense_2hz_phase5_blocked_residual_clean_confirm_20260629_234349/checkpoints/arousal_spike_rows_2_6_train_q90__blocked_temporal_70_30__fold1__random_pca_residual__monotonic_do_no_harm_residual__regression_plus_binary__20260629__best.npz,697b565b4cb1e19bb31f747e75878fe6,0.00012611268903128803,0.012240618467330933,0.832339882850647,0.6599792410174745,0.0058864512092818245,-0.00010011148689992311,-0.0015247242946076767
again_dense_2hz_phase5_blocked_residual_clean_confirm_v1,arousal_spike_rows_2_6_train_q90,blocked_temporal_70_30,blocked_temporal_70_30,1,20260629,temporal_mean_2s_then_pca256,monotonic_do_no_harm_residual,label_permutation_residual_permuted_inner_val_selection,regression_plus_binary,162758,70331,True,True,False,b5b309c5555a7dc64417d640c6f01114,695629cbd47953323ea7a413bc945deb,0.0,0.0,0.0,0.0,True,permuted_inner_val_labels,permuted_train_labels,true_heldout_labels,-1.7035337686538696,0.2667084160340648,0.7429632114332029,0.32155322862129143,0.280441400304414,0.37678936605316976,0.6278894596116074,0.057235460728406906,0.008247229270637035,0.09081425697894045,0.34701638735279194,0.2691063569331542,0.2104680288030543,0.4403409090909091,0.03962167689161554,3.958284314579848,0.19224095344543457,0.1414000391960144,0.3764572078475974,0.16922290388548059,3.3840250364429156,0.14631874859333038,0.09547783434391022,0.32371339209553596,0.2910276073619632,2.9099037039201354,0.1221621185541153,0.07132120430469513,0.3300809316059205,0.6469213536257847,0.26770723300415294,1.920840244001058,995,0.0,8.0,0.0,0.09995733738546027,0.23870578179645122,,patience_exhausted,False,,,0.0,0.0,0.0,1.0,0.0,0.0,0.0
again_dense_2hz_phase5_blocked_residual_clean_confirm_v1,arousal_spike_rows_2_6_train_q90,blocked_temporal_70_30,blocked_temporal_70_30,1,20260629,temporal_mean_2s_then_pca256,monotonic_do_no_harm_residual,label_permutation_fixed_epoch_audit,regression_plus_binary,162758,70331,True,True,False,b5b309c5555a7dc64417d640c6f01114,695629cbd47953323ea7a413bc945deb,0.00031353556908392255,0.0,0.0017583571607246995,0.057839978486299515,False,permuted_inner_val_labels,permuted_train_labels,true_heldout_labels,-1.8507969617843631,0.26702195160314873,0.7428519979177464,0.32861892710039203,0.26859738784781373,0.42318507157464214,0.6394726132186488,0.05724387988448143,0.008247395046055317,0.09081516969127634,0.34694616478761797,0.2674850642165812,0.20888383537161317,0.4403409090909091,0.03962167689161554,3.958284314579848,0.19224095344543457,0.1414000391960144,0.3764572078475974,0.16922290388548059,3.3840250364429156,0.14632995426654816,0.09548904001712799,0.32385555871481375,0.2911554192229039,2.911181658994321,0.1221853718161583,0.07134445756673813,0.3272831861916546,0.643933367692478,0.16747032222895744,1.9419786041767533,995,6.0,6.0,8.471996046394148e-06,0.10455058240909315,0.23870578179645122,6.0,fixed_epoch_selected,True,outputs/again_dense_2hz_phase5_blocked_residual_clean_confirm_20260629_234349/checkpoints/arousal_spike_rows_2_6_train_q90__blocked_temporal_70_30__fold1__label_permutation_fixed_epoch_audit__monotonic_do_no_harm_residual__regression_plus_binary__20260629__best.npz,2471ffc51cf619bfa64b8221030c0370,0.002771432977169752,0.019632110372185707,0.25895172357559204,0.7119904451806458,0.0,-0.0001112135154565097,-0.0015841934314411166
again_dense_2hz_phase5_blocked_residual_clean_confirm_v1,arousal_spike_rows_2_6_train_q90,blocked_temporal_70_30,blocked_temporal_70_30,1,20260629,temporal_mean_2s_then_pca256,monotonic_do_no_harm_residual,train_only_video_mean_pca_residual,regression_plus_binary,162758,70331,True,True,False,b5b309c5555a7dc64417d640c6f01114,695629cbd47953323ea7a413bc945deb,0.00045436675134397086,0.012768659079289701,0.0025616015773266554,0.22185756266117096,False,true_inner_val_labels,true_train_labels,true_heldout_labels,-1.8502529859542851,0.2671627827854088,0.743040359234367,0.32871817775792767,0.2686785105865174,0.4233128834355828,0.6395445182532195,0.058259617537260056,0.008274056948721409,0.09096184336699323,0.33498654419563434,0.24002342158148554,0.20909166281552466,0.44176136363636365,0.03974948875255624,3.9710529736591376,0.1929648518562317,0.14212393760681152,0.3764572078475974,0.16922290388548059,3.3840250364429156,0.14634859561920166,0.0955076813697815,0.32371339209553596,0.2910276073619632,2.9099037039201354,0.12216106057167053,0.07132014632225037,0.3300809316059205,0.6469213536257847,0.26770723300415294,1.920840244001058,995,40.0,40.0,0.0003055475439697475,0.23870578179645122,0.23870578179645122,,max_epochs_reached,True,outputs/again_dense_2hz_phase5_blocked_residual_clean_confirm_20260629_234349/checkpoints/arousal_spike_rows_2_6_train_q90__blocked_temporal_70_30__fold1__train_only_video_mean_pca_residual__monotonic_do_no_harm_residual__regression_plus_binary__20260629__best.npz,9a2ebecaaa582ce45ae485e3c1848a5a,2.7522723030415364e-05,0.013121351599693298,0.9904709458351135,0.6005459896773827,0.08751475167422616,7.714780116407916e-05,-0.001376365987529632
again_dense_2hz_phase5_blocked_residual_clean_confirm_v1,arousal_spike_rows_2_6_train_q90,blocked_temporal_70_30,blocked_temporal_70_30,1,20260629,temporal_mean_2s_then_pca256,monotonic_do_no_harm_residual,full_video_video_mean_pca_residual_oracle_warning,regression_plus_binary,162758,70331,True,True,False,b5b309c5555a7dc64417d640c6f01114,695629cbd47953323ea7a413bc945deb,0.00039262409246432206,0.0,0.0025093024596571922,0.23695367574691772,False,true_inner_val_labels,true_train_labels,true_heldout_labels,-1.8500515222549438,0.26710104012652913,0.743003663957735,0.3287508064916373,0.26872210953346853,0.4233128834355828,0.6395605164614202,0.05822303518652916,0.008298343047499657,0.09109524162929508,0.3314569766065732,0.23671887249190193,0.2090300456642789,0.4403409090909091,0.03962167689161554,3.958284314579848,0.19224096834659576,0.1414000540971756,0.3764572078475974,0.16922290388548059,3.3840250364429156,0.1463380604982376,0.09549714624881744,0.32371339209553596,0.2910276073619632,2.9099037039201354,0.1221788302063942,0.07133791595697403,0.3300809316059205,0.6469213536257847,0.26770723300415294,1.920840244001058,995,39.0,40.0,0.000290446581856757,0.23870578179645122,0.23870578179645122,,max_epochs_reached,True,outputs/again_dense_2hz_phase5_blocked_residual_clean_confirm_20260629_234349/checkpoints/arousal_spike_rows_2_6_train_q90__blocked_temporal_70_30__fold1__full_video_video_mean_pca_residual_oracle_warning__monotonic_do_no_harm_residual__regression_plus_binary__20260629__best.npz,61c009106f90387c11a3ca2bf726f8c0,2.7818425223813392e-05,0.014755687676370144,0.98587566614151,0.5910764812102771,0.08526823164749542,4.045252453210857e-05,-0.0014379831387753839
again_dense_2hz_phase5_blocked_residual_clean_confirm_v1,arousal_spike_rows_2_6_train_q90,blocked_temporal_70_30,blocked_temporal_70_30,1,20260629,temporal_mean_2s_then_pca256,monotonic_do_no_harm_residual,diagnostics_only_residual,regression_plus_binary,162758,70331,True,True,False,b5b309c5555a7dc64417d640c6f01114,695629cbd47953323ea7a413bc945deb,0.0003021183298691499,0.012768659079289701,0.0018881546566262841,0.16460883617401123,False,true_inner_val_labels,true_train_labels,true_heldout_labels,-1.850608468055725,0.26701053436393396,0.7428659983946828,0.32863663425282796,0.2685695750891988,0.4233128834355828,0.6395045227327177,0.057686783373355865,0.008260224014520645,0.09088577454431823,0.34239761799543056,0.2607280547856048,0.20897075508532378,0.44176136363636365,0.03974948875255624,3.9710529736591376,0.19240547716617584,0.14156456291675568,0.376741541086153,0.16935071574642127,3.3865809465912866,0.14639797806739807,0.0955570638179779,0.32385555871481375,0.2911554192229039,2.911181658994321,0.1221853718161583,0.07134445756673813,0.3298390379933222,0.6450867109384814,0.1861145859847299,1.9581009673891605,995,9.0,17.0,0.00028140862311218373,0.23870578179645122,0.23870578179645122,,patience_exhausted,True,outputs/again_dense_2hz_phase5_blocked_residual_clean_confirm_20260629_234349/checkpoints/arousal_spike_rows_2_6_train_q90__blocked_temporal_70_30__fold1__diagnostics_only_residual__monotonic_do_no_harm_residual__regression_plus_binary__20260629__best.npz,83e1044de2469b9eae4c86c708489135,7.159425877034664e-05,0.01316963229328394,0.8707973957061768,0.6427037863815387,0.006256131720009669,-9.721303852006091e-05,-0.0014972737177305073
